customer_id,customer_name,email,phone,address,city,state,zip_code,country,signup_date,customer_segment
CUST-10001,Julia Lewis,julia.lewis238@outlook.com,+1-954-304-9935,1524 Highland Dr,Montgomery,AL,,United States,2026-04-10,Consumer
CUST-10002,Sharon Reyes,sharon.reyes213@corporate.com,+1-425-659-5557,206 Maple Rd,Milwaukee,WI,83563,United States,2023-08-01,Consumer
CUST-10003,Michelle Parker,michelle.parker109@proton.me,+1-552-818-5333,811 Lakeview Ave,Miami,FL,59797,United States,2024-07-11,Consumer
CUST-10004,Dennis Lee,dennis.lee601@icloud.com,+1-921-271-1750,3833 Pine St,Ann Arbor,MI,57400,United States,2023-04-27,Small Business
CUST-10005,Margaret Ross,margaret.ross389@proton.me,+1-414-886-5374,1269 Highland Dr,Springfield,MA,31319,United States,2024-11-08,Consumer
CUST-10006,Gary Adams,gary.adams714@icloud.com,+1-901-532-1916,3852 Main St,Tacoma,WA,93886,United States,2023-10-28,Corporate
CUST-10007,Thomas Diaz,thomas.diaz681@bizmail.io,+1-605-858-8517,2440 Pine St,Stamford,CT,37869,United States,2023-03-27,Consumer
CUST-10008,Jacqueline Ortiz,jacqueline.ortiz380@icloud.com,+1-341-721-9085,1589 Main St,Waterbury,CT,62350,United States,2024-01-05,Corporate
CUST-10009,Kenneth Henderson,kenneth.henderson489@hotmail.com,+1-766-211-2876,8897 Pine St,Vancouver,WA,88104,United States,2026-01-21,Corporate
CUST-10010,Pamela Fisher,pamela.fisher522@outlook.com,+1-719-308-5889,8417 Highland Dr,Boston,MA,44522,United States,2025-07-12,Consumer
CUST-10011,Dorothy Marshall,dorothy.marshall341@bizmail.io,+1-219-314-6947,5138 Cedar Blvd,Salt Lake City,UT,88504,United States,2023-06-10,Consumer
CUST-10012,Christopher Perez,christopher.perez794@outlook.com,+1-331-875-8787,9107 Maple Rd,Portland,OR,79822,United States,2023-09-09,Consumer
CUST-10013,Henry Diaz,henry.diaz418@proton.me,+1-648-729-8397,2082 Cedar Blvd,Baton Rouge,LA,50857,United States,2023-05-23,Consumer
CUST-10014,Jesse Fernandez,jesse.fernandez82@gmail.com,+1-434-269-1514,5513 Oak Ave,Frederick,MD,10942,United States,2025-02-14,Consumer
CUST-10015,Jeremy Diaz,jeremy.diaz600@bizmail.io,+1-448-684-7669,3219 Oak Ave,Springfield,IL,84847,United States,2023-05-23,Consumer
CUST-10016,Henry Bell,henry.bell679@yahoo.com,+1-262-612-6559,1890 Cedar Blvd,Oklahoma City,OK,98259,United States,2023-10-18,Consumer
CUST-10017,Emily Henderson,emily.henderson905@yahoo.com,+1-653-763-2604,928 Broadway,Durham,NC,42742,United States,2025-05-21,Small Business
CUST-10018,Lisa Stewart,lisa.stewart228@corporate.com,+1-260-368-7209,135 Washington Ave,Chandler,AZ,73092,United States,2025-06-25,Consumer
CUST-10019,Peter Kelly,peter.kelly745@bizmail.io,+1-358-394-5861,3666 Main St,Greenville,SC,96752,United States,2024-01-16,Consumer
CUST-10020,Isabella Watson,isabella.watson524@outlook.com,+1-258-720-2312,3144 Oak Ave,Syracuse,NY,72493,United States,2026-02-03,Consumer
CUST-10021,Jacob Russell,jacob.russell602@gmail.com,+1-834-283-7868,9662 Highland Dr,Sparks,NV,42271,United States,2025-09-28,Consumer
CUST-10022,Timothy Watson,timothy.watson697@hotmail.com,+1-668-523-2188,252 Park Blvd,Durham,NC,27154,United States,2025-01-28,Consumer
CUST-10023,Margaret Jackson,margaret.jackson145@proton.me,+1-270-450-7054,4769 Maple Rd,Akron,OH,44760,United States,2023-05-26,Consumer
CUST-10024,Nicole Olson,nicole.olson316@yahoo.com,+1-337-470-2891,1853 Lakeview Ave,Fresno,CA,82692,United States,2023-06-13,Consumer
CUST-10025,Bryan Turner,bryan.turner883@hotmail.com,+1-717-700-5114,932 Oak Ave,Dayton,OH,93130,United States,2024-06-28,Consumer
CUST-10026,Barbara Smith,barbara.smith278@outlook.com,+1-959-652-8007,9289 Main St,Baton Rouge,LA,93507,United States,2024-07-17,Consumer
CUST-10027,Wayne Hill,wayne.hill575@outlook.com,+1-640-330-1685,5150 Elm St,Rochester,NY,86350,United States,2023-05-10,Corporate
CUST-10028,David Alvarez,david.alvarez115@proton.me,+1-998-773-7658,2632 Cedar Blvd,Saint Paul,MN,97416,United States,2025-03-27,Corporate
CUST-10029,Amanda Bell,amanda.bell811@corporate.com,+1-885-952-5065,4471 Maple Rd,Scranton,PA,53540,United States,2026-04-11,Corporate
CUST-10030,  Elizabeth Reynolds  ,elizabeth.reynolds322@icloud.com,+1-428-224-4164,6628 Elm St,Toledo,OH,55830,United States,2025-03-02,Consumer
CUST-10031,Alexis Bailey,alexis.bailey705@proton.me,+1-228-318-5279,3025 Highland Dr,Lakewood,CO,62386,United States,2024-06-11,Small Business
CUST-10032,Betty Tucker,betty.tucker630@yahoo.com,,4273 Main St,Chesapeake,VA,67199,United States,2023-12-24,Corporate
CUST-10033,Jacqueline Gomez,jacqueline.gomez952@proton.me,+1-838-521-3041,5020 Sunset Way,Phoenix,AZ,97062,United States,2024-05-16,Consumer
CUST-10034,Diane Ramos,diane.ramos690@corporate.com,+1-893-966-3851,9424 Pine St,Aurora,IL,65108,United States,2023-04-22,Consumer
CUST-10035,Nicole Kelly,nicole.kelly680@proton.me,+1-676-652-8244,3601 Sunset Way,Scottsdale,AZ,89516,United States,2025-03-27,Consumer
CUST-10036,Russell Baker,russell.baker658@proton.me,+1-295-969-4848,5185 Cedar Blvd,Ann Arbor,MI,97012,United States,2025-12-09,Corporate
CUST-10037,Barbara Morales,barbara.morales434@icloud.com,+1-935-913-7291,8199 Washington Ave,Milwaukee,WI,69692,United States,2023-10-01,Consumer
CUST-10038,Mary Ramirez,mary.ramirez485@gmail.com,+1-770-455-2988,7578 Maple Rd,Augusta,GA,77889,United States,2024-01-12,Corporate
CUST-10039,Ann Tucker,ann.tucker844@corporate.com,+1-761-656-3607,7877 Park Blvd,North Las Vegas,NV,90301,United States,2024-08-20,Consumer
CUST-10040,Julia Peterson,julia.peterson460@yahoo.com,+1-930-492-4841,4551 Elm St,Memphis,TN,45992,United States,2023-06-29,Consumer
CUST-10041,Emily Hill,emily.hill75@corporate.com,+1-617-538-9890,7733 Washington Ave,Spokane,WA,38043,United States,2025-02-12,Consumer
CUST-10042,Maria Chen,maria.chen498@gmail.com,+1-560-505-7389,6965 Sunset Way,Edmond,OK,59857,United States,2026-04-21,Corporate
CUST-10043,Bryan Cruz,bryan.cruz507@gmail.com,+1-598-544-7624,2804 Park Blvd,Columbus,GA,67125,United States,2023-09-05,Small Business
CUST-10044,Gerald Miller,gerald.miller37@yahoo.com,+1-858-638-3223,7664 Maple Rd,Bowie,MD,96900,United States,2024-03-16,Consumer
CUST-10045,Jason Patterson,jason.patterson780@corporate.com,+1-458-283-8705,417 Lakeview Ave,Elizabeth,NJ,46471,United States,2024-07-31,Consumer
CUST-10046,Rachel Edwards,rachel.edwards982@icloud.com,+1-404-220-3496,4008 Maple Rd,New Orleans,LA,14067,United States,2026-01-11,Consumer
CUST-10047,Sharon Graham,sharon.graham630@yahoo.com,+1-996-367-6096,1871 Highland Dr,Shreveport,LA,31992,United States,2024-12-23,Consumer
CUST-10048,Marilyn Long,marilyn.long616@icloud.com,+1-304-913-5941,9937 Oak Ave,Henderson,NV,19961,United States,2024-03-10,Corporate
CUST-10049,David Ruiz,david.ruiz80@proton.me,+1-212-630-9031,1829 Washington Ave,Glendale,AZ,58571,United States,2023-06-05,Small Business
CUST-10050,Christina Flores,christina.flores998@hotmail.com,+1-830-751-8921,7716 Washington Ave,Scranton,PA,78386,United States,2023-12-22,Corporate
CUST-10051,Samuel Morales,samuel.morales778@bizmail.io,+1-783-824-7209,5611 Main St,Durham,NC,41963,United States,2025-12-05,Consumer
CUST-10052,Jeremy Diaz,jeremy.diaz296@hotmail.com,+1-769-210-9464,3230 Oak Ave,Bowling Green,KY,54608,United States,2024-06-04,Consumer
CUST-10053,Sean Morris,sean.morris821@gmail.com,+1-295-501-4630,6725 Lakeview Ave,Fort Collins,CO,68743,United States,2023-09-29,Consumer
CUST-10054,Jack Griffin,jack.griffin773@proton.me,+1-560-919-8434,4538 Pine St,Evansville,IN,65771,United States,2023-04-24,Consumer
CUST-10055,Deborah Watson,deborah.watson206@icloud.com,+1-956-695-5530,9759 Sunset Way,Tuscaloosa,AL,34267,United States,2025-09-29,Consumer
CUST-10056,Deborah Ramos,deborah.ramos24@outlook.com,+1-480-246-1893,9166 Pine St,Norfolk,VA,49618,United States,2025-02-20,Consumer
CUST-10057,Philip Cole,philip.cole301@bizmail.io,+1-690-651-6582,3120 Main St,Oklahoma City,OK,85243,United States,2025-11-02,Consumer
CUST-10058,Sandra Taylor,sandra.taylor654@gmail.com,+1-355-352-5978,1495 Cedar Blvd,Nashville,TN,85631,United States,2024-03-02,Consumer
CUST-10059,Alice Tucker,alice.tucker471@bizmail.io,+1-504-802-8025,5103 Highland Dr,Lake Charles,LA,59856,United States,2025-02-23,Consumer
CUST-10060,Natalie Sanchez,natalie.sanchez686@yahoo.com,+1-360-445-3847,9143 Oak Ave,Colorado Springs,CO,44687,United States,2025-04-01,Consumer
CUST-10061,Wayne Tucker,wayne.tucker305@hotmail.com,+1-919-664-2166,3924 Pine St,Detroit,MI,40340,United States,2023-10-12,Corporate
CUST-10062,Denise Gomez,denise.gomez673@outlook.com,+1-472-345-2169,1077 Maple Rd,St. Petersburg,FL,39466,United States,2024-01-12,Corporate
CUST-10063,Teresa Kelly,teresa.kelly726@corporate.com,+1-478-712-9847,8190 Park Blvd,Jacksonville,FL,,United States,2023-12-14,Consumer
CUST-10064,Nathan Chavez,nathan.chavez994@gmail.com,+1-983-888-5415,9541 Main St,Los Angeles,CA,40005,United States,2025-01-04,Corporate
CUST-10065,Roger Dixon,roger.dixon609@corporate.com,+1-850-703-2494,7800 Elm St,Provo,UT,33788,United States,2023-12-08,Consumer
CUST-10066,Anthony Adams,anthony.adams305@corporate.com,+1-978-763-1601,7551 Oak Ave,Glendale,AZ,74942,United States,2024-07-25,Consumer
CUST-10067,Alexis Russell,alexis.russell900@bizmail.io,+1-623-255-4073,8594 Elm St,Portland,OR,96200,United States,2023-07-13,Consumer
CUST-10068,Olivia Wilson,olivia.wilson959@hotmail.com,+1-648-915-8941,2089 Main St,Winston-Salem,NC,27172,United States,2025-04-10,Small Business
CUST-10069,Kathleen Green,kathleen.green427@yahoo.com,+1-430-316-8560,2024 Broadway,Kansas City,MO,82384,United States,2024-09-02,Corporate
CUST-10070,Marie Howard,marie.howard864@bizmail.io,+1-683-449-8483,9131 Maple Rd,North Charleston,SC,64459,United States,2023-07-24,Consumer
CUST-10071,Christian Wright,christian.wright966@hotmail.com,+1-202-489-5891,9716 Highland Dr,Durham,NC,54548,United States,2026-01-09,Small Business
CUST-10072,Joshua Romero,joshua.romero575@corporate.com,+1-666-529-4090,4012 Highland Dr,Knoxville,TN,53573,United States,2023-05-24,Consumer
CUST-10073,Virginia Lopez,virginia.lopez405@outlook.com,+1-707-237-3068,8329 Highland Dr,Mobile,AL,59968,United States,2024-08-18,Consumer
CUST-10074,Douglas Sanchez,douglas.sanchez749@outlook.com,+1-619-870-3529,1325 Park Blvd,West Jordan,UT,12011,United States,2023-06-19,Corporate
CUST-10075,Doris Jenkins,doris.jenkins889@corporate.com,+1-524-841-8994,8964 Main St,Norman,OK,98389,United States,2025-12-18,Consumer
CUST-10076,Beverly Kelly,beverly.kelly110@yahoo.com,+1-654-370-5906,574 Main St,huntsville,AL,66881,United States,2025-02-20,Consumer
CUST-10077,Nathan Nguyen,nathan.nguyen708@outlook.com,+1-374-379-2293,6367 Highland Dr,South Bend,IN,84177,United States,2025-01-16,Consumer
CUST-10078,Sara Torres,sara.torres271@gmail.com,+1-676-494-9955,2688 Oak Ave,Springfield,MA,70236,United States,2025-02-10,Consumer
CUST-10079,Jesse Kim,jesse.kim875@hotmail.com,+1-403-593-8916,1847 Cedar Blvd,North Charleston,SC,69878,United States,2024-01-14,Consumer
CUST-10080,Pamela Ramos,pamela.ramos18@gmail.com,+1-820-963-9138,4789 Cedar Blvd,Gresham,OR,45976,United States,2026-04-17,Consumer
CUST-10081,Albert Carter,albert.carter109@gmail.com,+1-516-651-1546,9595 Elm St,Saint Paul,MN,92345,United States,2025-01-03,Corporate
CUST-10082,Pamela Wood,pamela.wood815@proton.me,+1-743-713-5465,2795 Pine St,Pittsburgh,PA,27322,United States,2024-02-01,Small Business
CUST-10083,Pamela Gray,pamela.gray782@icloud.com,+1-892-941-7511,9231 Elm St,Boston,MA,28449,United States,2025-10-08,Consumer
CUST-10084,Angela Castro,angela.castro776@hotmail.com,+1-798-590-7086,1875 Broadway,Springfield,MA,,United States,2025-09-20,Consumer
CUST-10085,Ann Wood,ann.wood853@bizmail.io,+1-917-509-7689,2011 Maple Rd,Denver,CO,,United States,2025-03-04,Consumer
CUST-10086,Harold Robinson,harold.robinson407@bizmail.io,+1-579-886-9850,6966 Highland Dr,Savannah,GA,27781,United States,2025-11-13,Corporate
CUST-10087,Adam Munoz,adam.munoz427@hotmail.com,+1-233-906-7070,3659 Park Blvd,Gresham,OR,90694,United States,2025-11-10,Consumer
CUST-10088,Raymond Sanchez,raymond.sanchez417@hotmail.com,+1-394-325-8450,1601 Broadway,Springfield,MO,17936,United States,2024-05-09,Consumer
CUST-10089,Jennifer Gonzalez,jennifer.gonzalez220@yahoo.com,+1-983-767-4394,9707 Cedar Blvd,Augusta,GA,84000,United States,2024-07-17,Corporate
CUST-10090,Bradley Nguyen,bradley.nguyen563@hotmail.com,+1-378-312-1422,2259 Main St,Raleigh,NC,27038,United States,2026-05-26,Consumer
CUST-10091,Jesse Chavez,jesse.chavez139@corporate.com,+1-738-316-2041,7902 Park Blvd,Allentown,PA,16868,United States,2026-04-29,Corporate
CUST-10092,Betty Jordan,betty.jordan754@hotmail.com,+1-669-858-1510,1096 Park Blvd,Savannah,GA,15683,United States,2023-08-04,Corporate
CUST-10093,Betty Cole,betty.cole632@outlook.com,+1-267-329-5505,9690 Sunset Way,Houston,TX,52219,United States,2023-12-05,Corporate
CUST-10094,Dylan Murray,dylan.murray450@yahoo.com,+1-918-317-4522,7146 Park Blvd,Lowell,MA,89354,United States,2024-10-05,Corporate
CUST-10095,  Peter Perry  ,peter.perry447@proton.me,+1-881-461-7132,2600 Broadway,Huntsville,AL,50966,United States,2024-01-31,Small Business
CUST-10096,Nancy White,nancy.white841@outlook.com,+1-769-261-6400,2102 Washington Ave,Tallahassee,FL,58843,United States,2023-12-29,Consumer
CUST-10097,Philip Henderson,philip.henderson329@proton.me,+1-306-791-9313,3585 Maple Rd,Reno,NV,88696,United States,2026-02-15,Consumer
CUST-10098,Betty Hughes,betty.hughes597@icloud.com,+1-639-774-1430,4481 Main St,Virginia Beach,VA,46512,United States,2023-04-18,Consumer
CUST-10099,Emma Gray,emma.gray589@corporate.com,+1-271-345-1502,1603 Lakeview Ave,San Francisco,CA,28776,United States,2024-06-12,Consumer
CUST-10100,Peter Mendoza,peter.mendoza805@yahoo.com,+1-253-359-3579,915 Broadway,Chesapeake,VA,52517,United States,2025-07-13,Consumer
CUST-10101,Henry West,henry.west783@yahoo.com,+1-553-640-2816,4740 Broadway,Mesa,AZ,38255,United States,2023-12-08,Consumer
CUST-10102,Logan Ward,logan.ward66@gmail.com,+1-409-508-4460,2348 Pine St,Macon,GA,88554,United States,2026-02-27,Consumer
CUST-10103,Megan Gonzales,megan.gonzales730@icloud.com,+1-712-772-6802,1280 Washington Ave,joliet,IL,79806,United States,2025-06-06,Corporate
CUST-10104,Karen Watson,karen.watson437@hotmail.com,+1-317-614-1341,5421 Maple Rd,Gaithersburg,MD,93904,United States,2024-01-03,Corporate
CUST-10105,Wayne Castillo,wayne.castillo456@corporate.com,+1-736-280-7484,5183 Lakeview Ave,Phoenix,AZ,41891,United States,2025-12-02,Consumer
CUST-10106,Carol Martin,carol.martin532@icloud.com,+1-994-557-6752,2519 Cedar Blvd,Denver,CO,79547,United States,2023-07-21,Consumer
CUST-10107,Brian Burns,brian.burns984@bizmail.io,+1-675-972-8354,9348 Broadway,New Orleans,LA,33218,United States,2025-07-22,Consumer
CUST-10108,Billy Watson,billy.watson462@hotmail.com,+1-481-805-1920,5866 Sunset Way,Boston,MA,71462,United States,2025-07-26,Consumer
CUST-10109,Elizabeth Anderson,elizabeth.anderson670@yahoo.com,+1-829-808-9307,6399 Park Blvd,Eugene,OR,20057,United States,2024-05-06,Consumer
CUST-10110,Natalie Hernandez,natalie.hernandez202@proton.me,+1-819-687-9214,2571 Main St,Orem,UT,95437,United States,2023-11-22,Consumer
CUST-10111,Debra Perez,debra.perez263@bizmail.io,+1-649-736-9564,2700 Elm St,Colorado Springs,CO,15130,United States,2023-08-02,Consumer
CUST-10112,Jose Gray,jose.gray347@yahoo.com,+1-771-894-7333,4755 Pine St,Bowling Green,KY,18639,United States,2026-02-13,Corporate
CUST-10113,Bryan Hill,bryan.hill154@proton.me,+1-517-871-7421,2212 Highland Dr,Fort Worth,TX,96980,United States,2024-07-18,Corporate
CUST-10114,Ann Long,ann.long729@yahoo.com,+1-861-886-7937,8431 Elm St,Salem,OR,97833,United States,2024-07-28,Consumer
CUST-10115,Jason Mendoza,jason.mendoza168@yahoo.com,+1-502-303-9317,8943 Lakeview Ave,Cleveland,OH,,United States,2023-09-09,Corporate
CUST-10116,Alexander Porter,alexander.porter176@outlook.com,+1-909-989-3712,7270 Main St,Kenosha,WI,30218,United States,2025-09-05,Consumer
CUST-10117,Jacob Simmons,jacob.simmons556@icloud.com,+1-516-680-4178,6126 Broadway,Lafayette,LA,40671,United States,2024-10-25,Small Business
CUST-10118,Kyle Reed,kyle.reed999@outlook.com,+1-404-819-3267,4196 Main St,Carmel,IN,64874,United States,2024-04-09,Consumer
CUST-10119,Gloria Clark,gloria.clark95@outlook.com,+1-479-660-9410,2514 Washington Ave,Oklahoma City,OK,47363,United States,2023-07-10,Consumer
CUST-10120,Kelly Hughes,kelly.hughes524@proton.me,+1-441-595-2337,6242 Cedar Blvd,Phoenix,AZ,61964,United States,2026-04-07,Consumer
CUST-10121,Randy Dixon,randy.dixon49@hotmail.com,+1-683-912-3273,7785 Park Blvd,Lexington,KY,28035,United States,2024-07-14,Consumer
CUST-10122,Robert Rogers,robert.rogers972@corporate.com,+1-313-994-5720,3993 Pine St,Salem,OR,81932,United States,2025-03-16,Consumer
CUST-10123,Julia Hunter,julia.hunter621@gmail.com,+1-847-727-4963,2452 Pine St,Houston,TX,75513,United States,2023-11-07,Consumer
CUST-10124,Kathleen Wells,kathleen.wells97@proton.me,+1-269-738-9914,8412 Sunset Way,Scranton,PA,97584,United States,2024-01-29,Consumer
CUST-10125,Walter Lopez,walter.lopez375@yahoo.com,+1-553-446-2698,9633 Lakeview Ave,Chesapeake,VA,12128,United States,2024-03-30,Corporate
CUST-10126,Patrick Owens,patrick.owens485@bizmail.io,+1-846-386-3209,1133 Lakeview Ave,Salem,OR,99742,United States,2024-07-07,Corporate
CUST-10127,Pamela Phillips,pamela.phillips333@hotmail.com,+1-727-607-9897,7856 Pine St,Lexington,KY,15492,United States,2026-03-03,Consumer
CUST-10128,Brenda Alvarez,brenda.alvarez137@proton.me,+1-647-609-8204,6434 Elm St,Norman,OK,45811,United States,2026-02-23,Small Business
CUST-10129,Megan Patel,megan.patel90@corporate.com,+1-816-384-9937,4913 Elm St,Charlotte,NC,65640,United States,2023-07-03,Consumer
CUST-10130,Pamela Ward,pamela.ward716@bizmail.io,+1-559-657-1693,5876 Highland Dr,Kenosha,WI,31842,United States,2023-11-30,Small Business
CUST-10131,Joseph Martin,joseph.martin173@gmail.com,+1-346-822-8179,670 Maple Rd,Newport News,VA,99051,United States,2024-02-20,Consumer
CUST-10132,Carolyn Castillo,carolyn.castillo629@outlook.com,+1-895-660-7077,6195 Park Blvd,Sparks,NV,14244,United States,2024-04-07,Corporate
CUST-10133,Martha Sanders,martha.sanders993@yahoo.com,+1-226-953-4048,8276 Sunset Way,Paterson,NJ,42717,United States,2024-03-07,Consumer
CUST-10134,Angela Gutierrez,angela.gutierrez720@bizmail.io,+1-404-325-3223,1313 Park Blvd,Akron,OH,47431,United States,2023-11-30,Consumer
CUST-10135,Daniel Brooks,daniel.brooks565@hotmail.com,+1-507-361-3852,6022 Sunset Way,Charleston,SC,82089,United States,2024-06-19,Consumer
CUST-10136,Emily Stewart,emily.stewart596@proton.me,+1-678-764-3126,1512 Oak Ave,San Diego,CA,82616,United States,2023-08-24,Consumer
CUST-10137,Eugene Wallace,eugene.wallace85@outlook.com,+1-524-857-2215,7472 Park Blvd,Chandler,AZ,85353,United States,2023-06-20,Consumer
CUST-10138,Kayla Fernandez,kayla.fernandez524@gmail.com,+1-327-730-3507,5082 Maple Rd,Baton Rouge,LA,66704,United States,2025-05-24,Consumer
CUST-10139,Laura Ruiz,laura.ruiz266@icloud.com,+1-850-764-5496,2150 Broadway,Stamford,CT,20336,United States,2023-07-04,Consumer
CUST-10140,Keith Snyder,keith.snyder185@proton.me,+1-777-242-1464,1430 Main St,Bowie,MD,30210,United States,2025-06-20,Small Business
CUST-10141,Angela Dixon,angela.dixon642@gmail.com,+1-709-842-9938,4845 Broadway,Lake Charles,LA,64602,United States,2025-03-26,Small Business
CUST-10142,Beverly Russell,beverly.russell171@bizmail.io,+1-625-695-8609,3442 Elm St,Boston,MA,17852,United States,2024-09-29,Consumer
CUST-10143,Marie Brooks,marie.brooks537@yahoo.com,+1-526-447-8642,2107 Pine St,Spokane,WA,58567,United States,2024-06-23,Consumer
CUST-10144,Richard Howard,richard.howard264@outlook.com,+1-535-791-6123,3210 Maple Rd,Edmond,OK,64805,United States,2024-04-05,Consumer
CUST-10145,Megan Ward,megan.ward527@bizmail.io,+1-446-420-6781,897 Main St,Los Angeles,CA,61543,United States,2023-08-17,Consumer
CUST-10146,Grace Reynolds,grace.reynolds451@outlook.com,+1-470-944-6992,6706 Elm St,KANSAS CITY,MO,24089,United States,2024-10-23,Consumer
CUST-10147,Raymond Fernandez,raymond.fernandez471@hotmail.com,+1-838-896-2946,2208 Oak Ave,Austin,TX,76093,United States,2024-10-17,Consumer
CUST-10148,Alexander Mcdonald,alexander.mcdonald626@corporate.com,+1-712-241-1742,737 Maple Rd,Baton Rouge,LA,36090,United States,2024-05-13,Corporate
CUST-10149,Roger Patterson,roger.patterson345@proton.me,+1-366-602-5902,9827 Elm St,Racine,WI,28321,United States,2025-07-30,Consumer
CUST-10150,Judith Washington,judith.washington349@yahoo.com,+1-626-797-6040,536 Highland Dr,Nashville,TN,58281,United States,2024-09-25,Consumer
CUST-10151,Bradley Henry,bradley.henry501@outlook.com,+1-736-844-7229,2521 Broadway,Huntsville,AL,86483,United States,2025-02-19,Consumer
CUST-10152,Theresa Lewis,theresa.lewis438@outlook.com,+1-622-907-4340,6823 Sunset Way,San Jose,CA,51116,United States,2025-05-06,Corporate
CUST-10153,Russell Thomas,russell.thomas342@bizmail.io,+1-738-585-6140,2937 Park Blvd,Fort Wayne,IN,83516,United States,2025-08-22,Small Business
CUST-10154,Patrick Snyder,patrick.snyder990@icloud.com,+1-485-771-5890,3784 Pine St,Kenosha,WI,35200,United States,2024-12-06,Corporate
CUST-10155,Wayne Cole,wayne.cole966@hotmail.com,+1-494-324-9899,6320 Washington Ave,Knoxville,TN,83464,United States,2024-08-20,Corporate
CUST-10156,Donna Howard,donna.howard956@bizmail.io,+1-871-462-8849,3605 Cedar Blvd,Detroit,MI,55398,United States,2026-03-06,Corporate
CUST-10157,Ann Cooper,ann.cooper255@icloud.com,+1-251-885-9700,3797 Broadway,St. Petersburg,FL,86917,United States,2025-08-23,Consumer
CUST-10158,Gregory Reynolds,gregory.reynolds997@outlook.com,+1-616-868-8793,7922 Broadway,Saint Paul,MN,10679,United States,2025-11-07,Consumer
CUST-10159,Samuel Kelly,samuel.kelly597@icloud.com,+1-747-956-1611,2968 Washington Ave,Salt Lake City,UT,95498,United States,2026-01-30,Corporate
CUST-10160,Elizabeth Jenkins,elizabeth.jenkins907@gmail.com,+1-209-505-2758,5589 Pine St,Scranton,PA,47941,United States,2023-08-21,Consumer
CUST-10161,Noah Hayes,noah.hayes289@icloud.com,+1-315-538-3662,7618 Broadway,Edmond,OK,71344,United States,2025-08-30,Consumer
CUST-10162,Russell Gray,russell.gray635@corporate.com,+1-637-727-6372,1521 Washington Ave,Frederick,MD,33002,United States,2024-10-04,Consumer
CUST-10163,Emily Wallace,emily.wallace277@corporate.com,+1-441-657-5374,5500 Pine St,West Valley City,UT,10895,United States,2024-08-07,Consumer
CUST-10164,Eric Munoz,eric.munoz693@yahoo.com,+1-676-514-3616,6742 Broadway,Columbia,SC,18142,United States,2024-05-25,Consumer
CUST-10165,Ralph Richardson,ralph.richardson639@icloud.com,+1-424-336-8834,2609 Park Blvd,Aurora,CO,58174,United States,2025-10-03,Corporate
CUST-10166,Adam Harrison,adam.harrison855@icloud.com,+1-980-453-2341,8709 Park Blvd,Lake Charles,LA,97044,United States,2023-10-10,Consumer
CUST-10167,Austin Lewis,austin.lewis217@outlook.com,+1-368-535-9525,7339 Oak Ave,Hillsboro,OR,76255,United States,2026-01-25,Consumer
CUST-10168,Judith White,judith.white145@corporate.com,+1-667-777-1945,9255 Park Blvd,Boston,MA,69432,United States,2023-07-21,Consumer
CUST-10169,Jennifer Jenkins,jennifer.jenkins602@yahoo.com,+1-246-633-6644,1144 Sunset Way,Portland,OR,38560,United States,2024-12-26,Small Business
CUST-10170,Sarah Reynolds,sarah.reynolds797@outlook.com,+1-984-856-7887,6235 Washington Ave,Sterling Heights,MI,33590,United States,2026-03-28,Consumer
CUST-10171,Dennis Long,dennis.long679@proton.me,+1-321-382-9802,6539 Sunset Way,Duluth,MN,27431,United States,2025-12-18,Consumer
CUST-10172,James Garcia,james.garcia554@corporate.com,+1-435-453-8546,5771 Maple Rd,Lowell,MA,65591,United States,2024-09-27,Consumer
CUST-10173,Diana Lewis,diana.lewis794@gmail.com,+1-446-411-2102,1753 Highland Dr,Owensboro,KY,90599,United States,2026-03-27,Consumer
CUST-10174,Ralph Gonzalez,ralph.gonzalez459@icloud.com,+1-752-422-1924,2395 Sunset Way,Huntsville,AL,62725,United States,2025-01-15,Small Business
CUST-10175,Brittany Vargas,brittany.vargas848@proton.me,+1-442-509-3347,8640 Cedar Blvd,Bowie,MD,98150,United States,2024-08-16,Consumer
CUST-10176,Sean Webb,sean.webb517@gmail.com,+1-552-858-7244,8692 Elm St,Fort Collins,CO,82856,United States,2025-06-07,Consumer
CUST-10177,Scott Long,scott.long256@icloud.com,+1-507-924-3365,7686 Main St,Lake Charles,LA,72065,United States,2025-05-20,Consumer
CUST-10178,Sean Murray,sean.murray218@proton.me,+1-862-280-8369,6179 Oak Ave,Spokane,WA,43422,United States,2025-08-30,Consumer
CUST-10179,Susan Morgan,susan.morgan50@yahoo.com,+1-392-979-4555,7954 Cedar Blvd,Duluth,MN,89026,United States,2024-04-19,Corporate
CUST-10180,Patricia Diaz,patricia.diaz946@icloud.com,+1-912-818-4350,6598 Cedar Blvd,Las Vegas,NV,72773,United States,2025-05-07,Consumer
CUST-10181,Ruth Graham,ruth.graham277@proton.me,+1-725-709-8635,1715 Lakeview Ave,Aurora,CO,50425,United States,2023-06-04,Consumer
CUST-10182,Timothy Patel,timothy.patel894@icloud.com,+1-959-349-1265,4372 Sunset Way,Phoenix,AZ,83731,United States,2024-08-29,Small Business
CUST-10183,Adam Ramos,adam.ramos398@icloud.com,+1-711-763-6530,4316 Park Blvd,Cincinnati,OH,40149,United States,2025-07-23,Small Business
CUST-10184,  Judith Alexander  ,judith.alexander153@bizmail.io,+1-388-755-1962,8684 Main St,Montgomery,AL,32185,United States,2025-06-21,Corporate
CUST-10185,  Amber Gonzalez  ,amber.gonzalez246@yahoo.com,+1-924-354-1149,3683 Sunset Way,Tucson,AZ,92667,United States,2026-05-18,Consumer
CUST-10186,Julia Simpson,julia.simpson16@corporate.com,,4601 Sunset Way,Bloomington,MN,12061,United States,2023-09-15,Small Business
CUST-10187,Roy Gonzales,roy.gonzales162@icloud.com,+1-396-834-9625,4235 Elm St,Miami,FL,78732,United States,2025-05-29,Consumer
CUST-10188,Janet Russell,janet.russell317@yahoo.com,+1-869-865-1519,1631 Washington Ave,Frederick,MD,39603,United States,2023-11-03,Consumer
CUST-10189,Joseph Shaw,joseph.shaw521@corporate.com,+1-860-539-2562,8753 Main St,Columbia,SC,20837,United States,2026-05-12,Consumer
CUST-10190,Danielle Kennedy,danielle.kennedy710@hotmail.com,+1-756-777-1539,3038 Elm St,Charlotte,NC,19744,United States,2023-10-01,Consumer
CUST-10191,Andrew Jenkins,andrew.jenkins256@corporate.com,+1-893-753-6435,6388 Lakeview Ave,Grand Rapids,MI,83919,United States,2025-12-25,Consumer
CUST-10192,Diana Lee,diana.lee110@corporate.com,+1-437-277-6580,9858 Washington Ave,Montgomery,AL,17038,United States,2023-08-10,Small Business
CUST-10193,Albert Cooper,albert.cooper576@corporate.com,+1-642-390-7227,1504 Highland Dr,Memphis,TN,56636,United States,2023-11-21,Consumer
CUST-10194,Charles Perez,charles.perez167@corporate.com,+1-524-569-2745,1599 Main St,Joliet,IL,93086,United States,2024-11-29,Small Business
CUST-10195,Bobby Cooper,bobby.cooper451@bizmail.io,+1-770-768-9395,6785 Oak Ave,Chicago,IL,34561,United States,2025-11-03,Consumer
CUST-10196,Lisa Tucker,lisa.tucker308@corporate.com,+1-597-997-2387,9267 Cedar Blvd,Broken Arrow,OK,11617,United States,2024-08-05,Consumer
CUST-10197,Ruth Baker,ruth.baker514@outlook.com,+1-264-371-8121,4621 Washington Ave,Greensboro,NC,45180,United States,2025-08-20,Consumer
CUST-10198,Raymond Cook,raymond.cook641@icloud.com,+1-668-309-3219,5091 Main St,Mobile,AL,87831,United States,2025-01-11,Small Business
CUST-10199,Jordan Ross,jordan.ross845@outlook.com,+1-507-528-4290,7948 Elm St,Springfield,MA,66441,United States,2024-07-26,Consumer
CUST-10200,Samantha Howard,samantha.howard343@corporate.com,+1-487-602-6980,1965 Highland Dr,Sparks,NV,41775,United States,2023-08-30,Consumer
CUST-10201,George Harrison,george.harrison458@hotmail.com,+1-909-270-7703,8280 Maple Rd,North Las Vegas,NV,37479,United States,2026-04-06,Consumer
CUST-10202,Gabriel Flores,gabriel.flores469@bizmail.io,+1-796-610-9755,8400 Lakeview Ave,Owensboro,KY,,United States,2024-01-16,Consumer
CUST-10203,Raymond Castro,raymond.castro690@proton.me,+1-370-862-1725,9327 Broadway,Orlando,FL,96193,United States,2025-12-08,Consumer
CUST-10204,Philip James,philip.james274@icloud.com,+1-722-964-9499,9242 Highland Dr,Miami,FL,22924,United States,2024-01-01,Consumer
CUST-10205,Janet Powell,janet.powell164@proton.me,+1-225-694-2712,4940 Washington Ave,Lake Charles,LA,75597,United States,2023-10-26,Small Business
CUST-10206,Vincent Torres,vincent.torres813@icloud.com,+1-733-694-6706,7901 Oak Ave,Warren,MI,69681,United States,2024-06-17,Consumer
CUST-10207,Samantha Moore,samantha.moore33@proton.me,+1-863-311-3692,4096 Sunset Way,Albany,NY,25084,United States,2024-09-24,Consumer
CUST-10208,Ann Barnes,ann.barnes198@outlook.com,+1-855-873-8080,6581 Main St,Macon,GA,92543,United States,2023-10-28,Corporate
CUST-10209,Kelly Webb,kelly.webb220@hotmail.com,+1-970-920-2025,9559 Oak Ave,Seattle,WA,38153,United States,2024-01-03,Corporate
CUST-10210,Carolyn Wood,carolyn.wood696@bizmail.io,+1-740-854-6134,9880 Washington Ave,Boston,MA,44387,United States,2025-04-23,Consumer
CUST-10211,Rachel Price,rachel.price732@hotmail.com,+1-829-804-2388,2294 Elm St,Madison,WI,98288,United States,2023-11-06,Consumer
CUST-10212,George Myers,george.myers620@outlook.com,+1-788-592-7931,3143 Park Blvd,South Bend,IN,64819,United States,2025-08-15,Consumer
CUST-10213,Judy Hall,judy.hall153@outlook.com,+1-522-661-1878,5982 Main St,Erie,PA,47858,United States,2023-04-21,Consumer
CUST-10214,Jerry Woods,jerry.woods711@bizmail.io,+1-625-927-8272,8106 Maple Rd,Fort Collins,CO,,United States,2023-07-31,Consumer
CUST-10215,Bobby Cruz,bobby.cruz560@hotmail.com,+1-372-999-8492,9367 Lakeview Ave,Rochester,NY,39470,United States,2024-10-10,Corporate
CUST-10216,Christian Lewis,christian.lewis565@gmail.com,+1-978-936-8231,9051 Cedar Blvd,Winston-Salem,NC,58085,United States,2025-10-10,Small Business
CUST-10217,Grace Murphy,grace.murphy279@proton.me,+1-289-649-2923,3982 Cedar Blvd,Oklahoma City,OK,68947,United States,2024-09-29,Corporate
CUST-10218,Rachel Olson,rachel.olson813@icloud.com,+1-411-260-6747,8820 Pine St,Reading,PA,28249,United States,2024-01-06,Consumer
CUST-10219,Ralph Howard,ralph.howard931@yahoo.com,+1-338-968-7743,1071 Pine St,Rockville,MD,77425,United States,2024-10-16,Corporate
CUST-10220,Kimberly Murphy,kimberly.murphy789@corporate.com,+1-701-345-5402,6886 Washington Ave,North Charleston,SC,42447,United States,2025-08-05,Consumer
CUST-10221,Johnny White,johnny.white475@bizmail.io,+1-535-795-1040,1626 Lakeview Ave,Evansville,IN,58374,United States,2024-02-26,Small Business
CUST-10222,Roy Alvarez,roy.alvarez233@corporate.com,+1-416-706-5399,5389 Pine St,Covington,KY,62129,United States,2026-01-22,Consumer
CUST-10223,Austin West,austin.west111@bizmail.io,+1-216-327-3588,7330 Park Blvd,Bridgeport,CT,16021,United States,2024-06-27,Consumer
CUST-10224,Stephanie King,stephanie.king680@proton.me,+1-456-284-7092,2811 Main St,Allentown,PA,22234,United States,2024-09-20,Consumer
CUST-10225,Theresa Reyes,theresa.reyes11@icloud.com,+1-688-279-3174,9826 Cedar Blvd,Denver,CO,22475,United States,2024-01-03,Consumer
CUST-10226,John Mendoza,john.mendoza499@yahoo.com,+1-434-592-2463,1778 Oak Ave,Broken Arrow,OK,27324,United States,2025-09-27,Consumer
CUST-10227,Emily Ross,emily.ross553@gmail.com,+1-824-865-3688,7310 Elm St,Colorado Springs,CO,18966,United States,2025-09-01,Corporate
CUST-10228,Joshua Bell,joshua.bell928@yahoo.com,+1-343-970-3017,9759 Lakeview Ave,Tulsa,OK,21362,United States,2023-12-07,Consumer
CUST-10229,Benjamin Scott,benjamin.scott576@hotmail.com,+1-997-907-1439,5042 Cedar Blvd,Charlotte,NC,42527,United States,2025-01-09,Consumer
CUST-10230,Isabella Powell,isabella.powell516@corporate.com,+1-315-446-9185,9830 Oak Ave,Denver,CO,41370,United States,2024-10-03,Consumer
CUST-10231,Raymond Brooks,raymond.brooks384@outlook.com,+1-981-682-2195,373 Highland Dr,Bellevue,WA,65163,United States,2025-09-03,Consumer
CUST-10232,David Thomas,david.thomas739@corporate.com,+1-633-918-7590,1450 Broadway,Evansville,IN,92388,United States,2024-03-07,Consumer
CUST-10233,Anna Perez,anna.perez837@outlook.com,+1-749-534-7401,9708 Broadway,Fort Worth,TX,36633,United States,2024-09-04,Corporate
CUST-10234,Bruce Taylor,bruce.taylor69@icloud.com,+1-288-644-2900,7528 Highland Dr,Mount Pleasant,SC,41278,United States,2024-09-03,Consumer
CUST-10235,Natalie Hall,natalie.hall728@gmail.com,+1-367-708-6680,8668 Sunset Way,Fresno,CA,27984,United States,2025-09-29,Corporate
CUST-10236,Kevin Myers,kevin.myers799@gmail.com,+1-543-639-5456,8682 Oak Ave,Montgomery,AL,25473,United States,2025-09-14,Consumer
CUST-10237,Billy Martin,billy.martin66@bizmail.io,+1-780-370-7024,2677 Pine St,Lowell,MA,57202,United States,2023-08-19,Corporate
CUST-10238,Alan Robinson,alan.robinson55@gmail.com,+1-450-247-8729,6063 Washington Ave,Tuscaloosa,AL,10336,United States,2025-02-18,Small Business
CUST-10239,Elizabeth Fernandez,elizabeth.fernandez436@proton.me,+1-477-279-7108,2056 Sunset Way,columbus,GA,42540,United States,2024-01-24,Consumer
CUST-10240,Roger Lopez,roger.lopez802@hotmail.com,+1-535-288-8483,230 Elm St,Austin,TX,47002,United States,2024-03-01,Consumer
CUST-10241,Nicole Hunter,nicole.hunter515@icloud.com,,2566 Main St,Springfield,MA,87554,United States,2025-01-20,Small Business
CUST-10242,Carl Ruiz,carl.ruiz787@corporate.com,+1-955-944-6038,1803 Cedar Blvd,Reno,NV,10191,United States,2026-05-12,Consumer
CUST-10243,Judith Thomas,judith.thomas54@icloud.com,+1-732-622-7102,7611 Lakeview Ave,North Charleston,SC,22193,United States,2025-08-13,Consumer
CUST-10244,Paul Shaw,paul.shaw73@corporate.com,+1-878-333-4879,4878 Pine St,Fort Worth,TX,84425,United States,2024-03-15,Corporate
CUST-10245,Tyler Wood,tyler.wood86@icloud.com,+1-339-998-2785,2646 Oak Ave,Springfield,MA,40619,United States,2024-08-18,Consumer
CUST-10246,Jose Walker,jose.walker325@bizmail.io,+1-471-322-2481,2682 Broadway,Norfolk,VA,69233,United States,2023-05-30,Consumer
CUST-10247,Bryan Hernandez,bryan.hernandez103@icloud.com,+1-564-605-9412,902 Broadway,Eugene,OR,29441,United States,2025-03-17,Consumer
CUST-10248,Brian Davis,brian.davis776@icloud.com,+1-296-673-2669,2390 Oak Ave,Broken Arrow,OK,82869,United States,2024-02-23,Consumer
CUST-10249,Jeffrey King,jeffrey.king712@yahoo.com,+1-796-800-5240,1328 Main St,Gresham,OR,58790,United States,2025-04-21,Small Business
CUST-10250,Judy Simmons,judy.simmons53@bizmail.io,+1-251-372-8096,6571 Park Blvd,Dallas,TX,26059,United States,2025-09-10,Consumer
CUST-10251,Brian Price,brian.price296@bizmail.io,+1-352-235-5026,4935 Park Blvd,West Valley City,UT,46042,United States,2025-03-18,Consumer
CUST-10252,Jessica Thompson,jessica.thompson214@icloud.com,+1-845-756-1319,6366 Lakeview Ave,Spokane,WA,64949,United States,2024-11-05,Consumer
CUST-10253,Jeremy Ruiz,jeremy.ruiz286@outlook.com,+1-226-526-4588,580 Pine St,Evansville,IN,60905,United States,2023-03-30,Consumer
CUST-10254,Martha Alvarez,martha.alvarez682@icloud.com,+1-472-746-1916,3694 Highland Dr,Philadelphia,PA,42487,United States,2025-02-09,Corporate
CUST-10255,Patrick Hall,patrick.hall835@proton.me,+1-805-228-6761,9400 Highland Dr,Savannah,GA,51681,United States,2025-06-05,Consumer
CUST-10256,Harold Marshall,harold.marshall102@gmail.com,+1-438-816-4584,426 Sunset Way,Erie,PA,14975,United States,2024-09-06,Consumer
CUST-10257,Madison Phillips,madison.phillips70@gmail.com,+1-351-800-3320,1917 Sunset Way,Jersey City,NJ,52413,United States,2025-09-06,Corporate
CUST-10258,Janet Jenkins,janet.jenkins149@outlook.com,+1-949-647-8982,5298 Maple Rd,Paterson,NJ,52284,United States,2025-11-06,Corporate
CUST-10259,Madison Alvarez,madison.alvarez397@hotmail.com,+1-951-905-5825,2186 Maple Rd,Duluth,MN,32983,United States,2025-02-28,Corporate
CUST-10260,Arthur Powell,arthur.powell335@icloud.com,+1-854-779-2705,8229 Maple Rd,Buffalo,NY,88956,United States,2023-03-26,Consumer
CUST-10261,Frank Brooks,frank.brooks664@proton.me,+1-657-211-5345,3535 Cedar Blvd,Denver,CO,97821,United States,2025-06-22,Consumer
CUST-10262,Betty Smith,betty.smith180@corporate.com,+1-704-587-6754,9046 Washington Ave,Vancouver,WA,65004,United States,2026-02-22,Consumer
CUST-10263,Kathryn Dixon,kathryn.dixon828@gmail.com,+1-501-220-6221,4378 Oak Ave,Erie,PA,19661,United States,2025-02-24,Consumer
CUST-10264,Dennis Adams,dennis.adams618@bizmail.io,+1-921-231-8066,2803 Highland Dr,Kansas City,MO,54295,United States,2025-12-29,Corporate
CUST-10265,Margaret James,margaret.james749@hotmail.com,+1-876-488-5872,3991 Oak Ave,Toledo,OH,82628,United States,2025-04-06,Consumer
CUST-10266,Judith Flores,judith.flores99@hotmail.com,+1-877-840-8869,3371 Oak Ave,Virginia Beach,VA,66047,United States,2026-02-09,Consumer
CUST-10267,Justin Lee,justin.lee813@corporate.com,+1-682-700-5341,1593 Broadway,Oklahoma City,OK,50416,United States,2023-10-05,Consumer
CUST-10268,Ruth Patel,ruth.patel460@bizmail.io,+1-469-431-5400,9344 Main St,Boston,MA,44510,United States,2025-05-14,Consumer
CUST-10269,Matthew Perez,matthew.perez784@icloud.com,+1-766-262-7342,8661 Washington Ave,Covington,KY,64262,United States,2024-06-26,Small Business
CUST-10270,Joan Wells,joan.wells414@gmail.com,+1-714-784-9467,9463 Broadway,Knoxville,TN,20348,United States,2025-02-03,Small Business
CUST-10271,Charlotte Romero,charlotte.romero837@icloud.com,+1-329-243-7936,1383 Broadway,Henderson,NV,37772,United States,2025-06-11,Consumer
CUST-10272,Billy Nguyen,billy.nguyen407@corporate.com,,8614 Park Blvd,Newark,NJ,21406,United States,2024-12-19,Small Business
CUST-10273,Theresa Hunter,theresa.hunter434@outlook.com,+1-351-780-2641,1830 Highland Dr,Owensboro,KY,24748,United States,2023-06-26,Corporate
CUST-10274,Jacqueline Ruiz,jacqueline.ruiz507@bizmail.io,+1-238-376-5512,6702 Maple Rd,Durham,NC,95824,United States,2024-02-10,Consumer
CUST-10275,Aaron Martinez,aaron.martinez60@bizmail.io,+1-475-581-1331,5635 Pine St,Stamford,CT,41139,United States,2024-03-12,Consumer
CUST-10276,Roy Sanchez,roy.sanchez802@proton.me,+1-475-946-7828,1562 Cedar Blvd,Naperville,IL,68079,United States,2025-02-19,Consumer
CUST-10277,Jose West,jose.west537@outlook.com,+1-267-518-9303,6709 Maple Rd,Norman,OK,17367,United States,2023-07-09,Corporate
CUST-10278,Teresa Davis,teresa.davis265@gmail.com,+1-667-251-6904,3362 Pine St,Cleveland,OH,17553,United States,2025-06-10,Consumer
CUST-10279,Heather Silva,heather.silva391@bizmail.io,+1-808-656-3909,7875 Highland Dr,Minneapolis,MN,41711,United States,2025-09-20,Consumer
CUST-10280,Eric White,eric.white176@icloud.com,+1-426-862-4688,3487 Pine St,San Jose,CA,16507,United States,2024-10-25,Consumer
CUST-10281,Kayla Williams,kayla.williams187@gmail.com,+1-429-458-6004,4611 Washington Ave,West Valley City,UT,94852,United States,2023-10-04,Corporate
CUST-10282,Christina Cook,christina.cook543@corporate.com,+1-798-304-1120,8480 Broadway,Springfield,MA,98761,United States,2025-03-11,Small Business
CUST-10283,Ann Mason,ann.mason75@proton.me,+1-483-855-6327,4636 Pine St,Detroit,MI,73142,United States,2024-10-30,Consumer
CUST-10284,Willie Kim,willie.kim931@gmail.com,+1-814-613-6236,2392 Lakeview Ave,Rockford,IL,41496,United States,2025-05-11,Consumer
CUST-10285,Pamela Gutierrez,pamela.gutierrez607@icloud.com,+1-551-943-4643,8859 Broadway,Vancouver,WA,14629,United States,2024-01-25,Corporate
CUST-10286,Amber Alvarez,amber.alvarez907@outlook.com,+1-500-299-8713,2196 Lakeview Ave,Grand Rapids,MI,96194,United States,2023-07-28,Consumer
CUST-10287,Rose Campbell,rose.campbell373@icloud.com,+1-962-514-7889,5528 Elm St,Denver,CO,39131,United States,2024-07-13,Consumer
CUST-10288,Donald Reynolds,donald.reynolds976@yahoo.com,+1-683-399-9199,2063 Broadway,Edmond,OK,86062,United States,2026-02-11,Consumer
CUST-10289,Susan Hill,susan.hill593@bizmail.io,+1-346-523-3954,1424 Park Blvd,Cincinnati,OH,63633,United States,2025-08-23,Consumer
CUST-10290,Benjamin Silva,benjamin.silva224@outlook.com,+1-790-982-3595,8121 Oak Ave,San Jose,CA,45851,United States,2026-02-02,Consumer
CUST-10291,Joyce Russell,joyce.russell14@gmail.com,+1-746-404-7112,330 Elm St,North Las Vegas,NV,60242,United States,2024-01-04,Corporate
CUST-10292,Robert Johnson,robert.johnson329@outlook.com,+1-305-592-9246,9744 Pine St,Athens,GA,55134,United States,2025-01-07,Consumer
CUST-10293,Scott Howard,scott.howard546@proton.me,+1-644-903-3192,5715 Park Blvd,Tuscaloosa,AL,88167,United States,2023-11-10,Consumer
CUST-10294,Diane Jones,diane.jones226@gmail.com,+1-803-716-3768,2117 Elm St,Athens,GA,27197,United States,2025-02-18,Corporate
CUST-10295,Dennis Shaw,dennis.shaw59@gmail.com,+1-877-310-1323,890 Lakeview Ave,Lake Charles,LA,91675,United States,2024-12-24,Consumer
CUST-10296,Ashley Harrison,ashley.harrison721@gmail.com,+1-508-630-2654,8624 Pine St,Memphis,TN,36934,United States,2024-12-30,Consumer
CUST-10297,Julie Clark,julie.clark299@yahoo.com,+1-308-709-4254,3372 Pine St,Tuscaloosa,AL,25431,United States,2023-07-19,Corporate
CUST-10298,Catherine Sullivan,catherine.sullivan518@icloud.com,+1-904-692-6416,3942 Main St,Philadelphia,PA,81845,United States,2024-10-04,Consumer
CUST-10299,Mark Wells,mark.wells86@yahoo.com,+1-462-859-4787,7583 Pine St,CHICAGO,IL,77070,United States,2023-08-24,Consumer
CUST-10300,David Howard,david.howard766@yahoo.com,+1-297-976-1751,258 Maple Rd,Bowling Green,KY,65836,United States,2024-05-24,Consumer
CUST-10301,Catherine Vasquez,catherine.vasquez844@proton.me,+1-387-316-7566,6657 Park Blvd,Bridgeport,CT,58840,United States,2024-11-28,Consumer
CUST-10302,Ethan Butler,ethan.butler975@outlook.com,+1-306-626-8908,9421 Broadway,Orlando,FL,17686,United States,2025-06-24,Consumer
CUST-10303,Kayla Alvarez,kayla.alvarez952@bizmail.io,+1-315-621-8220,853 Oak Ave,Tulsa,OK,73318,United States,2026-04-02,Consumer
CUST-10304,Ralph Stevens,ralph.stevens541@yahoo.com,+1-643-877-5072,7995 Elm St,Athens,GA,54341,United States,2023-03-31,Consumer
CUST-10305,Joshua Mcdonald,joshua.mcdonald527@bizmail.io,+1-707-369-2226,8155 Elm St,Fresno,CA,30568,United States,2026-02-09,Consumer
CUST-10306,Richard Gibson,richard.gibson846@icloud.com,+1-280-670-8277,9488 Park Blvd,Columbia,MO,62858,United States,2025-03-01,Consumer
CUST-10307,Benjamin Walker,benjamin.walker423@corporate.com,+1-236-770-9996,102 Oak Ave,Huntsville,AL,23453,United States,2023-08-17,Corporate
CUST-10308,Julia Cox,julia.cox697@bizmail.io,+1-549-572-1889,3752 Park Blvd,St. Louis,MO,95799,United States,2023-07-25,Consumer
CUST-10309,Jean Griffin,jean.griffin109@icloud.com,+1-202-549-6818,4883 Sunset Way,Mount Pleasant,SC,24945,United States,2024-05-17,Consumer
CUST-10310,Barbara Nelson,barbara.nelson119@hotmail.com,+1-825-400-4072,2078 Washington Ave,Springfield,IL,63636,United States,2023-08-27,Consumer
CUST-10311,Edward Gray,edward.gray958@yahoo.com,+1-990-661-8493,9755 Sunset Way,Lafayette,LA,16094,United States,2025-10-23,Consumer
CUST-10312,Martha Gonzalez,martha.gonzalez504@outlook.com,+1-908-792-3845,2203 Oak Ave,West Jordan,UT,86692,United States,2023-04-24,Consumer
CUST-10313,Samuel Gibson,samuel.gibson290@corporate.com,+1-551-501-8419,2285 Maple Rd,Scottsdale,AZ,42537,United States,2024-04-04,Consumer
CUST-10314,Isabella Tran,isabella.tran738@icloud.com,+1-405-414-5760,5757 Broadway,Hillsboro,OR,51144,United States,2024-09-26,Consumer
CUST-10315,Amanda Herrera,amanda.herrera789@proton.me,+1-775-691-7839,8847 Pine St,North Charleston,SC,25126,United States,2023-05-16,Corporate
CUST-10316,Patricia Aguilar,patricia.aguilar64@gmail.com,+1-404-473-3636,4795 Broadway,San Jose,CA,29048,United States,2025-10-25,Consumer
CUST-10317,Wayne Ramos,wayne.ramos377@bizmail.io,+1-304-830-4675,9295 Washington Ave,Lake Charles,LA,14234,United States,2025-04-09,Consumer
CUST-10318,Roy Kelly,roy.kelly436@proton.me,+1-765-255-1212,4217 Cedar Blvd,West Jordan,UT,60797,United States,2026-02-24,Consumer
CUST-10319,Olivia Edwards,olivia.edwards766@icloud.com,+1-994-942-4170,4919 Park Blvd,Lake Charles,LA,81645,United States,2024-05-08,Consumer
CUST-10320,Melissa Hall,melissa.hall448@hotmail.com,,2736 Highland Dr,Jacksonville,FL,15326,United States,2023-07-14,Corporate
CUST-10321,Lauren Flores,lauren.flores62@hotmail.com,+1-702-786-6866,1294 Lakeview Ave,Naperville,IL,88234,United States,2026-03-11,Consumer
CUST-10322,Melissa Aguilar,melissa.aguilar435@corporate.com,+1-294-557-4624,3595 Broadway,Covington,KY,30889,United States,2026-01-12,Consumer
CUST-10323,Sharon Porter,sharon.porter19@yahoo.com,+1-884-554-8301,4037 Broadway,Clarksville,TN,95105,United States,2023-06-10,Consumer
CUST-10324,David Chavez,david.chavez272@hotmail.com,+1-225-729-7143,8526 Sunset Way,SALT LAKE CITY,UT,60577,United States,2024-04-10,Consumer
CUST-10325,Deborah Chavez,deborah.chavez989@gmail.com,+1-841-267-4453,3592 Broadway,Houston,TX,31940,United States,2023-07-14,Consumer
CUST-10326,Jacqueline Fisher,jacqueline.fisher480@proton.me,+1-238-289-2200,989 Maple Rd,Birmingham,AL,13113,United States,2026-01-04,Corporate
CUST-10327,Kathryn Collins,kathryn.collins655@corporate.com,,6481 Broadway,Chandler,AZ,69129,United States,2024-12-18,Consumer
CUST-10328,Eugene Porter,eugene.porter727@yahoo.com,+1-566-714-2738,4848 Broadway,Lake Charles,LA,15965,United States,2026-01-22,Consumer
CUST-10329,Rose Vasquez,rose.vasquez170@icloud.com,+1-339-964-7406,9041 Pine St,Seattle,WA,72126,United States,2024-04-10,Small Business
CUST-10330,Marilyn Mason,marilyn.mason905@outlook.com,+1-326-242-1082,9483 Highland Dr,Las Vegas,NV,82551,United States,2024-04-27,Consumer
CUST-10331,Nancy Ward,nancy.ward432@outlook.com,+1-364-388-4617,4240 Cedar Blvd,Montgomery,AL,37752,United States,2025-03-27,Consumer
CUST-10332,Teresa Wilson,teresa.wilson307@yahoo.com,+1-456-300-4234,9612 Park Blvd,Lowell,MA,19587,United States,2023-05-03,Small Business
CUST-10333,Amber Munoz,amber.munoz81@icloud.com,+1-525-697-8383,5479 Highland Dr,Tampa,FL,91201,United States,2025-02-05,Consumer
CUST-10334,Michelle Washington,michelle.washington182@gmail.com,+1-520-452-4629,7245 Pine St,Chesapeake,VA,66139,United States,2023-03-28,Corporate
CUST-10335,Brittany James,brittany.james803@hotmail.com,+1-698-764-2783,2979 Broadway,Cambridge,MA,57020,United States,2023-09-22,Consumer
CUST-10336,Emily Castro,emily.castro923@gmail.com,+1-719-846-1511,9633 Highland Dr,Charlotte,NC,19882,United States,2025-04-24,Consumer
CUST-10337,Elizabeth Fernandez,elizabeth.fernandez679@outlook.com,+1-574-601-4658,9760 Lakeview Ave,Independence,MO,71879,United States,2024-12-14,Corporate
CUST-10338,Keith Ellis,keith.ellis20@icloud.com,+1-828-900-3717,8523 Maple Rd,Tacoma,WA,75820,United States,2025-11-27,Consumer
CUST-10339,Austin Nguyen,austin.nguyen234@bizmail.io,+1-437-264-5331,6152 Cedar Blvd,Reno,NV,15297,United States,2023-09-14,Consumer
CUST-10340,Raymond Jimenez,raymond.jimenez50@proton.me,+1-305-920-9542,4580 Lakeview Ave,West Jordan,UT,16086,United States,2023-10-13,Consumer
CUST-10341,Brian Long,brian.long929@yahoo.com,+1-729-457-7165,3751 Sunset Way,Newport News,VA,95634,United States,2024-04-16,Consumer
CUST-10342,Frank West,frank.west523@outlook.com,+1-650-369-4768,1363 Sunset Way,Waterbury,CT,10864,United States,2023-09-17,Consumer
CUST-10343,Melissa Green,melissa.green245@corporate.com,+1-538-937-2856,7989 Broadway,Milwaukee,WI,96652,United States,2024-05-20,Consumer
CUST-10344,Dorothy Mason,dorothy.mason140@outlook.com,+1-337-844-9399,742 Highland Dr,San Francisco,CA,15655,United States,2024-02-10,Consumer
CUST-10345,George Medina,george.medina29@hotmail.com,+1-287-421-8359,7823 Park Blvd,Racine,WI,93574,United States,2024-02-21,Consumer
CUST-10346,Jean Torres,jean.torres181@proton.me,+1-664-810-2127,3865 Washington Ave,Racine,WI,44671,United States,2025-05-24,Consumer
CUST-10347,Stephanie Aguilar,stephanie.aguilar630@yahoo.com,+1-381-687-1639,8806 Sunset Way,Bloomington,MN,29603,United States,2023-08-03,Corporate
CUST-10348,Gabriel King,gabriel.king674@corporate.com,+1-734-630-7068,811 Lakeview Ave,Portland,OR,98940,United States,2023-05-23,Consumer
CUST-10349,Evelyn Ross,evelyn.ross445@outlook.com,+1-460-688-4809,1473 Pine St,Bowie,MD,22807,United States,2024-06-13,Consumer
CUST-10350,Shirley Carter,shirley.carter545@yahoo.com,+1-732-207-7144,3465 Lakeview Ave,Charleston,SC,85757,United States,2026-05-20,Corporate
CUST-10351,Betty Flores,betty.flores277@corporate.com,+1-778-574-5514,6611 Cedar Blvd,Lakewood,CO,43244,United States,2024-01-10,Consumer
CUST-10352,Evelyn Rivera,evelyn.rivera269@hotmail.com,+1-791-552-7522,2362 Broadway,Independence,MO,73407,United States,2024-05-03,Consumer
CUST-10353,Theresa Adams,theresa.adams814@proton.me,,2733 Washington Ave,Akron,OH,62502,United States,2025-11-07,Small Business
CUST-10354,Lisa Nguyen,lisa.nguyen100@yahoo.com,+1-469-427-7075,1411 Highland Dr,Orem,UT,67065,United States,2023-10-09,Consumer
CUST-10355,Aaron Simpson,aaron.simpson978@outlook.com,+1-855-706-8192,275 Cedar Blvd,Ann Arbor,MI,17531,United States,2023-06-29,Corporate
CUST-10356,Roger Kelly,roger.kelly538@icloud.com,+1-829-373-1590,5993 Cedar Blvd,Syracuse,NY,76918,United States,2025-04-28,Consumer
CUST-10357,Daniel Peterson,daniel.peterson610@icloud.com,+1-730-215-2124,1577 Sunset Way,Richmond,VA,63143,United States,2024-03-04,Consumer
CUST-10358,Sara Hughes,sara.hughes630@icloud.com,+1-665-613-1076,4377 Maple Rd,Reno,NV,39661,United States,2024-06-19,Consumer
CUST-10359,Charles Herrera,charles.herrera989@hotmail.com,+1-750-788-5098,7354 Washington Ave,Newark,NJ,77277,United States,2024-10-06,Consumer
CUST-10360,Charlotte Gray,charlotte.gray892@gmail.com,+1-693-319-5224,1206 Washington Ave,Bloomington,MN,86916,United States,2023-11-04,Consumer
CUST-10361,Marilyn Collins,marilyn.collins558@gmail.com,+1-917-469-5067,4806 Oak Ave,Mesa,AZ,77699,United States,2024-08-23,Consumer
CUST-10362,Debra Martin,debra.martin331@proton.me,+1-423-787-5408,3094 Lakeview Ave,West Valley City,UT,72463,United States,2023-04-22,Consumer
CUST-10363,Megan Phillips,megan.phillips221@icloud.com,+1-407-455-6833,2655 Oak Ave,Birmingham,AL,44787,United States,2025-02-05,Consumer
CUST-10364,Denise Hayes,denise.hayes878@bizmail.io,+1-580-835-6167,8166 Highland Dr,Lake Charles,LA,15539,United States,2026-05-18,Corporate
CUST-10365,Rose Ellis,rose.ellis141@gmail.com,+1-738-633-8836,8959 Main St,Spokane,WA,85584,United States,2024-11-04,Consumer
CUST-10366,Beverly Hall,beverly.hall481@proton.me,+1-905-208-1193,3552 Washington Ave,Tallahassee,FL,77922,United States,2023-11-07,Consumer
CUST-10367,Joe Gutierrez,joe.gutierrez285@bizmail.io,+1-827-551-6995,3113 Park Blvd,Springfield,MO,41082,United States,2025-05-13,Consumer
CUST-10368,Philip Myers,philip.myers471@outlook.com,+1-785-334-4744,1736 Lakeview Ave,Broken Arrow,OK,46651,United States,2024-05-14,Consumer
CUST-10369,Nathan Ross,nathan.ross494@gmail.com,+1-380-631-9185,2303 Broadway,Springfield,IL,29601,United States,2025-04-25,Consumer
CUST-10370,Jeremy Kim,jeremy.kim417@yahoo.com,+1-907-367-1983,3630 Pine St,Independence,MO,16253,United States,2025-01-03,Consumer
CUST-10371,Kelly Bennett,kelly.bennett580@hotmail.com,+1-552-220-7746,2086 Elm St,Chesapeake,VA,83446,United States,2024-12-15,Corporate
CUST-10372,Ronald Vargas,ronald.vargas342@bizmail.io,+1-993-954-8322,1384 Washington Ave,Allentown,PA,56544,United States,2023-05-25,Consumer
CUST-10373,Donna Nelson,donna.nelson595@corporate.com,+1-273-281-3654,5729 Cedar Blvd,Glendale,AZ,90256,United States,2024-07-10,Consumer
CUST-10374,Sophia Morgan,sophia.morgan775@bizmail.io,+1-623-371-4012,478 Maple Rd,Durham,NC,57600,United States,2024-03-13,Corporate
CUST-10375,Louis Lee,louis.lee107@yahoo.com,+1-684-761-1881,531 Washington Ave,Erie,PA,23501,United States,2025-03-26,Consumer
CUST-10376,Anthony Ortiz,anthony.ortiz326@icloud.com,+1-453-955-5655,7360 Broadway,El Paso,TX,61097,United States,2025-07-17,Consumer
CUST-10377,Carol Davis,carol.davis894@bizmail.io,+1-678-753-5463,9087 Park Blvd,Rochester,MN,52624,United States,2026-03-21,Consumer
CUST-10378,Carl Rivera,carl.rivera546@hotmail.com,+1-555-693-9841,3821 Oak Ave,Lakewood,CO,67013,United States,2023-11-08,Consumer
CUST-10379,Eric Flores,eric.flores844@outlook.com,+1-552-493-8687,8867 Main St,Los Angeles,CA,78592,United States,2024-09-17,Consumer
CUST-10380,Charlotte Wallace,charlotte.wallace621@icloud.com,+1-207-761-7121,3189 Washington Ave,San Jose,CA,48393,United States,2024-09-25,Corporate
CUST-10381,Amy Adams,amy.adams279@yahoo.com,+1-632-840-4924,8564 Highland Dr,Gresham,OR,38913,United States,2024-03-24,Corporate
CUST-10382,Larry Dixon,larry.dixon202@yahoo.com,+1-386-339-5744,1908 Broadway,Bowling Green,KY,64120,United States,2023-06-07,Consumer
CUST-10383,Theresa Hunter,theresa.hunter165@gmail.com,+1-747-222-4046,1775 Pine St,Cincinnati,OH,12542,United States,2023-08-28,Consumer
CUST-10384,Vincent Williams,vincent.williams515@icloud.com,+1-550-630-6104,8265 Elm St,San Antonio,TX,11930,United States,2025-02-09,Consumer
CUST-10385,Gregory Lee,gregory.lee83@bizmail.io,+1-385-396-5097,6351 Main St,Rochester,NY,61435,United States,2025-08-05,Consumer
CUST-10386,Amy Foster,amy.foster213@bizmail.io,+1-952-989-2539,8638 Broadway,Athens,GA,14392,United States,2023-12-06,Small Business
CUST-10387,Juan Richardson,juan.richardson772@yahoo.com,+1-459-692-5895,3355 Elm St,Scranton,PA,15529,United States,2024-08-08,Corporate
CUST-10388,Sharon Lewis,sharon.lewis25@outlook.com,+1-482-798-2960,6584 Cedar Blvd,FORT COLLINS,CO,52534,United States,2025-02-02,Consumer
CUST-10389,Joan Tucker,joan.tucker171@bizmail.io,+1-293-902-6544,1083 Main St,Virginia Beach,VA,42600,United States,2025-07-18,Consumer
CUST-10390,Jacqueline Ramirez,jacqueline.ramirez581@proton.me,+1-649-950-4161,449 Lakeview Ave,Memphis,TN,51515,United States,2025-09-16,Consumer
CUST-10391,Nicholas Hernandez,nicholas.hernandez311@bizmail.io,+1-394-780-4057,9006 Elm St,Mount Pleasant,SC,83272,United States,2023-09-11,Consumer
CUST-10392,Jean Fernandez,jean.fernandez470@hotmail.com,+1-469-754-7014,7539 Main St,Fort Worth,TX,30319,United States,2025-07-07,Corporate
CUST-10393,Brittany Mitchell,brittany.mitchell254@proton.me,+1-938-264-9830,6448 Cedar Blvd,Green Bay,WI,91290,United States,2026-04-23,Consumer
CUST-10394,Gloria Flores,gloria.flores339@yahoo.com,+1-298-735-2092,817 Maple Rd,Elizabeth,NJ,,United States,2024-10-29,Consumer
CUST-10395,Betty West,betty.west667@corporate.com,+1-873-701-9615,9771 Pine St,Miami,FL,84843,United States,2025-05-04,Consumer
CUST-10396,Marie Jackson,marie.jackson513@yahoo.com,+1-679-854-1994,6013 Sunset Way,West Valley City,UT,95950,United States,2026-05-05,Corporate
CUST-10397,Jack Anderson,jack.anderson864@hotmail.com,+1-279-421-9511,1691 Oak Ave,Indianapolis,IN,19225,United States,2024-12-03,Corporate
CUST-10398,Edward Roberts,edward.roberts650@outlook.com,+1-771-967-7802,1828 Broadway,Saint Paul,MN,84714,United States,2023-06-19,Consumer
CUST-10399,Theresa Barnes,theresa.barnes421@proton.me,+1-873-361-9747,9929 Park Blvd,Pittsburgh,PA,82085,United States,2025-10-30,Small Business
CUST-10400,Terry Wood,terry.wood855@proton.me,+1-823-446-9939,3604 Washington Ave,Glendale,AZ,66438,United States,2024-04-30,Corporate
CUST-10401,Shirley Castillo,shirley.castillo753@gmail.com,+1-491-810-1267,8580 Maple Rd,Cambridge,MA,10025,United States,2023-11-17,Small Business
CUST-10402,Scott Cruz,scott.cruz800@hotmail.com,+1-766-723-3534,1644 Main St,Norman,OK,12844,United States,2025-03-18,Consumer
CUST-10403,Angela Sanders,angela.sanders104@corporate.com,+1-782-422-2264,5419 Park Blvd,Columbus,GA,49361,United States,2025-01-05,Consumer
CUST-10404,Wayne Vargas,wayne.vargas758@corporate.com,+1-280-998-1916,5578 Elm St,Green Bay,WI,14898,United States,2025-11-17,Corporate
CUST-10405,Donald Collins,donald.collins322@gmail.com,+1-526-752-3450,5454 Sunset Way,Fort Collins,CO,17094,United States,2026-05-08,Consumer
CUST-10406,Alan Powell,alan.powell526@yahoo.com,+1-427-642-5747,6560 Maple Rd,Lake Charles,LA,85399,United States,2023-12-01,Consumer
CUST-10407,Arthur Gonzalez,arthur.gonzalez418@corporate.com,+1-992-914-3136,2309 Park Blvd,Tacoma,WA,21151,United States,2023-05-05,Consumer
CUST-10408,Willie Wells,willie.wells262@icloud.com,+1-273-472-8046,5398 Broadway,Independence,MO,78714,United States,2025-04-25,Small Business
CUST-10409,Amber Bell,amber.bell338@proton.me,+1-808-871-1396,5094 Maple Rd,Chesapeake,VA,34967,United States,2024-01-15,Small Business
CUST-10410,Olivia Hunter,olivia.hunter214@proton.me,+1-359-975-2405,1941 Lakeview Ave,Boston,MA,40603,United States,2025-08-06,Consumer
CUST-10411,Donna Kelly,donna.kelly470@bizmail.io,+1-223-539-4424,8914 Cedar Blvd,Newark,NJ,49992,United States,2026-05-03,Consumer
CUST-10412,Eric Harrison,eric.harrison28@corporate.com,+1-796-879-9631,812 Pine St,Madison,WI,97590,United States,2023-09-15,Consumer
CUST-10413,Roy Porter,roy.porter977@gmail.com,+1-268-597-5445,6001 Oak Ave,Yonkers,NY,95820,United States,2024-11-22,Consumer
CUST-10414,Willie Foster,willie.foster935@proton.me,+1-696-811-9709,1542 Maple Rd,Bellevue,WA,23055,United States,2025-02-12,Consumer
CUST-10415,Ann Garcia,ann.garcia351@bizmail.io,+1-602-962-3572,401 Elm St,Savannah,GA,49967,United States,2026-03-11,Consumer
CUST-10416,Nicole Stewart,nicole.stewart273@corporate.com,+1-230-768-5590,3795 Maple Rd,Charlotte,NC,92023,United States,2023-08-09,Consumer
CUST-10417,Emily Thompson,emily.thompson712@icloud.com,+1-627-446-3502,7087 Pine St,Carmel,IN,91988,United States,2024-04-09,Small Business
CUST-10418,Carl King,carl.king564@icloud.com,+1-341-516-9582,2315 Washington Ave,Colorado Springs,CO,86156,United States,2025-04-03,Small Business
CUST-10419,Donna Munoz,donna.munoz79@yahoo.com,+1-388-525-3384,583 Elm St,West Valley City,UT,51614,United States,2023-04-01,Corporate
CUST-10420,Virginia Cox,virginia.cox807@icloud.com,+1-309-334-4026,529 Highland Dr,Montgomery,AL,29917,United States,2023-12-06,Consumer
CUST-10421,Joe Reyes,joe.reyes377@yahoo.com,+1-904-998-8808,2296 Sunset Way,Athens,GA,13418,United States,2025-02-10,Corporate
CUST-10422,Willie Myers,willie.myers495@outlook.com,,628 Washington Ave,Broken Arrow,OK,74414,United States,2025-05-20,Corporate
CUST-10423,Helen Bell,helen.bell77@outlook.com,+1-649-831-9027,5423 Park Blvd,Birmingham,AL,36812,United States,2025-03-02,Corporate
CUST-10424,Bradley Hernandez,bradley.hernandez636@gmail.com,+1-733-311-8399,7585 Main St,Montgomery,AL,61662,United States,2024-04-12,Corporate
CUST-10425,Jacqueline Jenkins,jacqueline.jenkins793@gmail.com,+1-394-498-8201,6621 Pine St,Columbia,MO,77649,United States,2026-03-12,Corporate
CUST-10426,Kevin Henderson,kevin.henderson935@outlook.com,+1-674-861-8400,1581 Lakeview Ave,Milwaukee,WI,77760,United States,2024-10-06,Consumer
CUST-10427,Sara Owens,sara.owens471@gmail.com,+1-383-664-4308,7549 Oak Ave,Vancouver,WA,52396,United States,2025-08-27,Consumer
CUST-10428,Randy Adams,randy.adams659@proton.me,+1-287-736-7292,8483 Highland Dr,Houston,TX,68903,United States,2025-09-20,Small Business
CUST-10429,Ruth Lopez,ruth.lopez902@outlook.com,+1-366-348-3930,940 Washington Ave,Provo,UT,84120,United States,2025-06-16,Consumer
CUST-10430,Zachary Kelly,zachary.kelly13@hotmail.com,+1-212-669-9153,8269 Sunset Way,Orlando,FL,36588,United States,2025-05-26,Corporate
CUST-10431,Harold Stewart,harold.stewart429@bizmail.io,+1-281-815-1107,4109 Sunset Way,Gaithersburg,MD,69472,United States,2025-03-13,Consumer
CUST-10432,Rebecca Gonzalez,rebecca.gonzalez367@gmail.com,+1-348-233-5889,5524 Oak Ave,Chicago,IL,95626,United States,2025-05-18,Consumer
CUST-10433,Amanda Adams,amanda.adams816@outlook.com,+1-666-967-6901,687 Oak Ave,Racine,WI,85010,United States,2024-10-26,Corporate
CUST-10434,Ruth Moore,ruth.moore309@bizmail.io,+1-337-324-5496,5493 Sunset Way,Hillsboro,OR,18509,United States,2024-01-07,Consumer
CUST-10435,Rebecca Olson,rebecca.olson551@yahoo.com,+1-695-941-5705,7096 Highland Dr,St. Petersburg,FL,92441,United States,2026-02-01,Corporate
CUST-10436,Kathryn Hunter,kathryn.hunter586@bizmail.io,+1-732-946-9154,8169 Maple Rd,West Valley City,UT,90516,United States,2024-06-06,Corporate
CUST-10437,Justin Roberts,justin.roberts650@yahoo.com,+1-955-412-7793,6883 Main St,Miami,FL,70933,United States,2026-05-28,Consumer
CUST-10438,Julia Diaz,julia.diaz270@yahoo.com,+1-515-507-9301,9111 Elm St,Colorado Springs,CO,46913,United States,2026-05-08,Corporate
CUST-10439,Christine Mendoza,christine.mendoza993@gmail.com,+1-379-398-6415,5636 Broadway,Tuscaloosa,AL,90739,United States,2024-03-11,Consumer
CUST-10440,Elizabeth Mason,elizabeth.mason481@proton.me,+1-673-623-1917,8637 Pine St,Memphis,TN,92208,United States,2025-08-26,Consumer
CUST-10441,Sean Castro,sean.castro349@proton.me,+1-267-352-5595,610 Elm St,Akron,OH,99848,United States,2026-04-23,Small Business
CUST-10442,Kevin Wells,kevin.wells895@hotmail.com,+1-922-522-1518,4548 Washington Ave,Reading,PA,25315,United States,2024-03-25,Consumer
CUST-10443,Janet Jordan,janet.jordan189@yahoo.com,+1-583-238-4311,1617 Park Blvd,Akron,OH,49625,United States,2024-09-19,Consumer
CUST-10444,Keith Flores,keith.flores327@proton.me,+1-346-987-2609,8556 Broadway,Elizabeth,NJ,78632,United States,2025-05-07,Small Business
CUST-10445,Elizabeth Alexander,elizabeth.alexander14@hotmail.com,+1-245-903-2426,5560 Park Blvd,Greenville,SC,25182,United States,2024-03-29,Corporate
CUST-10446,Johnny Richardson,johnny.richardson923@icloud.com,+1-528-405-4154,4795 Pine St,Rockville,MD,93735,United States,2026-04-15,Consumer
CUST-10447,Amber Walker,amber.walker127@gmail.com,+1-837-773-9422,1777 Cedar Blvd,Aurora,IL,45866,United States,2024-11-19,Consumer
CUST-10448,Helen Torres,helen.torres82@hotmail.com,+1-827-546-9856,7368 Main St,Frederick,MD,32449,United States,2024-10-28,Consumer
CUST-10449,Alan Gonzalez,alan.gonzalez446@corporate.com,+1-383-921-8304,5926 Pine St,Seattle,WA,21287,United States,2025-10-27,Consumer
CUST-10450,Bobby Ford,bobby.ford144@yahoo.com,+1-915-679-2593,7564 Pine St,West Jordan,UT,84421,United States,2025-12-22,Consumer
CUST-10451,Lauren Reynolds,lauren.reynolds891@hotmail.com,+1-572-601-4004,5512 Elm St,Henderson,NV,,United States,2025-02-11,Consumer
CUST-10452,Joan Lewis,joan.lewis299@proton.me,+1-818-788-3087,8422 Oak Ave,Chattanooga,TN,32387,United States,2024-06-11,Consumer
CUST-10453,Betty Wood,betty.wood555@bizmail.io,+1-610-804-7773,4008 Highland Dr,Denver,CO,49599,United States,2023-04-19,Consumer
CUST-10454,Evelyn Foster,evelyn.foster451@corporate.com,+1-780-550-9921,3969 Maple Rd,Jersey City,NJ,87459,United States,2026-01-16,Consumer
CUST-10455,  Randy Wells  ,randy.wells484@proton.me,+1-768-299-8294,2986 Pine St,St. Petersburg,FL,88128,United States,2023-09-08,Small Business
CUST-10456,Betty Tucker,betty.tucker686@gmail.com,+1-292-422-3276,9615 Broadway,Elizabeth,NJ,94540,United States,2024-04-15,Corporate
CUST-10457,Denise Hill,denise.hill640@bizmail.io,+1-400-410-6187,5010 Highland Dr,Springfield,MO,61115,United States,2023-11-16,Corporate
CUST-10458,Victoria Ruiz,victoria.ruiz532@corporate.com,,6149 Sunset Way,Baltimore,MD,90149,United States,2025-11-30,Small Business
CUST-10459,Ann Alvarez,ann.alvarez250@corporate.com,+1-919-804-7459,5312 Lakeview Ave,Norman,OK,14087,United States,2025-10-19,Consumer
CUST-10460,Frances Diaz,frances.diaz578@corporate.com,,4826 Broadway,Memphis,TN,34671,United States,2025-06-10,Consumer
CUST-10461,Judy Jones,judy.jones457@outlook.com,+1-286-340-7813,7571 Lakeview Ave,Mobile,AL,96235,United States,2025-08-10,Consumer
CUST-10462,George Patterson,george.patterson403@proton.me,+1-431-390-7959,221 Highland Dr,Scottsdale,AZ,68988,United States,2023-07-23,Consumer
CUST-10463,Randy Herrera,randy.herrera385@gmail.com,+1-238-781-8917,6138 Oak Ave,Scottsdale,AZ,85543,United States,2024-11-26,Consumer
CUST-10464,Christopher Torres,christopher.torres539@yahoo.com,+1-735-824-2449,4117 Park Blvd,Norman,OK,70940,United States,2023-06-18,Consumer
CUST-10465,Amber Martin,amber.martin637@gmail.com,+1-551-747-1176,7781 Park Blvd,Covington,KY,50959,United States,2023-05-23,Consumer
CUST-10466,Brittany James,brittany.james181@gmail.com,+1-911-811-5981,9335 Pine St,Chesapeake,VA,47907,United States,2024-01-20,Consumer
CUST-10467,Carol Wells,carol.wells37@hotmail.com,+1-696-284-3077,8383 Oak Ave,Rochester,MN,91830,United States,2026-02-15,Corporate
CUST-10468,Kimberly Simpson,kimberly.simpson769@yahoo.com,+1-818-378-3476,7417 Elm St,Greensboro,NC,11861,United States,2024-11-02,Corporate
CUST-10469,Theresa Stewart,theresa.stewart361@yahoo.com,+1-348-809-3525,8225 Washington Ave,Reading,PA,14337,United States,2023-09-11,Corporate
CUST-10470,Douglas Shaw,douglas.shaw65@hotmail.com,+1-973-318-1860,2845 Park Blvd,Akron,OH,55229,United States,2025-06-23,Consumer
CUST-10471,Isabella Ford,isabella.ford278@outlook.com,+1-743-645-1194,4831 Park Blvd,Vancouver,WA,72205,United States,2025-02-07,Consumer
CUST-10472,Martha Hernandez,martha.hernandez372@corporate.com,+1-825-867-5466,5588 Pine St,Orem,UT,93548,United States,2025-11-13,Consumer
CUST-10473,Grace Chen,grace.chen612@icloud.com,,5232 Sunset Way,Worcester,MA,98065,United States,2024-03-21,Consumer
CUST-10474,Sarah Brown,sarah.brown711@bizmail.io,+1-559-424-5641,4227 Cedar Blvd,St. Petersburg,FL,23619,United States,2024-02-09,Consumer
CUST-10475,Joseph Tucker,joseph.tucker134@yahoo.com,+1-288-819-3128,6259 Broadway,Sparks,NV,93634,United States,2025-03-13,Corporate
CUST-10476,Melissa Lewis,melissa.lewis686@yahoo.com,+1-854-664-5528,7095 Lakeview Ave,Greensboro,NC,71204,United States,2025-05-19,Small Business
CUST-10477,Samuel Rogers,samuel.rogers805@gmail.com,+1-591-597-6450,1084 Pine St,New Orleans,LA,46344,United States,2025-07-04,Small Business
CUST-10478,Douglas Moore,douglas.moore412@outlook.com,+1-860-703-2776,2457 Sunset Way,West Valley City,UT,89993,United States,2023-08-28,Corporate
CUST-10479,Bruce Ramirez,bruce.ramirez45@yahoo.com,+1-272-785-5105,7405 Main St,North Charleston,SC,23538,United States,2023-12-09,Corporate
CUST-10480,Julia Smith,julia.smith165@proton.me,+1-600-788-1060,8544 Lakeview Ave,Bloomington,MN,44922,United States,2026-03-15,Small Business
CUST-10481,Victoria Russell,victoria.russell403@bizmail.io,+1-324-780-9770,5980 Elm St,St. Louis,MO,10433,United States,2026-01-08,Consumer
CUST-10482,Abigail Mason,abigail.mason92@bizmail.io,+1-978-984-5750,3427 Maple Rd,Newport News,VA,54572,United States,2025-11-27,Consumer
CUST-10483,Denise Carter,denise.carter655@proton.me,+1-698-286-8175,3204 Maple Rd,Mount Pleasant,SC,,United States,2024-09-26,Consumer
CUST-10484,Janice Morris,janice.morris668@hotmail.com,+1-711-746-8361,368 Main St,Seattle,WA,80851,United States,2023-09-03,Consumer
CUST-10485,Eugene Hernandez,eugene.hernandez693@bizmail.io,+1-894-749-3440,9592 Cedar Blvd,Orlando,FL,,United States,2024-02-21,Small Business
CUST-10486,Andrew Cole,andrew.cole258@outlook.com,+1-214-376-1818,5135 Oak Ave,Clarksville,TN,16003,United States,2026-04-22,Consumer
CUST-10487,Janice Taylor,janice.taylor828@icloud.com,+1-264-407-7983,5627 Lakeview Ave,Jacksonville,FL,87984,United States,2025-10-26,Consumer
CUST-10488,Beverly Vargas,beverly.vargas792@gmail.com,+1-807-377-6496,1135 Oak Ave,Naperville,IL,37948,United States,2023-05-10,Consumer
CUST-10489,Carol Patel,carol.patel957@gmail.com,+1-336-302-7162,2684 Main St,Erie,PA,41934,United States,2023-04-24,Corporate
CUST-10490,Mary Rivera,mary.rivera436@bizmail.io,+1-908-329-4377,2444 Broadway,Greenville,SC,47189,United States,2025-11-30,Consumer
CUST-10491,Kathleen Hall,kathleen.hall636@yahoo.com,+1-842-508-6699,6961 Main St,Madison,WI,75521,United States,2026-03-15,Consumer
CUST-10492,Martha Harris,martha.harris234@bizmail.io,+1-988-841-4409,4628 Main St,Edmond,OK,76524,United States,2024-05-20,Consumer
CUST-10493,Beverly Griffin,beverly.griffin954@gmail.com,+1-255-860-6966,4770 Cedar Blvd,Pittsburgh,PA,97836,United States,2023-08-17,Consumer
CUST-10494,Bobby Patterson,bobby.patterson957@outlook.com,+1-361-229-8947,8536 Oak Ave,Tallahassee,FL,16875,United States,2026-03-04,Consumer
CUST-10495,Olivia Webb,olivia.webb929@proton.me,+1-435-997-2804,5443 Cedar Blvd,Tucson,AZ,98716,United States,2024-08-02,Consumer
CUST-10496,Stephanie Long,stephanie.long506@gmail.com,+1-646-348-4541,7554 Maple Rd,Austin,TX,86689,United States,2025-03-06,Consumer
CUST-10497,Eugene Roberts,eugene.roberts140@gmail.com,+1-908-782-1977,4697 Maple Rd,Raleigh,NC,54025,United States,2024-05-27,Consumer
CUST-10498,Julie Baker,julie.baker170@outlook.com,+1-791-766-4763,1516 Washington Ave,Columbus,GA,89119,United States,2024-06-27,Corporate
CUST-10499,Sharon Webb,sharon.webb24@corporate.com,+1-953-452-5060,5462 Washington Ave,Gresham,OR,46591,United States,2023-10-05,Consumer
CUST-10500,Janice Hill,janice.hill491@gmail.com,+1-635-743-7460,7952 Lakeview Ave,Phoenix,AZ,15250,United States,2026-05-21,Corporate
CUST-10501,Kathleen Perez,kathleen.perez982@icloud.com,,4016 Broadway,New Orleans,LA,63296,United States,2023-04-14,Small Business
CUST-10502,Amber Ward,amber.ward775@gmail.com,+1-665-674-3271,6741 Maple Rd,Mount Pleasant,SC,84760,United States,2025-07-04,Corporate
CUST-10503,Kyle Silva,kyle.silva924@proton.me,+1-743-233-5859,7077 Pine St,Oklahoma City,OK,60446,United States,2026-05-29,Consumer
CUST-10504,Kathryn Turner,kathryn.turner537@proton.me,+1-252-313-7274,6089 Park Blvd,Green Bay,WI,17184,United States,2025-12-17,Consumer
CUST-10505,Brian Mason,brian.mason736@icloud.com,+1-341-542-4909,8941 Oak Ave,Charleston,SC,83499,United States,2023-04-13,Consumer
CUST-10506,Philip Henry,philip.henry371@hotmail.com,+1-715-896-7929,4640 Main St,Baton Rouge,LA,52003,United States,2025-03-28,Consumer
CUST-10507,Jeremy Herrera,jeremy.herrera736@hotmail.com,+1-662-835-7031,1175 Cedar Blvd,Portland,OR,71625,United States,2023-06-18,Corporate
CUST-10508,Christopher Powell,christopher.powell178@hotmail.com,+1-314-913-3424,8231 Maple Rd,Detroit,MI,24334,United States,2025-05-30,Corporate
CUST-10509,Billy Garcia,billy.garcia964@outlook.com,+1-685-555-7883,7372 Lakeview Ave,Glendale,AZ,80966,United States,2024-10-08,Consumer
CUST-10510,Thomas Garcia,thomas.garcia353@corporate.com,+1-792-551-6346,8065 Highland Dr,Hillsboro,OR,94498,United States,2025-02-10,Consumer
CUST-10511,Terry Simmons,terry.simmons929@hotmail.com,+1-375-466-4715,8033 Elm St,Ann Arbor,MI,27295,United States,2023-11-06,Small Business
CUST-10512,Richard Nguyen,richard.nguyen643@outlook.com,+1-928-748-5673,3086 Maple Rd,Sterling Heights,MI,31805,United States,2024-06-07,Corporate
CUST-10513,Logan Flores,logan.flores334@outlook.com,+1-651-466-7056,3122 Cedar Blvd,Atlanta,GA,,United States,2025-07-05,Consumer
CUST-10514,Samantha Ruiz,samantha.ruiz176@hotmail.com,+1-324-225-7628,8282 Maple Rd,Richmond,VA,80761,United States,2025-08-02,Small Business
CUST-10515,Michelle Johnson,michelle.johnson732@hotmail.com,+1-685-496-3409,9360 Lakeview Ave,Evansville,IN,94835,United States,2023-05-09,Small Business
CUST-10516,Wayne Lewis,wayne.lewis704@yahoo.com,+1-515-225-7580,3710 Park Blvd,Bridgeport,CT,28274,United States,2023-09-24,Consumer
CUST-10517,Alice Snyder,alice.snyder810@hotmail.com,+1-400-223-2369,8921 Park Blvd,Bowie,MD,39116,United States,2025-04-27,Consumer
CUST-10518,Andrea Powell,andrea.powell629@gmail.com,+1-882-569-7513,2523 Lakeview Ave,Knoxville,TN,89058,United States,2025-04-28,Corporate
CUST-10519,Janet Brown,janet.brown466@yahoo.com,+1-420-945-8278,6909 Park Blvd,Chesapeake,VA,50381,United States,2024-10-26,Consumer
CUST-10520,Henry Coleman,henry.coleman98@outlook.com,+1-412-510-8776,8706 Elm St,Hillsboro,OR,88372,United States,2025-08-19,Consumer
CUST-10521,Charlotte Long,charlotte.long946@hotmail.com,+1-624-379-8571,9404 Maple Rd,San Jose,CA,93729,United States,2025-12-01,Consumer
CUST-10522,Justin Fernandez,justin.fernandez321@bizmail.io,+1-772-957-8593,3778 Main St,Rochester,NY,86704,United States,2023-08-31,Corporate
CUST-10523,Scott Shaw,scott.shaw924@hotmail.com,+1-627-383-9059,4109 Main St,Tallahassee,FL,97282,United States,2023-10-07,Consumer
CUST-10524,Sarah Guzman,sarah.guzman456@hotmail.com,+1-843-902-8799,2059 Elm St,Gaithersburg,MD,84130,United States,2024-05-21,Consumer
CUST-10525,Eric Adams,eric.adams909@outlook.com,+1-565-367-1866,4567 Elm St,Naperville,IL,70429,United States,2026-02-01,Consumer
CUST-10526,Catherine Gonzalez,catherine.gonzalez968@yahoo.com,+1-726-398-4002,1648 Highland Dr,Ann Arbor,MI,93747,United States,2024-10-15,Corporate
CUST-10527,Benjamin Cox,benjamin.cox557@proton.me,+1-347-213-3243,8589 Pine St,Rochester,MN,22561,United States,2024-11-22,Consumer
CUST-10528,Debra Adams,debra.adams236@icloud.com,+1-772-828-9612,8817 Lakeview Ave,Cleveland,OH,75979,United States,2025-11-03,Consumer
CUST-10529,Sandra Coleman,sandra.coleman848@outlook.com,+1-217-691-6705,5204 Lakeview Ave,Salt Lake City,UT,25278,United States,2023-10-31,Consumer
CUST-10530,Dylan Aguilar,dylan.aguilar39@yahoo.com,+1-427-331-3332,3812 Pine St,Scranton,PA,49935,United States,2024-06-30,Consumer
CUST-10531,Christopher Henderson,christopher.henderson785@corporate.com,+1-243-401-2766,637 Broadway,houston,TX,73472,United States,2025-10-15,Consumer
CUST-10532,Nicholas Lopez,nicholas.lopez811@yahoo.com,+1-816-410-4277,3127 Broadway,Detroit,MI,22648,United States,2026-01-16,Consumer
CUST-10533,Isabella Bailey,isabella.bailey809@icloud.com,+1-717-783-2119,1723 Highland Dr,Norfolk,VA,75619,United States,2024-06-18,Corporate
CUST-10534,Marie Roberts,marie.roberts752@yahoo.com,+1-419-716-8777,6104 Lakeview Ave,Reading,PA,10567,United States,2024-10-31,Consumer
CUST-10535,Betty Campbell,betty.campbell536@icloud.com,+1-617-315-6149,2125 Park Blvd,Vancouver,WA,38085,United States,2024-06-04,Consumer
CUST-10536,Rose Castillo,rose.castillo345@bizmail.io,+1-318-594-5646,7586 Highland Dr,Kansas City,MO,20780,United States,2024-10-18,Corporate
CUST-10537,Olivia Edwards,olivia.edwards203@yahoo.com,+1-687-895-7020,3037 Main St,Mesa,AZ,66093,United States,2023-04-23,Small Business
CUST-10538,Anthony Jenkins,anthony.jenkins156@corporate.com,+1-610-911-2666,2864 Oak Ave,Indianapolis,IN,25626,United States,2023-12-16,Consumer
CUST-10539,Stephanie Tucker,stephanie.tucker752@bizmail.io,+1-485-983-5472,6657 Elm St,Orlando,FL,65666,United States,2024-02-24,Consumer
CUST-10540,Diane West,diane.west120@yahoo.com,+1-456-701-9147,3881 Broadway,Raleigh,NC,,United States,2023-07-19,Small Business
CUST-10541,Russell Wilson,russell.wilson401@proton.me,+1-356-510-2578,1353 Broadway,Nashville,TN,33474,United States,2026-01-12,Corporate
CUST-10542,Lauren Phillips,lauren.phillips526@hotmail.com,+1-755-551-9856,9055 Main St,Bloomington,MN,,United States,2024-10-07,Small Business
CUST-10543,Nathan Walker,nathan.walker463@bizmail.io,+1-236-233-3897,9220 Broadway,Springfield,MA,59327,United States,2024-04-06,Corporate
CUST-10544,Ralph Nelson,ralph.nelson742@corporate.com,+1-699-982-2792,9420 Broadway,Tucson,AZ,50954,United States,2023-08-29,Consumer
CUST-10545,Carl Wells,carl.wells528@gmail.com,+1-600-469-9105,9783 Washington Ave,Clarksville,TN,30487,United States,2023-10-12,Consumer
CUST-10546,Larry Chavez,larry.chavez141@proton.me,+1-557-959-1440,5691 Washington Ave,Sacramento,CA,15913,United States,2026-01-26,Consumer
CUST-10547,Catherine Bell,catherine.bell263@icloud.com,+1-863-519-2391,1173 Pine St,Albany,NY,42011,United States,2024-06-11,Consumer
CUST-10548,Jacqueline Wood,jacqueline.wood537@corporate.com,+1-473-220-8695,9733 Main St,Cambridge,MA,84455,United States,2026-03-16,Small Business
CUST-10549,Maria Chavez,maria.chavez717@icloud.com,+1-544-708-9237,5663 Maple Rd,Owensboro,KY,23114,United States,2025-11-12,Consumer
CUST-10550,Victoria Phillips,victoria.phillips229@hotmail.com,+1-471-248-5871,9496 Washington Ave,Denver,CO,80232,United States,2023-08-18,Corporate
CUST-10551,Lisa Henry,lisa.henry78@bizmail.io,+1-637-414-6690,1356 Broadway,Rockville,MD,45830,United States,2025-11-18,Corporate
CUST-10552,Scott Gonzales,scott.gonzales421@hotmail.com,+1-839-727-8425,9071 Maple Rd,Jersey City,NJ,64304,United States,2023-05-22,Corporate
CUST-10553,Roger Mitchell,roger.mitchell284@corporate.com,+1-779-944-1981,8656 Cedar Blvd,Dayton,OH,71249,United States,2023-08-13,Consumer
CUST-10554,Joshua Kim,joshua.kim659@icloud.com,+1-622-473-5702,2731 Pine St,Mesa,AZ,18444,United States,2023-12-22,Consumer
CUST-10555,Kathleen Robinson,kathleen.robinson826@hotmail.com,+1-675-697-8145,7014 Broadway,Columbus,OH,42189,United States,2025-07-28,Small Business
CUST-10556,Helen Wright,helen.wright573@outlook.com,+1-859-243-8960,426 Main St,Greensboro,NC,96333,United States,2026-04-02,Corporate
CUST-10557,Bryan Kim,bryan.kim697@yahoo.com,+1-606-941-3302,3967 Oak Ave,Hartford,CT,57636,United States,2026-01-21,Consumer
CUST-10558,Donald Aguilar,donald.aguilar253@yahoo.com,+1-991-520-6395,9673 Lakeview Ave,Durham,NC,21829,United States,2023-06-21,Consumer
CUST-10559,Jacob Henderson,jacob.henderson229@hotmail.com,+1-650-618-5166,9758 Main St,Chicago,IL,32957,United States,2025-03-11,Consumer
CUST-10560,Mark Brooks,mark.brooks262@hotmail.com,+1-348-571-8786,6125 Pine St,Chandler,AZ,99487,United States,2023-05-10,Consumer
CUST-10561,Alice Rodriguez,alice.rodriguez575@corporate.com,+1-516-854-6945,2099 Sunset Way,Columbia,SC,43158,United States,2026-02-09,Corporate
CUST-10562,Maria Williams,maria.williams102@icloud.com,+1-504-415-3625,7290 Broadway,Provo,UT,49438,United States,2024-03-18,Consumer
CUST-10563,Bruce Sullivan,bruce.sullivan492@corporate.com,+1-540-934-7920,1744 Maple Rd,Charlotte,NC,74447,United States,2026-03-23,Consumer
CUST-10564,Patrick Butler,patrick.butler721@gmail.com,+1-980-253-4010,7364 Broadway,Montgomery,AL,69409,United States,2023-05-06,Consumer
CUST-10565,Billy Ward,billy.ward171@icloud.com,+1-728-930-3131,9832 Broadway,Baltimore,MD,24526,United States,2024-08-27,Consumer
CUST-10566,Kelly Wallace,kelly.wallace856@proton.me,+1-488-403-2382,6891 Elm St,Raleigh,NC,87728,United States,2025-08-31,Consumer
CUST-10567,Arthur Edwards,arthur.edwards672@icloud.com,+1-291-673-4248,4389 Lakeview Ave,LAS VEGAS,NV,83207,United States,2026-04-19,Corporate
CUST-10568,Jean Gutierrez,jean.gutierrez979@yahoo.com,+1-214-935-9615,7229 Park Blvd,Dallas,TX,32298,United States,2025-07-30,Corporate
CUST-10569,Laura Evans,laura.evans774@bizmail.io,+1-591-333-8066,3485 Highland Dr,Reno,NV,47743,United States,2025-05-06,Consumer
CUST-10570,Vincent Carter,vincent.carter39@hotmail.com,+1-468-441-8388,4168 Elm St,Erie,PA,29129,United States,2024-01-26,Consumer
CUST-10571,Nancy Williams,nancy.williams713@icloud.com,+1-930-592-7935,9884 Pine St,Naperville,IL,62108,United States,2023-10-14,Consumer
CUST-10572,Susan Bennett,susan.bennett971@gmail.com,+1-205-459-9266,6341 Pine St,Knoxville,TN,89478,United States,2025-02-05,Small Business
CUST-10573,Kimberly Woods,kimberly.woods183@bizmail.io,+1-547-679-3161,1568 Elm St,Frederick,MD,44116,United States,2026-03-08,Corporate
CUST-10574,Eric Robinson,eric.robinson902@hotmail.com,+1-965-569-8046,4735 Pine St,Buffalo,NY,75432,United States,2024-08-28,Consumer
CUST-10575,Angela Medina,angela.medina764@bizmail.io,+1-982-354-8208,971 Cedar Blvd,Tucson,AZ,51358,United States,2024-08-28,Consumer
CUST-10576,Elizabeth Reynolds,elizabeth.reynolds456@yahoo.com,+1-706-241-8233,5941 Lakeview Ave,Scranton,PA,71228,United States,2024-12-15,Consumer
CUST-10577,Mark Nguyen,mark.nguyen899@hotmail.com,+1-384-372-9335,4569 Highland Dr,Virginia Beach,VA,36703,United States,2025-09-20,Corporate
CUST-10578,Sara Johnson,sara.johnson436@yahoo.com,+1-452-986-9161,1645 Elm St,Lake Charles,LA,33667,United States,2023-06-19,Consumer
CUST-10579,Juan Young,juan.young867@proton.me,+1-357-229-2328,7640 Lakeview Ave,Newport News,VA,23902,United States,2024-03-15,Consumer
CUST-10580,Jonathan Tucker,jonathan.tucker647@bizmail.io,+1-532-949-3118,3563 Main St,Newark,NJ,96005,United States,2026-05-20,Corporate
CUST-10581,Joseph Jackson,joseph.jackson104@corporate.com,+1-461-382-4933,6635 Oak Ave,Sparks,NV,59989,United States,2023-05-07,Consumer
CUST-10582,Maria Russell,maria.russell315@bizmail.io,+1-642-953-6080,9987 Maple Rd,Colorado Springs,CO,25807,United States,2024-10-25,Consumer
CUST-10583,Jack Tran,jack.tran497@hotmail.com,+1-776-814-7931,1578 Washington Ave,Chattanooga,TN,60867,United States,2025-04-17,Corporate
CUST-10584,Victoria Mendez,victoria.mendez359@bizmail.io,+1-892-429-3540,8215 Sunset Way,Houston,TX,77284,United States,2024-01-10,Consumer
CUST-10585,Justin Graham,justin.graham162@outlook.com,+1-900-507-5073,8670 Washington Ave,austin,TX,49373,United States,2023-12-18,Consumer
CUST-10586,Barbara Tran,barbara.tran106@bizmail.io,+1-876-937-5151,5923 Pine St,South Bend,IN,64135,United States,2025-10-23,Consumer
CUST-10587,Robert Robinson,robert.robinson56@yahoo.com,+1-626-921-5876,5243 Highland Dr,Pittsburgh,PA,61505,United States,2023-10-27,Corporate
CUST-10588,Kelly Hunter,kelly.hunter199@yahoo.com,,1842 Washington Ave,Jersey City,NJ,37665,United States,2024-12-05,Consumer
CUST-10589,Sandra Brown,sandra.brown718@corporate.com,+1-873-962-8974,5061 Highland Dr,Fort Collins,CO,70314,United States,2025-06-14,Corporate
CUST-10590,Wayne Jenkins,wayne.jenkins24@icloud.com,+1-314-216-4083,539 Cedar Blvd,San Antonio,TX,27709,United States,2024-09-19,Consumer
CUST-10591,Kathleen Fisher,kathleen.fisher798@bizmail.io,+1-351-685-7912,457 Oak Ave,Columbus,OH,49441,United States,2023-05-24,Consumer
CUST-10592,Theresa Simmons,theresa.simmons609@icloud.com,+1-406-501-7418,934 Elm St,Nashville,TN,68918,United States,2023-09-11,Consumer
CUST-10593,Randy Gonzales,randy.gonzales620@hotmail.com,+1-237-699-7548,8064 Sunset Way,Broken Arrow,OK,85846,United States,2024-01-31,Consumer
CUST-10594,Marilyn West,marilyn.west29@corporate.com,+1-790-523-2040,4488 Broadway,Charleston,SC,79246,United States,2025-02-11,Consumer
CUST-10595,Harold Hunter,harold.hunter175@hotmail.com,+1-943-396-8688,5733 Park Blvd,Cambridge,MA,12727,United States,2024-06-20,Consumer
CUST-10596,Beverly Gray,beverly.gray992@corporate.com,+1-889-868-6902,7838 Maple Rd,Naperville,IL,61166,United States,2023-10-15,Consumer
CUST-10597,Isabella Thompson,isabella.thompson170@bizmail.io,+1-303-625-9089,5075 Cedar Blvd,aurora,IL,36146,United States,2023-09-16,Consumer
CUST-10598,Eric Alvarez,eric.alvarez836@yahoo.com,+1-545-640-2867,3814 Oak Ave,Reading,PA,14190,United States,2025-07-11,Consumer
CUST-10599,Debra Price,debra.price927@outlook.com,+1-906-727-2706,926 Park Blvd,Lake Charles,LA,45060,United States,2026-02-25,Corporate
CUST-10600,Charlotte Lewis,charlotte.lewis810@yahoo.com,+1-775-242-9311,1827 Maple Rd,Covington,KY,89908,United States,2025-10-27,Consumer
CUST-10601,Raymond Green,raymond.green520@yahoo.com,+1-357-862-6959,5582 Maple Rd,Mount Pleasant,SC,76308,United States,2024-10-10,Consumer
CUST-10602,Adam Johnson,adam.johnson303@outlook.com,+1-287-472-7101,6899 Elm St,Gresham,OR,54737,United States,2025-01-14,Consumer
CUST-10603,Philip Murray,philip.murray831@corporate.com,+1-623-619-8516,8556 Broadway,Lexington,KY,,United States,2024-01-19,Consumer
CUST-10604,Donna Williams,donna.williams356@proton.me,+1-611-990-3692,7211 Main St,Las Vegas,NV,,United States,2023-07-07,Consumer
CUST-10605,Bruce Hill,bruce.hill439@corporate.com,+1-897-917-5986,5239 Elm St,Lakewood,CO,48761,United States,2026-02-02,Consumer
CUST-10606,Martha Olson,martha.olson669@icloud.com,+1-757-839-8244,5756 Broadway,Mount Pleasant,SC,68482,United States,2025-08-04,Consumer
CUST-10607,Nicole Perez,nicole.perez752@outlook.com,+1-732-753-5651,3601 Oak Ave,Springfield,MO,61117,United States,2026-03-17,Consumer
CUST-10608,Debra Silva,debra.silva616@hotmail.com,+1-447-992-5979,7026 Sunset Way,los angeles,CA,80770,United States,2025-07-08,Consumer
CUST-10609,Billy Gibson,billy.gibson973@yahoo.com,+1-659-505-1085,7524 Elm St,Miami,FL,95322,United States,2024-06-05,Small Business
CUST-10610,Lawrence Washington,lawrence.washington368@hotmail.com,+1-491-882-3293,6287 Sunset Way,Edmond,OK,40649,United States,2023-06-04,Corporate
CUST-10611,Roger Chen,roger.chen110@outlook.com,+1-928-635-7751,1442 Oak Ave,Eugene,OR,69547,United States,2025-05-02,Consumer
CUST-10612,Joan Diaz,joan.diaz548@corporate.com,+1-802-772-9502,6568 Pine St,Dallas,TX,98712,United States,2023-11-30,Consumer
CUST-10613,Douglas Cole,douglas.cole527@outlook.com,+1-696-928-8499,2219 Lakeview Ave,Salem,OR,28919,United States,2024-01-29,Consumer
CUST-10614,Danielle Diaz,danielle.diaz976@proton.me,+1-321-816-7694,1907 Oak Ave,Nashville,TN,30557,United States,2023-11-11,Consumer
CUST-10615,Hannah Flores,hannah.flores320@hotmail.com,+1-697-228-3340,2428 Highland Dr,Chesapeake,VA,59081,United States,2025-10-02,Consumer
CUST-10616,Brandon Reed,brandon.reed12@yahoo.com,+1-760-557-2106,832 Washington Ave,Scranton,PA,74067,United States,2025-03-16,Consumer
CUST-10617,Kelly Gray,kelly.gray790@outlook.com,+1-716-851-8551,7471 Broadway,Clarksville,TN,27407,United States,2024-04-19,Consumer
CUST-10618,Katherine Thompson,katherine.thompson357@gmail.com,+1-886-653-5544,1550 Maple Rd,Spokane,WA,61825,United States,2024-02-13,Corporate
CUST-10619,Alexis Richardson,alexis.richardson582@yahoo.com,+1-397-833-9877,9551 Main St,Denver,CO,94399,United States,2023-04-08,Small Business
CUST-10620,Philip Griffin,philip.griffin684@outlook.com,+1-219-481-4371,4118 Lakeview Ave,Bridgeport,CT,25765,United States,2023-08-06,Corporate
CUST-10621,Nancy Ford,nancy.ford513@gmail.com,+1-548-647-3957,6898 Main St,Bellevue,WA,15896,United States,2024-08-13,Corporate
CUST-10622,Shirley White,shirley.white302@outlook.com,+1-387-461-2468,2626 Pine St,St. Petersburg,FL,32040,United States,2025-10-09,Small Business
CUST-10623,Jessica Simpson,jessica.simpson315@corporate.com,+1-301-527-3334,6863 Elm St,Philadelphia,PA,17667,United States,2024-08-03,Consumer
CUST-10624,Donald Wilson,donald.wilson252@bizmail.io,+1-720-970-9264,6408 Oak Ave,Savannah,GA,86812,United States,2025-04-12,Consumer
CUST-10625,Gloria Sullivan,gloria.sullivan658@icloud.com,+1-219-475-2663,4135 Sunset Way,Nashville,TN,63411,United States,2026-01-17,Consumer
CUST-10626,Teresa Sullivan,teresa.sullivan218@outlook.com,+1-582-753-3755,4116 Sunset Way,El Paso,TX,75592,United States,2023-11-30,Small Business
CUST-10627,Sean Jordan,sean.jordan306@outlook.com,+1-200-261-8900,4577 Highland Dr,San Jose,CA,91360,United States,2026-03-07,Consumer
CUST-10628,Rachel Mendez,rachel.mendez56@outlook.com,+1-956-746-2145,5025 Oak Ave,Bowie,MD,46872,United States,2025-03-22,Consumer
CUST-10629,Emily Mcdonald,emily.mcdonald635@proton.me,+1-898-550-5282,7517 Pine St,Hartford,CT,37636,United States,2024-11-05,Consumer
CUST-10630,Debra Turner,debra.turner26@outlook.com,+1-861-202-8807,170 Main St,Sparks,NV,53051,United States,2023-11-02,Consumer
CUST-10631,Roy Cole,roy.cole676@yahoo.com,+1-751-231-8293,2122 Elm St,Kansas City,MO,95078,United States,2024-03-18,Small Business
CUST-10632,Jean Alvarez,jean.alvarez137@bizmail.io,+1-579-397-8283,253 Cedar Blvd,Scranton,PA,11105,United States,2024-03-30,Corporate
CUST-10633,Juan Alvarez,juan.alvarez320@icloud.com,+1-439-705-6947,702 Pine St,Fort Worth,TX,91951,United States,2025-05-04,Consumer
CUST-10634,Alice Turner,alice.turner123@hotmail.com,+1-782-712-9093,2893 Sunset Way,Dayton,OH,61915,United States,2026-05-17,Consumer
CUST-10635,Alan Burns,alan.burns141@yahoo.com,+1-330-465-4734,8670 Lakeview Ave,Philadelphia,PA,87091,United States,2023-03-31,Corporate
CUST-10636,Marilyn Garcia,marilyn.garcia583@bizmail.io,+1-202-637-1849,5392 Washington Ave,Green Bay,WI,99218,United States,2023-06-05,Corporate
CUST-10637,Ashley Medina,ashley.medina787@gmail.com,+1-938-429-1769,4653 Washington Ave,Knoxville,TN,77797,United States,2023-10-19,Consumer
CUST-10638,Tyler Roberts,tyler.roberts765@icloud.com,+1-906-633-2219,4195 Cedar Blvd,Fort Worth,TX,13325,United States,2024-07-15,Consumer
CUST-10639,Billy Gordon,billy.gordon837@gmail.com,+1-806-841-6477,4202 Cedar Blvd,San Jose,CA,66616,United States,2025-11-14,Consumer
CUST-10640,  Debra Wilson  ,debra.wilson804@bizmail.io,+1-982-297-8314,9585 Oak Ave,Fort Wayne,IN,19556,United States,2024-07-17,Consumer
CUST-10641,William Long,william.long73@bizmail.io,+1-256-508-8075,1177 Oak Ave,Bridgeport,CT,26716,United States,2024-08-28,Consumer
CUST-10642,Pamela Ross,pamela.ross248@gmail.com,+1-664-593-8605,7114 Highland Dr,St. Petersburg,FL,63884,United States,2024-02-29,Consumer
CUST-10643,Alan Miller,alan.miller207@yahoo.com,+1-305-212-2106,9813 Cedar Blvd,Evansville,IN,87045,United States,2023-11-14,Small Business
CUST-10644,Christian Rogers,christian.rogers465@outlook.com,+1-448-340-1722,1091 Maple Rd,Chandler,AZ,91376,United States,2024-06-03,Consumer
CUST-10645,Willie Alvarez,willie.alvarez160@bizmail.io,+1-516-817-6618,4868 Elm St,Bowie,MD,29087,United States,2024-09-01,Small Business
CUST-10646,Gabriel Nguyen,gabriel.nguyen889@gmail.com,+1-632-552-4201,3382 Broadway,Savannah,GA,83328,United States,2026-02-03,Small Business
CUST-10647,Debra Carter,debra.carter719@proton.me,+1-792-779-6499,5009 Washington Ave,Mount Pleasant,SC,88612,United States,2023-09-30,Consumer
CUST-10648,David Hayes,david.hayes238@icloud.com,+1-677-838-4492,4016 Park Blvd,Salt Lake City,UT,93724,United States,2025-03-08,Corporate
CUST-10649,Gregory Long,gregory.long381@gmail.com,+1-275-566-1491,9188 Oak Ave,Spokane,WA,10881,United States,2025-04-06,Consumer
CUST-10650,Abigail Chen,abigail.chen212@hotmail.com,+1-378-424-5292,2955 Elm St,New York,NY,36099,United States,2024-05-24,Corporate
CUST-10651,Ronald Garcia,ronald.garcia31@outlook.com,+1-588-870-2818,5644 Cedar Blvd,Eugene,OR,23263,United States,2025-06-05,Consumer
CUST-10652,Janet Baker,janet.baker909@yahoo.com,+1-321-347-3142,3207 Cedar Blvd,Covington,KY,66848,United States,2023-06-17,Consumer
CUST-10653,Samantha Guzman,samantha.guzman791@icloud.com,+1-748-501-3434,5468 Cedar Blvd,Colorado Springs,CO,16054,United States,2024-01-03,Consumer
CUST-10654,Steven Ellis,steven.ellis813@bizmail.io,+1-879-829-2062,2843 Sunset Way,Dayton,OH,20670,United States,2023-09-03,Consumer
CUST-10655,Philip Ellis,philip.ellis193@proton.me,+1-929-582-9609,8018 Lakeview Ave,Clarksville,TN,70852,United States,2024-04-25,Small Business
CUST-10656,Lawrence Perry,lawrence.perry472@icloud.com,+1-605-423-6013,7063 Washington Ave,Cleveland,OH,36607,United States,2026-03-18,Consumer
CUST-10657,Janet Rogers,janet.rogers312@bizmail.io,+1-731-560-4771,9667 Main St,San Antonio,TX,21013,United States,2023-04-30,Consumer
CUST-10658,Joyce Jordan,joyce.jordan833@bizmail.io,+1-524-479-7264,504 Maple Rd,Chandler,AZ,58170,United States,2023-10-17,Consumer
CUST-10659,Karen Alvarez,karen.alvarez569@yahoo.com,+1-483-433-2612,2042 Oak Ave,Ann Arbor,MI,77212,United States,2025-12-14,Consumer
CUST-10660,Christine Gomez,christine.gomez875@hotmail.com,+1-395-922-3258,8998 Pine St,Greensboro,NC,99592,United States,2024-07-26,Consumer
CUST-10661,Frank Russell,frank.russell22@bizmail.io,+1-869-724-3445,6612 Cedar Blvd,Hillsboro,OR,95892,United States,2024-02-21,Consumer
CUST-10662,Joan Reyes,joan.reyes749@bizmail.io,+1-548-287-6129,3177 Washington Ave,Bowie,MD,71438,United States,2023-07-10,Corporate
CUST-10663,Rebecca Vasquez,rebecca.vasquez393@outlook.com,+1-791-331-6006,258 Park Blvd,Edmond,OK,13945,United States,2023-11-22,Corporate
CUST-10664,Alexander Edwards,alexander.edwards791@hotmail.com,+1-533-801-1380,9399 Main St,Glendale,AZ,62870,United States,2024-01-24,Small Business
CUST-10665,Gregory Kennedy,gregory.kennedy75@corporate.com,+1-392-686-2779,5487 Highland Dr,Spokane,WA,61201,United States,2024-03-22,Small Business
CUST-10666,Nicole White,nicole.white191@gmail.com,+1-905-817-9005,539 Maple Rd,Tallahassee,FL,82470,United States,2025-06-14,Consumer
CUST-10667,Jerry Reed,jerry.reed546@yahoo.com,+1-665-258-7039,8595 Main St,Columbus,GA,96451,United States,2025-04-05,Consumer
CUST-10668,Virginia Powell,virginia.powell438@bizmail.io,+1-960-270-7373,3482 Maple Rd,Orlando,FL,80313,United States,2025-07-14,Corporate
CUST-10669,Sophia Griffin,sophia.griffin611@icloud.com,+1-714-933-8519,4612 Cedar Blvd,Racine,WI,50673,United States,2025-07-10,Consumer
CUST-10670,Thomas Perry,thomas.perry910@bizmail.io,+1-671-673-1640,1592 Pine St,Evansville,IN,84609,United States,2025-01-11,Consumer
CUST-10671,Frank Kim,frank.kim265@outlook.com,+1-832-950-8079,7601 Washington Ave,Madison,WI,64401,United States,2024-03-22,Small Business
CUST-10672,Teresa Harris,teresa.harris916@outlook.com,+1-480-843-9810,4882 Broadway,Charleston,SC,41417,United States,2024-03-17,Small Business
CUST-10673,Eugene Parker,eugene.parker387@yahoo.com,+1-973-307-9264,5441 Washington Ave,Scottsdale,AZ,25889,United States,2023-08-25,Consumer
CUST-10674,Cheryl Lopez,cheryl.lopez721@bizmail.io,+1-590-551-7542,3285 Washington Ave,Los Angeles,CA,93737,United States,2023-10-28,Consumer
CUST-10675,Sophia Wright,sophia.wright482@yahoo.com,+1-284-761-4969,7271 Maple Rd,Bloomington,MN,73538,United States,2024-07-31,Consumer
CUST-10676,Dorothy Baker,dorothy.baker311@yahoo.com,,2859 Oak Ave,Milwaukee,WI,33230,United States,2026-04-25,Consumer
CUST-10677,Helen Flores,helen.flores741@gmail.com,+1-891-745-4541,7342 Lakeview Ave,Norfolk,VA,38399,United States,2023-12-11,Consumer
CUST-10678,Hannah Snyder,hannah.snyder63@gmail.com,+1-249-990-7183,3405 Cedar Blvd,Tacoma,WA,68194,United States,2025-11-02,Consumer
CUST-10679,Lisa Jones,lisa.jones850@icloud.com,+1-896-885-2035,3713 Oak Ave,Los Angeles,CA,54186,United States,2024-01-19,Corporate
CUST-10680,Kevin Nelson,kevin.nelson845@proton.me,+1-530-775-4105,3493 Sunset Way,Scottsdale,AZ,24114,United States,2026-03-02,Consumer
CUST-10681,  Cynthia Diaz  ,cynthia.diaz25@corporate.com,+1-869-523-1196,6476 Cedar Blvd,Chesapeake,VA,32756,United States,2025-10-27,Consumer
CUST-10682,Anna Dixon,anna.dixon430@hotmail.com,+1-985-813-9185,1768 Lakeview Ave,New York,NY,38647,United States,2024-05-06,Consumer
CUST-10683,Teresa Baker,teresa.baker342@corporate.com,+1-894-989-3177,5540 Maple Rd,Las Vegas,NV,88625,United States,2025-01-01,Consumer
CUST-10684,Samantha Moreno,samantha.moreno943@bizmail.io,,8348 Highland Dr,Newark,NJ,89761,United States,2026-01-13,Corporate
CUST-10685,Jennifer Simpson,jennifer.simpson785@icloud.com,+1-834-281-1981,2353 Elm St,Grand Rapids,MI,66164,United States,2025-09-19,Consumer
CUST-10686,Dennis Evans,dennis.evans978@bizmail.io,+1-956-536-3199,4656 Elm St,Athens,GA,88390,United States,2026-03-15,Consumer
CUST-10687,Hannah Coleman,hannah.coleman877@proton.me,+1-550-448-4372,8936 Main St,New Orleans,LA,40016,United States,2024-10-18,Small Business
CUST-10688,Amy Cruz,amy.cruz462@gmail.com,+1-266-703-2146,3253 Main St,Evansville,IN,34057,United States,2024-04-10,Consumer
CUST-10689,Timothy Allen,timothy.allen861@icloud.com,+1-441-719-2280,7083 Lakeview Ave,Reading,PA,81938,United States,2025-11-25,Consumer
CUST-10690,Ronald Morales,ronald.morales320@hotmail.com,+1-790-659-4299,4554 Park Blvd,Reading,PA,42632,United States,2024-01-14,Consumer
CUST-10691,Heather Long,heather.long527@corporate.com,+1-978-359-8897,424 Washington Ave,Chattanooga,TN,65403,United States,2025-06-22,Consumer
CUST-10692,Scott Tucker,scott.tucker273@corporate.com,+1-674-513-8431,4740 Washington Ave,Rockford,IL,33029,United States,2023-05-27,Consumer
CUST-10693,Christine Wright,christine.wright14@gmail.com,+1-712-947-7131,8151 Washington Ave,Cleveland,OH,34854,United States,2023-10-13,Small Business
CUST-10694,Louis Myers,louis.myers612@yahoo.com,+1-618-239-3039,6404 Highland Dr,Knoxville,TN,94023,United States,2024-04-05,Consumer
CUST-10695,Shirley Hughes,shirley.hughes715@proton.me,+1-913-259-7313,7047 Lakeview Ave,Mount Pleasant,SC,93228,United States,2023-07-23,Consumer
CUST-10696,Raymond Mendez,raymond.mendez629@bizmail.io,+1-897-350-5166,4153 Highland Dr,Columbia,SC,44253,United States,2026-04-04,Consumer
CUST-10697,Dorothy Brown,dorothy.brown738@corporate.com,+1-607-923-2316,8595 Cedar Blvd,New Orleans,LA,94462,United States,2025-10-04,Corporate
CUST-10698,Joyce Cook,joyce.cook917@corporate.com,+1-800-515-7743,1556 Oak Ave,Carmel,IN,96309,United States,2024-09-20,Consumer
CUST-10699,Frank Torres,frank.torres725@hotmail.com,+1-206-372-9056,125 Oak Ave,Birmingham,AL,62162,United States,2024-11-27,Consumer
CUST-10700,Noah Coleman,noah.coleman190@proton.me,+1-390-920-3200,3344 Park Blvd,Mobile,AL,32365,United States,2024-10-18,Consumer
CUST-10701,Kelly Kennedy,kelly.kennedy777@outlook.com,+1-977-396-5249,6797 Park Blvd,Pittsburgh,PA,17730,United States,2025-03-22,Consumer
CUST-10702,Albert Nelson,albert.nelson137@hotmail.com,+1-265-550-1486,9695 Cedar Blvd,Detroit,MI,59509,United States,2025-12-19,Consumer
CUST-10703,Margaret Williams,margaret.williams606@gmail.com,+1-299-416-9557,218 Washington Ave,Charlotte,NC,97205,United States,2026-01-26,Consumer
CUST-10704,Bobby Morgan,bobby.morgan449@proton.me,+1-579-898-6620,5264 Cedar Blvd,Knoxville,TN,89216,United States,2023-09-09,Small Business
CUST-10705,Dennis Olson,dennis.olson13@bizmail.io,+1-915-611-3275,520 Highland Dr,Chesapeake,VA,23130,United States,2026-02-03,Consumer
CUST-10706,Theresa Murphy,theresa.murphy684@bizmail.io,+1-727-623-4079,151 Broadway,Lowell,MA,99939,United States,2024-05-07,Small Business
CUST-10707,Robert Silva,robert.silva704@bizmail.io,+1-439-821-8938,6656 Lakeview Ave,Oklahoma City,OK,52667,United States,2024-05-24,Consumer
CUST-10708,Joyce Griffin,joyce.griffin631@icloud.com,+1-929-346-9520,9469 Lakeview Ave,Mobile,AL,48517,United States,2025-11-07,Consumer
CUST-10709,Daniel Cox,daniel.cox927@bizmail.io,+1-318-693-9858,4046 Cedar Blvd,Broken Arrow,OK,32027,United States,2023-05-04,Consumer
CUST-10710,Gabriel Thompson,gabriel.thompson174@proton.me,+1-592-984-5593,3710 Lakeview Ave,Glendale,AZ,13830,United States,2025-10-27,Consumer
CUST-10711,Amber Young,amber.young752@bizmail.io,+1-292-908-6452,3766 Highland Dr,Orem,UT,93040,United States,2025-08-26,Corporate
CUST-10712,Bruce Mendoza,bruce.mendoza667@corporate.com,+1-438-428-5244,1995 Pine St,West Jordan,UT,95710,United States,2024-04-19,Consumer
CUST-10713,Natalie Webb,natalie.webb386@outlook.com,+1-520-589-1027,5192 Main St,Huntsville,AL,85083,United States,2025-05-11,Consumer
CUST-10714,Maria Henderson,maria.henderson966@outlook.com,+1-732-879-4639,1846 Washington Ave,Shreveport,LA,99037,United States,2024-08-15,Consumer
CUST-10715,Benjamin Nguyen,benjamin.nguyen706@bizmail.io,+1-350-815-5643,2489 Lakeview Ave,Salem,OR,75514,United States,2024-10-01,Consumer
CUST-10716,Theresa Rodriguez,theresa.rodriguez290@bizmail.io,+1-846-420-9110,4875 Lakeview Ave,ANN ARBOR,MI,26182,United States,2024-08-14,Small Business
CUST-10717,Michelle Turner,michelle.turner887@bizmail.io,+1-944-601-5900,2708 Main St,Charleston,SC,33464,United States,2025-02-25,Consumer
CUST-10718,Marilyn Griffin,marilyn.griffin83@hotmail.com,+1-489-913-4196,9078 Washington Ave,Lafayette,LA,61257,United States,2024-06-17,Consumer
CUST-10719,Lawrence Wilson,lawrence.wilson150@bizmail.io,+1-912-694-5769,2472 Cedar Blvd,Worcester,MA,85649,United States,2024-09-16,Consumer
CUST-10720,Russell Dixon,russell.dixon704@outlook.com,+1-585-637-3756,1022 Oak Ave,Newport News,VA,23362,United States,2026-05-13,Consumer
CUST-10721,Susan Walker,susan.walker454@outlook.com,+1-842-939-7619,4114 Main St,Aurora,CO,87777,United States,2023-07-11,Consumer
CUST-10722,Nicole Tucker,nicole.tucker684@yahoo.com,+1-996-674-7260,4609 Broadway,Fort Collins,CO,97914,United States,2025-06-12,Consumer
CUST-10723,Donald Robinson,donald.robinson694@icloud.com,+1-223-800-8856,4584 Lakeview Ave,Jacksonville,FL,94070,United States,2025-12-13,Corporate
CUST-10724,George Foster,george.foster595@outlook.com,+1-301-533-2040,8906 Maple Rd,Fort Collins,CO,49107,United States,2023-09-13,Consumer
CUST-10725,Tyler Mcdonald,tyler.mcdonald75@yahoo.com,+1-971-971-4399,2022 Maple Rd,Covington,KY,74036,United States,2023-05-29,Corporate
CUST-10726,Mary Mcdonald,mary.mcdonald50@outlook.com,+1-788-411-3641,1538 Sunset Way,Bowling Green,KY,26127,United States,2023-11-28,Consumer
CUST-10727,Nancy Young,nancy.young185@corporate.com,+1-873-200-5068,5025 Main St,Warren,MI,81359,United States,2023-07-30,Small Business
CUST-10728,Pamela Ford,pamela.ford721@proton.me,+1-735-560-9818,8465 Cedar Blvd,Rockford,IL,74283,United States,2023-12-02,Consumer
CUST-10729,Barbara Stewart,barbara.stewart886@icloud.com,+1-337-816-4539,9795 Elm St,Cleveland,OH,49283,United States,2026-03-17,Consumer
CUST-10730,Henry Martin,henry.martin675@outlook.com,+1-609-667-2364,4264 Broadway,Greensboro,NC,60040,United States,2023-05-01,Consumer
CUST-10731,Jacqueline Evans,jacqueline.evans723@icloud.com,+1-931-581-9379,2787 Washington Ave,Aurora,CO,92984,United States,2026-01-07,Corporate
CUST-10732,Victoria Ross,victoria.ross89@hotmail.com,+1-327-744-2802,9084 Washington Ave,Sparks,NV,42440,United States,2026-04-08,Consumer
CUST-10733,Raymond Bennett,raymond.bennett20@yahoo.com,+1-586-427-7203,1820 Oak Ave,Aurora,IL,45867,United States,2024-11-18,Consumer
CUST-10734,Brandon Freeman,brandon.freeman727@hotmail.com,+1-764-477-2623,885 Maple Rd,St. Petersburg,FL,55731,United States,2023-09-02,Consumer
CUST-10735,George Ruiz,george.ruiz498@outlook.com,+1-465-209-9414,2647 Broadway,Independence,MO,62776,United States,2023-06-08,Consumer
CUST-10736,Russell Morgan,russell.morgan704@corporate.com,+1-923-668-3999,7291 Elm St,Provo,UT,42651,United States,2026-02-12,Corporate
CUST-10737,Stephen Barnes,stephen.barnes660@yahoo.com,+1-512-616-6123,1576 Broadway,Henderson,NV,50001,United States,2023-06-30,Consumer
CUST-10738,Lisa Nelson,lisa.nelson577@bizmail.io,+1-210-634-9334,2335 Park Blvd,El Paso,TX,47467,United States,2026-02-03,Consumer
CUST-10739,Marilyn Ford,marilyn.ford204@gmail.com,+1-931-635-9754,5753 Cedar Blvd,Seattle,WA,90777,United States,2025-09-18,Small Business
CUST-10740,Martha Crawford,martha.crawford700@icloud.com,+1-379-276-7013,2284 Sunset Way,kenosha,WI,32089,United States,2026-03-06,Consumer
CUST-10741,Carol Myers,carol.myers881@yahoo.com,+1-497-506-8915,4909 Pine St,Jersey City,NJ,80663,United States,2025-10-12,Consumer
CUST-10742,Teresa Powell,teresa.powell537@gmail.com,+1-674-832-8999,1042 Elm St,Provo,UT,94275,United States,2025-03-12,Consumer
CUST-10743,Scott Price,scott.price421@proton.me,+1-209-303-8058,8161 Cedar Blvd,San Diego,CA,34400,United States,2025-10-24,Consumer
CUST-10744,Michelle Bell,michelle.bell169@hotmail.com,+1-431-681-7477,6232 Pine St,West Jordan,UT,10905,United States,2025-09-20,Consumer
CUST-10745,Jacqueline Morgan,jacqueline.morgan153@proton.me,+1-965-644-1095,5985 Lakeview Ave,Cambridge,MA,31211,United States,2025-10-21,Consumer
CUST-10746,David Wright,david.wright932@gmail.com,+1-364-882-4260,7952 Broadway,Glendale,AZ,53412,United States,2024-03-14,Small Business
CUST-10747,Judith Harrison,judith.harrison779@corporate.com,+1-713-943-7370,2253 Oak Ave,Lexington,KY,52583,United States,2023-08-21,Small Business
CUST-10748,Steven Flores,steven.flores252@gmail.com,+1-894-550-8039,9882 Lakeview Ave,Indianapolis,IN,99710,United States,2024-06-26,Consumer
CUST-10749,Larry West,larry.west642@outlook.com,+1-946-723-4061,4187 Pine St,Lafayette,LA,42472,United States,2025-12-13,Corporate
CUST-10750,Theresa Murphy,theresa.murphy727@outlook.com,+1-393-805-3436,3858 Oak Ave,Toledo,OH,,United States,2024-01-04,Consumer
CUST-10751,Deborah Nguyen,deborah.nguyen103@gmail.com,+1-589-617-9601,5120 Lakeview Ave,Sacramento,CA,36167,United States,2024-01-09,Consumer
CUST-10752,Alexander Barnes,alexander.barnes669@gmail.com,+1-511-312-5411,6056 Pine St,Syracuse,NY,65977,United States,2023-09-23,Small Business
CUST-10753,Amy Brooks,amy.brooks63@proton.me,+1-417-492-8734,4690 Highland Dr,Philadelphia,PA,10070,United States,2026-02-23,Consumer
CUST-10754,Judith Sanders,judith.sanders695@gmail.com,+1-899-765-3134,5526 Elm St,Detroit,MI,22699,United States,2024-07-16,Corporate
CUST-10755,Kayla Freeman,kayla.freeman675@hotmail.com,+1-415-798-7292,1529 Oak Ave,Green Bay,WI,41228,United States,2023-06-13,Consumer
CUST-10756,Donald Hernandez,donald.hernandez957@yahoo.com,+1-276-759-6618,5039 Lakeview Ave,Dayton,OH,68427,United States,2025-05-06,Consumer
CUST-10757,Gerald Flores,gerald.flores573@hotmail.com,+1-977-773-6690,6096 Park Blvd,Aurora,IL,64815,United States,2026-03-03,Consumer
CUST-10758,Victoria Moore,victoria.moore819@gmail.com,+1-370-813-5491,2212 Pine St,Scottsdale,AZ,76043,United States,2023-09-16,Consumer
CUST-10759,Danielle Carter,danielle.carter86@outlook.com,+1-648-968-9344,6393 Sunset Way,Clarksville,TN,77303,United States,2024-03-08,Corporate
CUST-10760,Helen Evans,helen.evans233@gmail.com,+1-725-666-9254,8702 Pine St,San Francisco,CA,84959,United States,2025-05-20,Consumer
CUST-10761,Sophia Morgan,sophia.morgan56@icloud.com,+1-498-240-3427,4650 Maple Rd,Orlando,FL,39350,United States,2023-04-27,Consumer
CUST-10762,Bruce Murphy,bruce.murphy674@proton.me,+1-847-819-7047,5417 Oak Ave,Kansas City,MO,10183,United States,2025-03-27,Small Business
CUST-10763,Angela Wright,angela.wright342@gmail.com,+1-840-210-6824,3692 Lakeview Ave,Waterbury,CT,48652,United States,2024-02-15,Small Business
CUST-10764,Robert Castro,robert.castro273@icloud.com,+1-652-425-6312,4503 Cedar Blvd,Mobile,AL,95698,United States,2025-10-26,Consumer
CUST-10765,Philip Jenkins,philip.jenkins387@outlook.com,+1-690-295-9125,3073 Park Blvd,Worcester,MA,66872,United States,2025-07-17,Consumer
CUST-10766,  Edward Kennedy  ,edward.kennedy298@gmail.com,+1-517-366-3911,6558 Broadway,Henderson,NV,94877,United States,2023-08-31,Consumer
CUST-10767,Charles Barnes,charles.barnes751@outlook.com,,9984 Oak Ave,Cambridge,MA,23137,United States,2025-01-14,Consumer
CUST-10768,Patricia Snyder,patricia.snyder284@outlook.com,+1-842-814-1221,253 Oak Ave,Aurora,IL,20957,United States,2026-03-03,Consumer
CUST-10769,Sophia Perez,sophia.perez923@bizmail.io,+1-367-514-6435,7946 Maple Rd,Joliet,IL,83774,United States,2025-04-12,Consumer
CUST-10770,Jonathan Gordon,jonathan.gordon115@hotmail.com,,2423 Main St,Miami,FL,15836,United States,2023-05-14,Small Business
CUST-10771,Joyce Foster,joyce.foster953@corporate.com,+1-903-932-2841,8157 Maple Rd,Chesapeake,VA,39607,United States,2025-08-03,Small Business
CUST-10772,Larry Alvarez,larry.alvarez379@yahoo.com,+1-244-819-3475,3017 Washington Ave,Green Bay,WI,25512,United States,2025-12-26,Consumer
CUST-10773,Marilyn Henderson,marilyn.henderson847@hotmail.com,+1-556-306-5441,8279 Broadway,Stamford,CT,91888,United States,2025-07-28,Consumer
CUST-10774,Randy Martin,randy.martin160@proton.me,+1-351-599-8318,7938 Oak Ave,Tulsa,OK,95964,United States,2026-05-27,Consumer
CUST-10775,Vincent Bailey,vincent.bailey196@corporate.com,+1-561-526-9097,7044 Park Blvd,Dallas,TX,26716,United States,2025-08-08,Consumer
CUST-10776,Albert Bennett,albert.bennett438@bizmail.io,+1-751-746-9070,8824 Sunset Way,Lexington,KY,60224,United States,2025-08-21,Corporate
CUST-10777,Lawrence Butler,lawrence.butler250@proton.me,+1-202-408-1281,6037 Sunset Way,Frederick,MD,21436,United States,2023-06-17,Consumer
CUST-10778,Mark Thomas,mark.thomas481@outlook.com,+1-764-631-4973,3552 Cedar Blvd,Norfolk,VA,48626,United States,2024-06-15,Consumer
CUST-10779,Roy Torres,roy.torres390@gmail.com,+1-918-308-2208,7912 Highland Dr,Huntsville,AL,,United States,2024-04-18,Corporate
CUST-10780,Carolyn Torres,carolyn.torres592@corporate.com,+1-353-983-3988,7796 Lakeview Ave,Atlanta,GA,11635,United States,2025-12-21,Consumer
CUST-10781,Scott Reynolds,scott.reynolds810@gmail.com,+1-493-313-3554,1083 Broadway,Montgomery,AL,68192,United States,2024-02-09,Consumer
CUST-10782,Keith Adams,keith.adams980@bizmail.io,+1-767-928-5227,9472 Sunset Way,Vancouver,WA,99116,United States,2026-05-09,Consumer
CUST-10783,Kenneth Cooper,kenneth.cooper770@icloud.com,+1-610-833-1917,3686 Washington Ave,South Bend,IN,26401,United States,2025-11-24,Consumer
CUST-10784,Ann Burns,ann.burns330@corporate.com,+1-589-368-1895,6186 Broadway,Gresham,OR,72575,United States,2025-12-24,Consumer
CUST-10785,Anthony Martin,anthony.martin255@hotmail.com,+1-366-754-2744,1170 Cedar Blvd,Green Bay,WI,13676,United States,2024-05-19,Consumer
CUST-10786,Emma Carter,emma.carter256@hotmail.com,+1-287-783-1735,9336 Park Blvd,Dayton,OH,14242,United States,2023-04-28,Consumer
CUST-10787,Emma Williams,emma.williams522@icloud.com,+1-522-969-7400,5930 Maple Rd,Shreveport,LA,62184,United States,2024-05-31,Corporate
CUST-10788,Jose Herrera,jose.herrera611@corporate.com,+1-688-800-1612,4853 Maple Rd,Fort Wayne,IN,13104,United States,2025-11-06,Consumer
CUST-10789,Billy White,billy.white679@outlook.com,+1-987-935-3638,8318 Sunset Way,New Haven,CT,99320,United States,2025-02-11,Small Business
CUST-10790,Hannah Mendoza,hannah.mendoza307@proton.me,+1-838-641-1655,6450 Cedar Blvd,Lexington,KY,54436,United States,2023-11-27,Consumer
CUST-10791,Karen Flores,karen.flores834@gmail.com,+1-346-984-6071,9064 Oak Ave,Fort Collins,CO,22767,United States,2023-03-27,Consumer
CUST-10792,Carol Ramos,carol.ramos382@proton.me,+1-291-272-3935,7648 Pine St,Dallas,TX,85564,United States,2025-07-05,Small Business
CUST-10793,Rose Simmons,rose.simmons509@gmail.com,+1-572-493-7568,6801 Highland Dr,Las Vegas,NV,84545,United States,2025-08-17,Small Business
CUST-10794,Carolyn Tran,carolyn.tran433@bizmail.io,+1-469-898-1699,1034 Lakeview Ave,Virginia Beach,VA,99417,United States,2024-08-27,Corporate
CUST-10795,Ann Williams,ann.williams394@outlook.com,+1-783-608-2195,3754 Washington Ave,Oklahoma City,OK,48097,United States,2025-07-19,Corporate
CUST-10796,Rachel Graham,rachel.graham121@yahoo.com,+1-384-949-2775,6603 Washington Ave,Lakewood,CO,70929,United States,2023-10-15,Consumer
CUST-10797,Samantha Mendoza,samantha.mendoza127@hotmail.com,+1-665-239-9930,2651 Park Blvd,Dayton,OH,72419,United States,2023-09-09,Consumer
CUST-10798,Teresa Rodriguez,teresa.rodriguez494@icloud.com,+1-255-416-1375,7029 Pine St,Rochester,NY,66375,United States,2024-04-13,Consumer
CUST-10799,Andrew Moore,andrew.moore904@bizmail.io,+1-629-737-4507,4350 Maple Rd,Seattle,WA,49103,United States,2024-11-17,Corporate
CUST-10800,Joyce Mendoza,joyce.mendoza974@corporate.com,+1-693-686-9773,2732 Lakeview Ave,Pittsburgh,PA,55780,United States,2024-09-30,Consumer
CUST-10801,Arthur Jimenez,arthur.jimenez89@outlook.com,+1-531-880-6185,332 Maple Rd,Independence,MO,36025,United States,2026-05-11,Corporate
CUST-10802,Megan Brooks,megan.brooks543@gmail.com,+1-661-328-8361,9576 Oak Ave,Owensboro,KY,44446,United States,2025-10-11,Consumer
CUST-10803,Edward Butler,edward.butler396@icloud.com,+1-556-414-4131,9550 Main St,Baton Rouge,LA,88766,United States,2023-05-09,Consumer
CUST-10804,Nicole Ward,nicole.ward674@bizmail.io,+1-623-620-6762,5870 Sunset Way,Portland,OR,75422,United States,2023-08-07,Consumer
CUST-10805,Christine Robinson,christine.robinson191@outlook.com,+1-755-646-7251,4769 Broadway,Cambridge,MA,58905,United States,2025-06-05,Consumer
CUST-10806,Larry Porter,larry.porter675@gmail.com,+1-831-621-2698,8233 Lakeview Ave,Houston,TX,21749,United States,2025-11-09,Corporate
CUST-10807,Margaret Silva,margaret.silva693@hotmail.com,+1-630-416-4651,7548 Sunset Way,Carmel,IN,14277,United States,2023-12-04,Consumer
CUST-10808,Walter Young,walter.young939@corporate.com,+1-207-583-4668,8415 Pine St,North Las Vegas,NV,64124,United States,2024-06-12,Consumer
CUST-10809,Brandon Coleman,brandon.coleman25@gmail.com,+1-357-583-9502,9929 Elm St,San Jose,CA,14282,United States,2025-01-22,Consumer
CUST-10810,Nathan Morris,nathan.morris669@corporate.com,+1-252-791-8030,2211 Broadway,Spokane,WA,90775,United States,2023-04-19,Consumer
CUST-10811,Diane Brooks,diane.brooks111@outlook.com,+1-716-321-7422,4363 Sunset Way,Erie,PA,40273,United States,2023-07-07,Consumer
CUST-10812,Lisa White,lisa.white798@outlook.com,+1-228-832-9907,1390 Highland Dr,Phoenix,AZ,92430,United States,2026-04-09,Consumer
CUST-10813,Kimberly Patterson,kimberly.patterson929@icloud.com,+1-504-398-9772,4118 Lakeview Ave,Pittsburgh,PA,95527,United States,2024-05-28,Corporate
CUST-10814,Alexis Gutierrez,alexis.gutierrez652@gmail.com,+1-853-793-2694,1917 Park Blvd,Charlotte,NC,28844,United States,2026-02-15,Small Business
CUST-10815,Andrew Reed,andrew.reed89@bizmail.io,+1-570-412-7402,1749 Park Blvd,New Haven,CT,22160,United States,2024-12-11,Corporate
CUST-10816,Jeremy Gordon,jeremy.gordon394@proton.me,+1-848-661-3639,3045 Pine St,Dayton,OH,65038,United States,2025-12-26,Consumer
CUST-10817,Teresa Mendez,teresa.mendez505@gmail.com,+1-362-734-5169,2092 Cedar Blvd,Tampa,FL,55453,United States,2026-03-28,Consumer
CUST-10818,Roger Tran,roger.tran930@icloud.com,+1-230-535-3270,3700 Oak Ave,Cincinnati,OH,25045,United States,2025-07-23,Corporate
CUST-10819,Jonathan Peterson,jonathan.peterson735@hotmail.com,+1-678-963-9123,7244 Sunset Way,Columbus,OH,55685,United States,2023-09-18,Small Business
CUST-10820,Nicholas Hall,nicholas.hall115@hotmail.com,+1-369-410-8992,7201 Park Blvd,Rochester,MN,61488,United States,2025-04-21,Consumer
CUST-10821,Samantha Hunter,samantha.hunter214@proton.me,+1-582-847-2052,7463 Maple Rd,Kenosha,WI,66270,United States,2025-10-23,Corporate
CUST-10822,Nicholas Freeman,nicholas.freeman983@proton.me,+1-607-230-2878,3047 Elm St,Ann Arbor,MI,94554,United States,2024-02-12,Consumer
CUST-10823,Gary Jackson,gary.jackson158@proton.me,+1-325-209-6219,278 Lakeview Ave,Rochester,MN,58754,United States,2025-03-17,Consumer
CUST-10824,Samuel Reyes,samuel.reyes626@icloud.com,+1-739-422-2686,9290 Pine St,Austin,TX,47173,United States,2023-04-07,Corporate
CUST-10825,Amber Martin,amber.martin842@proton.me,+1-402-401-1813,8192 Park Blvd,Bloomington,MN,51652,United States,2024-01-19,Consumer
CUST-10826,Donald Young,donald.young615@corporate.com,+1-442-790-1348,4770 Main St,Reading,PA,52844,United States,2023-11-16,Consumer
CUST-10827,Mary Hamilton,mary.hamilton927@gmail.com,+1-545-860-1266,1237 Park Blvd,Joliet,IL,14850,United States,2024-10-26,Consumer
CUST-10828,Diana Cox,diana.cox91@proton.me,+1-705-827-1771,6544 Pine St,Paterson,NJ,62473,United States,2024-11-15,Consumer
CUST-10829,Bruce Young,bruce.young39@icloud.com,+1-248-210-3273,1822 Elm St,Sparks,NV,23466,United States,2024-04-26,Corporate
CUST-10830,Laura Baker,laura.baker845@gmail.com,+1-904-253-5254,805 Oak Ave,Dayton,OH,58349,United States,2025-12-02,Consumer
CUST-10831,Angela James,angela.james607@bizmail.io,+1-322-329-6231,2524 Highland Dr,Raleigh,NC,28056,United States,2024-04-14,Corporate
CUST-10832,Virginia Shaw,virginia.shaw550@icloud.com,+1-791-689-9029,4696 Elm St,Minneapolis,MN,78388,United States,2023-11-28,Corporate
CUST-10833,  Lisa Ortiz  ,lisa.ortiz581@icloud.com,+1-875-862-4373,1378 Oak Ave,Charleston,SC,56269,United States,2024-10-02,Small Business
CUST-10834,Patricia Parker,patricia.parker509@yahoo.com,+1-548-413-9644,8520 Elm St,Gresham,OR,34630,United States,2023-10-16,Corporate
CUST-10835,Peter Munoz,peter.munoz946@outlook.com,+1-424-572-7317,7512 Highland Dr,Edmond,OK,23849,United States,2025-07-20,Consumer
CUST-10836,Edward Moore,edward.moore324@yahoo.com,+1-350-672-2755,1905 Cedar Blvd,Tucson,AZ,99950,United States,2024-11-08,Consumer
CUST-10837,Jonathan Davis,jonathan.davis370@hotmail.com,+1-321-763-2377,5906 Washington Ave,Duluth,MN,69328,United States,2023-09-29,Consumer
CUST-10838,Nathan Ellis,nathan.ellis388@yahoo.com,+1-250-864-7267,7023 Cedar Blvd,Yonkers,NY,45728,United States,2024-07-17,Consumer
CUST-10839,Dylan Peterson,dylan.peterson453@yahoo.com,+1-897-251-5078,1919 Cedar Blvd,Kenosha,WI,77976,United States,2023-06-12,Consumer
CUST-10840,Kathryn Morgan,kathryn.morgan292@icloud.com,+1-835-916-7628,6521 Washington Ave,Fort Worth,TX,23242,United States,2025-01-28,Consumer
CUST-10841,Danielle Morgan,danielle.morgan365@hotmail.com,+1-922-810-5718,150 Oak Ave,Cleveland,OH,36683,United States,2023-08-21,Consumer
CUST-10842,Doris Wallace,doris.wallace332@yahoo.com,+1-370-391-6442,7558 Maple Rd,Tulsa,OK,32312,United States,2024-09-13,Small Business
CUST-10843,Joyce Bennett,joyce.bennett184@gmail.com,+1-808-560-8763,9654 Main St,Allentown,PA,20089,United States,2026-04-19,Consumer
CUST-10844,Mark Lopez,mark.lopez547@outlook.com,+1-973-350-2538,1738 Pine St,Rockville,MD,39922,United States,2026-04-26,Corporate
CUST-10845,Judith Hughes,judith.hughes383@bizmail.io,+1-213-561-5933,5567 Sunset Way,Durham,NC,43231,United States,2023-05-10,Corporate
CUST-10846,Dylan Moreno,dylan.moreno31@outlook.com,+1-620-425-3320,5952 Park Blvd,Winston-Salem,NC,93859,United States,2025-10-13,Consumer
CUST-10847,Roy Gonzales,roy.gonzales208@corporate.com,+1-854-310-5487,9027 Park Blvd,Dayton,OH,21701,United States,2024-05-25,Small Business
CUST-10848,Brian Ortiz,brian.ortiz613@corporate.com,+1-482-516-4122,773 Highland Dr,Stamford,CT,61252,United States,2024-06-16,Consumer
CUST-10849,Joe Young,joe.young821@proton.me,+1-495-312-1136,8274 Broadway,Owensboro,KY,84273,United States,2023-12-26,Consumer
CUST-10850,Hannah Howard,hannah.howard508@hotmail.com,+1-266-501-1255,7536 Main St,Saint Paul,MN,49799,United States,2023-04-14,Consumer
CUST-10851,Ashley Wilson,ashley.wilson370@gmail.com,+1-251-457-3256,5837 Pine St,Detroit,MI,66403,United States,2023-09-04,Corporate
CUST-10852,Johnny Woods,johnny.woods156@icloud.com,+1-642-799-2322,4864 Cedar Blvd,Las Vegas,NV,45477,United States,2025-07-18,Consumer
CUST-10853,Amy Shaw,amy.shaw924@hotmail.com,+1-509-811-6091,2939 Highland Dr,Chandler,AZ,22863,United States,2024-03-31,Consumer
CUST-10854,Lawrence Scott,lawrence.scott577@icloud.com,+1-508-512-2402,4971 Highland Dr,Raleigh,NC,64566,United States,2025-04-18,Small Business
CUST-10855,George Long,george.long462@proton.me,+1-715-901-6858,7773 Elm St,Orlando,FL,79018,United States,2023-12-19,Consumer
CUST-10856,Virginia Hamilton,virginia.hamilton990@corporate.com,+1-290-973-3303,5054 Cedar Blvd,Orem,UT,13463,United States,2026-04-05,Consumer
CUST-10857,Jordan Owens,jordan.owens783@corporate.com,+1-328-612-1097,7682 Sunset Way,stamford,CT,17017,United States,2023-03-30,Consumer
CUST-10858,Willie Ramirez,willie.ramirez589@bizmail.io,+1-907-539-1997,2089 Lakeview Ave,Milwaukee,WI,48086,United States,2024-07-18,Consumer
CUST-10859,Marie Wilson,marie.wilson768@bizmail.io,+1-339-428-3535,5029 Broadway,Fort Wayne,IN,83668,United States,2025-04-07,Consumer
CUST-10860,Mary West,mary.west166@yahoo.com,+1-732-299-5050,3447 Oak Ave,Miami,FL,10004,United States,2025-04-15,Consumer
CUST-10861,Olivia Powell,olivia.powell424@bizmail.io,+1-388-440-9957,4364 Highland Dr,Salt Lake City,UT,49311,United States,2026-02-07,Consumer
CUST-10862,Madison Young,madison.young199@outlook.com,+1-962-873-4943,2897 Sunset Way,Springfield,IL,12838,United States,2023-12-28,Corporate
CUST-10863,Joan Wallace,joan.wallace514@proton.me,+1-883-481-7409,6421 Lakeview Ave,Detroit,MI,87170,United States,2024-10-15,Corporate
CUST-10864,Henry Nguyen,henry.nguyen587@corporate.com,+1-211-794-5960,658 Broadway,Sterling Heights,MI,25745,United States,2026-04-04,Consumer
CUST-10865,Olivia Hernandez,olivia.hernandez913@bizmail.io,+1-483-209-3593,5961 Sunset Way,Henderson,NV,71329,United States,2024-06-04,Corporate
CUST-10866,Rachel Stevens,rachel.stevens681@outlook.com,+1-560-871-6558,7628 Lakeview Ave,Indianapolis,IN,32871,United States,2024-03-23,Corporate
CUST-10867,Rose Cox,rose.cox395@bizmail.io,+1-820-874-3955,9537 Lakeview Ave,El Paso,TX,73405,United States,2024-03-16,Small Business
CUST-10868,Noah Gutierrez,noah.gutierrez988@proton.me,+1-798-832-7615,1207 Main St,North Charleston,SC,87182,United States,2025-09-08,Consumer
CUST-10869,Cynthia Harris,cynthia.harris788@icloud.com,+1-990-950-4876,1827 Maple Rd,Chattanooga,TN,52422,United States,2025-10-26,Corporate
CUST-10870,Julie Taylor,julie.taylor48@yahoo.com,+1-652-981-7132,582 Maple Rd,Green Bay,WI,25004,United States,2026-01-25,Consumer
CUST-10871,Dennis Wright,dennis.wright512@bizmail.io,+1-895-492-4694,3396 Lakeview Ave,Cleveland,OH,43095,United States,2023-04-18,Consumer
CUST-10872,Deborah Thompson,deborah.thompson44@outlook.com,+1-205-568-7685,9410 Sunset Way,Denver,CO,36678,United States,2026-04-12,Corporate
CUST-10873,Juan Snyder,juan.snyder594@bizmail.io,+1-712-560-6840,9253 Maple Rd,Memphis,TN,37194,United States,2023-06-15,Corporate
CUST-10874,Billy Long,billy.long811@hotmail.com,+1-303-320-9170,3877 Main St,Baltimore,MD,26671,United States,2026-01-06,Consumer
CUST-10875,Laura Howard,laura.howard903@outlook.com,+1-494-276-9755,9526 Cedar Blvd,Tacoma,WA,18906,United States,2025-01-02,Corporate
CUST-10876,Keith Richardson,keith.richardson724@yahoo.com,+1-796-682-5309,591 Main St,Milwaukee,WI,81557,United States,2024-03-05,Consumer
CUST-10877,Christine Thomas,christine.thomas956@gmail.com,+1-441-705-2194,9338 Highland Dr,Akron,OH,53202,United States,2025-08-19,Corporate
CUST-10878,Elizabeth Ruiz,elizabeth.ruiz767@yahoo.com,+1-764-690-3121,4532 Lakeview Ave,North Las Vegas,NV,,United States,2026-01-07,Consumer
CUST-10879,Cheryl Edwards,cheryl.edwards810@icloud.com,+1-221-256-1431,3314 Sunset Way,Chandler,AZ,49769,United States,2024-06-13,Consumer
CUST-10880,Beverly Jones,beverly.jones794@corporate.com,+1-912-328-8040,7093 Sunset Way,Nashville,TN,60741,United States,2023-04-26,Consumer
CUST-10881,Madison Patel,madison.patel950@gmail.com,+1-443-437-2507,9743 Main St,Cincinnati,OH,67216,United States,2024-06-10,Consumer
CUST-10882,Jacqueline Kennedy,jacqueline.kennedy842@gmail.com,+1-278-258-3076,7285 Maple Rd,Louisville,KY,42757,United States,2026-02-27,Consumer
CUST-10883,Bryan Munoz,bryan.munoz417@bizmail.io,+1-873-325-2258,1351 Pine St,Grand Rapids,MI,89445,United States,2025-01-16,Small Business
CUST-10884,Ralph Alvarez,ralph.alvarez808@hotmail.com,+1-869-450-9631,4483 Elm St,Springfield,MA,58094,United States,2025-03-06,Consumer
CUST-10885,Susan Ruiz,susan.ruiz296@yahoo.com,+1-408-340-9535,3877 Pine St,Greenville,SC,73728,United States,2024-02-10,Corporate
CUST-10886,Janet Torres,janet.torres675@bizmail.io,+1-316-221-9174,653 Pine St,Athens,GA,67708,United States,2026-03-19,Consumer
CUST-10887,Nancy Thomas,nancy.thomas517@gmail.com,+1-591-593-8274,827 Cedar Blvd,Edmond,OK,60323,United States,2024-11-06,Consumer
CUST-10888,Nathan Ford,nathan.ford564@proton.me,+1-226-823-6508,4401 Highland Dr,Rochester,MN,,United States,2026-02-13,Consumer
CUST-10889,Diana Hunter,diana.hunter836@yahoo.com,+1-766-597-5709,8861 Park Blvd,Broken Arrow,OK,17486,United States,2023-12-25,Consumer
CUST-10890,Johnny Medina,johnny.medina773@icloud.com,+1-335-215-5598,4595 Oak Ave,Erie,PA,71254,United States,2024-12-15,Small Business
CUST-10891,Pamela Gray,pamela.gray290@proton.me,+1-475-875-5104,302 Oak Ave,Seattle,WA,90681,United States,2023-03-19,Consumer
CUST-10892,Angela Rivera,angela.rivera19@bizmail.io,+1-237-567-8867,9219 Cedar Blvd,Boston,MA,67659,United States,2023-12-05,Consumer
CUST-10893,Christopher Peterson,christopher.peterson194@hotmail.com,+1-984-482-5252,8208 Maple Rd,Newark,NJ,67729,United States,2023-04-28,Consumer
CUST-10894,Jordan Munoz,jordan.munoz49@outlook.com,+1-900-718-8214,9600 Elm St,Atlanta,GA,95799,United States,2026-02-19,Consumer
CUST-10895,Jessica Gutierrez,jessica.gutierrez563@gmail.com,+1-814-440-6729,1888 Oak Ave,Fresno,CA,56312,United States,2024-12-20,Consumer
CUST-10896,Karen Stewart,karen.stewart859@corporate.com,+1-273-857-7987,4738 Maple Rd,Trenton,NJ,58674,United States,2025-04-09,Consumer
CUST-10897,Raymond Bennett,raymond.bennett975@hotmail.com,+1-836-231-3626,6134 Main St,Stamford,CT,71693,United States,2024-02-16,Consumer
CUST-10898,Janice Miller,janice.miller533@proton.me,+1-420-587-1534,2558 Washington Ave,Madison,WI,51039,United States,2025-10-26,Corporate
CUST-10899,Karen Edwards,karen.edwards571@corporate.com,+1-751-950-2986,8746 Main St,Carmel,IN,92617,United States,2023-03-31,Consumer
CUST-10900,Hannah Vasquez,hannah.vasquez310@icloud.com,+1-536-448-6930,3882 Park Blvd,Raleigh,NC,85398,United States,2024-08-20,Consumer
CUST-10901,Danielle Morris,danielle.morris91@proton.me,+1-773-717-2252,6035 Broadway,Mobile,AL,57432,United States,2023-12-02,Consumer
CUST-10902,Julie Collins,julie.collins260@corporate.com,+1-890-798-3263,4364 Pine St,Salem,OR,80466,United States,2023-03-22,Consumer
CUST-10903,Jose Butler,jose.butler657@icloud.com,+1-384-664-1254,2832 Oak Ave,Rockford,IL,74775,United States,2023-08-01,Consumer
CUST-10904,Randy Reynolds,randy.reynolds34@outlook.com,+1-274-335-9436,8772 Washington Ave,Chicago,IL,66547,United States,2025-11-06,Small Business
CUST-10905,Aaron Mcdonald,aaron.mcdonald354@proton.me,+1-805-823-2765,841 Oak Ave,North Charleston,SC,25601,United States,2025-01-22,Corporate
CUST-10906,Zachary Sullivan,zachary.sullivan785@bizmail.io,+1-916-337-4005,9759 Sunset Way,Mobile,AL,47917,United States,2023-11-22,Consumer
CUST-10907,Janice Webb,janice.webb338@bizmail.io,+1-380-720-5576,1687 Cedar Blvd,Bloomington,MN,59725,United States,2024-05-04,Consumer
CUST-10908,Austin Medina,austin.medina302@proton.me,+1-593-526-3923,2446 Main St,Bowie,MD,65927,United States,2023-06-21,Corporate
CUST-10909,Brittany Turner,brittany.turner910@proton.me,+1-301-555-5666,2813 Oak Ave,Evansville,IN,85384,United States,2024-01-01,Consumer
CUST-10910,Laura Baker,laura.baker781@yahoo.com,+1-437-882-5565,2410 Oak Ave,Reno,NV,89451,United States,2024-10-18,Consumer
CUST-10911,Charlotte Baker,charlotte.baker560@icloud.com,+1-206-700-1422,6154 Cedar Blvd,Milwaukee,WI,80756,United States,2026-04-05,Consumer
CUST-10912,Joyce Simmons,joyce.simmons950@yahoo.com,+1-933-923-2965,7381 Washington Ave,Joliet,IL,48658,United States,2023-06-30,Consumer
CUST-10913,Emily Bailey,emily.bailey772@icloud.com,+1-944-276-6359,2667 Sunset Way,Reno,NV,20363,United States,2025-10-05,Consumer
CUST-10914,Russell Tran,russell.tran453@yahoo.com,+1-922-733-6202,3219 Sunset Way,North Charleston,SC,15027,United States,2025-12-31,Consumer
CUST-10915,Elizabeth Silva,elizabeth.silva395@icloud.com,+1-889-400-5346,7802 Maple Rd,Augusta,GA,86853,United States,2026-05-15,Consumer
CUST-10916,Megan Reed,megan.reed983@icloud.com,+1-203-644-2102,8139 Sunset Way,Dayton,OH,21627,United States,2025-09-04,Consumer
CUST-10917,Elizabeth Butler,elizabeth.butler607@icloud.com,+1-853-557-8933,8791 Broadway,Kenosha,WI,92709,United States,2024-12-09,Small Business
CUST-10918,Cynthia Howard,cynthia.howard375@bizmail.io,+1-502-298-4586,1941 Pine St,Chattanooga,TN,88360,United States,2023-09-11,Consumer
CUST-10919,Amy Henderson,amy.henderson686@yahoo.com,+1-555-913-7522,2198 Park Blvd,Erie,PA,51799,United States,2025-10-06,Corporate
CUST-10920,Jean Bell,jean.bell529@icloud.com,+1-618-262-6295,4386 Broadway,San Diego,CA,45117,United States,2025-02-05,Consumer
CUST-10921,Olivia Henderson,olivia.henderson507@icloud.com,+1-547-851-1747,5154 Park Blvd,Charlotte,NC,45168,United States,2024-03-06,Consumer
CUST-10922,Kevin Castro,kevin.castro635@proton.me,+1-332-819-9843,426 Lakeview Ave,New Orleans,LA,90386,United States,2025-04-04,Consumer
CUST-10923,Kayla Bennett,kayla.bennett680@gmail.com,+1-731-415-6932,8873 Cedar Blvd,Lake Charles,LA,18318,United States,2024-06-08,Small Business
CUST-10924,Heather Collins,heather.collins349@corporate.com,+1-420-766-5074,323 Main St,Lexington,KY,59005,United States,2024-10-14,Corporate
CUST-10925,Noah Clark,noah.clark170@hotmail.com,+1-508-224-4768,4151 Main St,Vancouver,WA,15542,United States,2023-08-08,Consumer
CUST-10926,Dennis Munoz,dennis.munoz892@yahoo.com,+1-278-275-9265,6905 Main St,Springfield,IL,45389,United States,2024-03-02,Consumer
CUST-10927,Bryan Hill,bryan.hill208@hotmail.com,+1-531-635-9394,483 Pine St,Tuscaloosa,AL,61265,United States,2025-11-17,Consumer
CUST-10928,Angela Munoz,angela.munoz105@icloud.com,+1-616-774-5563,8019 Pine St,Tacoma,WA,66299,United States,2023-10-09,Small Business
CUST-10929,Gary Ross,gary.ross791@yahoo.com,+1-663-429-1407,6610 Cedar Blvd,Chattanooga,TN,58855,United States,2026-04-26,Consumer
CUST-10930,Betty Snyder,betty.snyder95@yahoo.com,+1-774-373-4402,8125 Highland Dr,Jersey City,NJ,92564,United States,2024-09-02,Consumer
CUST-10931,Madison Griffin,madison.griffin70@bizmail.io,+1-458-621-6102,5635 Maple Rd,Tuscaloosa,AL,40465,United States,2023-06-25,Consumer
CUST-10932,Jean Sullivan,jean.sullivan823@bizmail.io,+1-758-711-6128,3962 Elm St,Raleigh,NC,83716,United States,2026-05-20,Consumer
CUST-10933,Sean Lee,sean.lee394@outlook.com,+1-975-213-3655,8618 Lakeview Ave,Glendale,AZ,20158,United States,2025-10-28,Consumer
CUST-10934,Sandra Martinez,sandra.martinez832@bizmail.io,+1-343-966-9963,6950 Washington Ave,Memphis,TN,92072,United States,2024-01-14,Consumer
CUST-10935,Pamela Cooper,pamela.cooper587@outlook.com,+1-344-497-9572,3449 Highland Dr,Trenton,NJ,58710,United States,2023-06-26,Small Business
CUST-10936,Bryan Cook,bryan.cook959@outlook.com,+1-368-736-8763,260 Elm St,Worcester,MA,53276,United States,2023-10-08,Consumer
CUST-10937,Sarah Johnson,sarah.johnson720@yahoo.com,+1-750-669-6423,1651 Main St,Columbia,SC,36118,United States,2024-08-31,Consumer
CUST-10938,Sarah Hughes,sarah.hughes653@gmail.com,+1-397-481-5656,7082 Highland Dr,New Haven,CT,55214,United States,2023-04-12,Corporate
CUST-10939,Johnny Russell,johnny.russell685@icloud.com,+1-279-806-3497,1787 Lakeview Ave,Independence,MO,94095,United States,2024-12-26,Consumer
CUST-10940,Austin Clark,austin.clark670@corporate.com,+1-538-789-5542,7856 Cedar Blvd,Covington,KY,86980,United States,2025-09-14,Consumer
CUST-10941,Sharon White,sharon.white905@gmail.com,+1-531-279-1855,2344 Sunset Way,Aurora,IL,72320,United States,2025-08-04,Corporate
CUST-10942,Walter Wood,walter.wood583@corporate.com,+1-586-992-7316,7873 Elm St,Indianapolis,IN,41558,United States,2024-09-19,Consumer
CUST-10943,Martha Lee,martha.lee863@hotmail.com,+1-928-346-8163,9283 Park Blvd,Henderson,NV,93069,United States,2025-03-19,Consumer
CUST-10944,Beverly Walker,beverly.walker366@outlook.com,+1-225-574-8636,5768 Lakeview Ave,Hartford,CT,95471,United States,2023-04-15,Consumer
CUST-10945,Edward Ross,edward.ross210@bizmail.io,+1-569-738-4193,191 Highland Dr,Scranton,PA,11398,United States,2024-04-25,Consumer
CUST-10946,Jack Cook,jack.cook289@gmail.com,+1-862-481-8843,6625 Main St,Salt Lake City,UT,89531,United States,2023-08-06,Small Business
CUST-10947,Stephen Gordon,stephen.gordon632@bizmail.io,+1-702-377-8756,9038 Oak Ave,Baltimore,MD,,United States,2026-02-03,Consumer
CUST-10948,Randy Flores,randy.flores439@yahoo.com,+1-257-654-2021,5248 Oak Ave,Tulsa,OK,20855,United States,2025-06-03,Corporate
CUST-10949,  Deborah Munoz  ,deborah.munoz937@proton.me,+1-728-214-7605,6921 Broadway,Paterson,NJ,32179,United States,2026-04-27,Consumer
CUST-10950,Bobby Herrera,bobby.herrera186@bizmail.io,+1-245-482-4255,8381 Washington Ave,Montgomery,AL,21005,United States,2025-08-02,Consumer
CUST-10951,James Richardson,james.richardson359@bizmail.io,+1-781-913-2410,9376 Park Blvd,Springfield,MO,25429,United States,2024-11-17,Consumer
CUST-10952,George Thompson,george.thompson998@gmail.com,+1-985-373-1171,3663 Broadway,Trenton,NJ,92132,United States,2025-05-16,Consumer
CUST-10953,Diana Murphy,diana.murphy327@gmail.com,+1-588-922-5703,3016 Pine St,Salem,OR,27397,United States,2024-09-08,Consumer
CUST-10954,Laura Carter,laura.carter312@hotmail.com,+1-914-650-5334,1614 Park Blvd,New Haven,CT,33214,United States,2024-11-19,Consumer
CUST-10955,Alexis Snyder,alexis.snyder982@corporate.com,+1-359-750-4451,7208 Elm St,Worcester,MA,14814,United States,2023-06-25,Consumer
CUST-10956,Brenda Turner,brenda.turner859@hotmail.com,+1-292-725-4452,4330 Cedar Blvd,Greenville,SC,,United States,2024-06-30,Consumer
CUST-10957,Sandra Medina,sandra.medina610@proton.me,+1-581-777-7191,9740 Main St,Memphis,TN,71242,United States,2025-05-15,Consumer
CUST-10958,Catherine Williams,catherine.williams354@yahoo.com,+1-391-566-6018,2766 Park Blvd,Chandler,AZ,53871,United States,2025-07-10,Consumer
CUST-10959,Douglas Simpson,douglas.simpson758@corporate.com,+1-684-449-5138,6214 Highland Dr,Bowie,MD,67012,United States,2023-11-09,Consumer
CUST-10960,Scott Hernandez,scott.hernandez441@corporate.com,+1-992-475-7565,9816 Main St,Lake Charles,LA,24136,United States,2025-02-06,Consumer
CUST-10961,Scott Tucker,scott.tucker143@proton.me,+1-255-292-6067,2417 Elm St,Akron,OH,28290,United States,2023-06-23,Consumer
CUST-10962,James Nguyen,james.nguyen324@yahoo.com,+1-389-441-4331,7252 Oak Ave,New Haven,CT,49489,United States,2025-04-16,Corporate
CUST-10963,Sean Myers,sean.myers112@bizmail.io,+1-763-903-7456,3581 Park Blvd,Memphis,TN,55182,United States,2026-05-21,Consumer
CUST-10964,Ralph Morales,ralph.morales791@outlook.com,+1-609-991-6359,4739 Broadway,Spokane,WA,51727,United States,2025-11-16,Corporate
CUST-10965,Tyler Ford,tyler.ford768@gmail.com,+1-427-823-3918,3952 Elm St,Richmond,VA,97802,United States,2026-01-05,Consumer
CUST-10966,James Olson,james.olson245@outlook.com,+1-711-392-1724,3560 Pine St,Salt Lake City,UT,94617,United States,2024-03-07,Consumer
CUST-10967,Grace Campbell,grace.campbell406@bizmail.io,+1-235-467-7909,3041 Maple Rd,Naperville,IL,50775,United States,2024-01-11,Consumer
CUST-10968,Betty Graham,betty.graham893@corporate.com,+1-212-364-6226,2209 Highland Dr,Virginia Beach,VA,95966,United States,2025-12-13,Consumer
CUST-10969,John West,john.west445@hotmail.com,+1-959-849-2899,9989 Park Blvd,Phoenix,AZ,49708,United States,2024-02-29,Consumer
CUST-10970,Randy Bennett,randy.bennett444@corporate.com,+1-890-281-3463,213 Elm St,Virginia Beach,VA,33440,United States,2023-06-01,Small Business
CUST-10971,Eric Gomez,eric.gomez455@gmail.com,+1-675-488-1652,2091 Park Blvd,HILLSBORO,OR,69636,United States,2023-07-12,Consumer
CUST-10972,Jack Cook,jack.cook565@hotmail.com,+1-383-500-6847,6933 Main St,Paterson,NJ,13084,United States,2024-01-11,Consumer
CUST-10973,Elizabeth Tucker,elizabeth.tucker766@corporate.com,+1-454-379-2377,8865 Oak Ave,Virginia Beach,VA,79634,United States,2025-10-15,Consumer
CUST-10974,Harold Gonzales,harold.gonzales259@bizmail.io,+1-241-278-6350,6207 Main St,Richmond,VA,90903,United States,2024-11-15,Consumer
CUST-10975,Julia Sanchez,julia.sanchez959@hotmail.com,+1-632-610-1366,3113 Lakeview Ave,Indianapolis,IN,54272,United States,2024-04-09,Consumer
CUST-10976,Christopher Gonzales,christopher.gonzales277@hotmail.com,+1-830-726-9833,4093 Lakeview Ave,Lexington,KY,84828,United States,2025-10-05,Corporate
CUST-10977,Joan Parker,joan.parker523@gmail.com,+1-819-608-3969,4768 Pine St,Raleigh,NC,46287,United States,2023-12-19,Consumer
CUST-10978,  Adam King  ,adam.king819@proton.me,+1-299-426-4683,396 Lakeview Ave,Durham,NC,88522,United States,2024-11-15,Consumer
CUST-10979,Brenda Crawford,brenda.crawford619@proton.me,+1-754-598-8792,9236 Main St,Gaithersburg,MD,93200,United States,2023-10-31,Consumer
CUST-10980,Olivia Hill,olivia.hill555@outlook.com,+1-889-599-5189,6701 Main St,Broken Arrow,OK,37608,United States,2023-10-28,Consumer
CUST-10981,Christopher Mendez,christopher.mendez222@proton.me,+1-511-498-6166,7497 Broadway,Springfield,MO,20891,United States,2023-09-08,Consumer
CUST-10982,Sara Nelson,sara.nelson793@gmail.com,+1-969-490-9040,3945 Washington Ave,Gaithersburg,MD,64446,United States,2024-06-10,Small Business
CUST-10983,Alice Young,alice.young123@hotmail.com,+1-382-362-7571,9112 Washington Ave,Spokane,WA,37696,United States,2025-11-14,Consumer
CUST-10984,Jean Bailey,jean.bailey118@proton.me,+1-714-748-9724,6525 Cedar Blvd,Shreveport,LA,92611,United States,2024-08-15,Corporate
CUST-10985,Kyle Kelly,kyle.kelly305@gmail.com,+1-745-542-8602,2922 Broadway,Pittsburgh,PA,62435,United States,2023-11-23,Small Business
CUST-10986,Grace Butler,grace.butler39@icloud.com,+1-341-824-9247,1419 Highland Dr,Tucson,AZ,93416,United States,2024-01-26,Consumer
CUST-10987,Jennifer Wood,jennifer.wood493@yahoo.com,+1-579-223-7378,9144 Sunset Way,Reading,PA,91984,United States,2025-01-05,Corporate
CUST-10988,Dorothy Alexander,dorothy.alexander493@icloud.com,+1-530-335-5800,1161 Main St,Birmingham,AL,32965,United States,2024-05-06,Consumer
CUST-10989,  Gary Burns  ,gary.burns522@yahoo.com,+1-818-539-3609,4111 Park Blvd,Augusta,GA,70477,United States,2023-12-05,Corporate
CUST-10990,Isabella Rodriguez,isabella.rodriguez892@corporate.com,+1-272-627-5260,8903 Oak Ave,Edmond,OK,71631,United States,2024-02-19,Corporate
CUST-10991,Gerald Miller,gerald.miller841@corporate.com,+1-942-987-1653,6053 Washington Ave,Nashville,TN,48399,United States,2023-12-15,Corporate
CUST-10992,Willie Vasquez,willie.vasquez159@hotmail.com,+1-976-793-2831,2868 Elm St,Louisville,KY,23582,United States,2024-01-05,Consumer
CUST-10993,Gary Moreno,gary.moreno667@yahoo.com,+1-669-926-9053,4109 Pine St,Charlotte,NC,53257,United States,2025-03-27,Consumer
CUST-10994,Gregory Jordan,gregory.jordan46@outlook.com,+1-351-734-5725,525 Cedar Blvd,Rockville,MD,87912,United States,2024-12-19,Corporate
CUST-10995,Randy Howard,randy.howard659@hotmail.com,+1-686-930-8206,4931 Maple Rd,Henderson,NV,84401,United States,2024-09-10,Corporate
CUST-10996,Donna Crawford,donna.crawford662@icloud.com,+1-228-416-5963,2530 Highland Dr,Broken Arrow,OK,43725,United States,2024-10-10,Consumer
CUST-10997,Christian Medina,christian.medina362@outlook.com,+1-801-713-6149,8674 Elm St,Clarksville,TN,32335,United States,2024-02-20,Consumer
CUST-10998,Judy Baker,judy.baker928@corporate.com,+1-214-884-2060,5709 Cedar Blvd,Memphis,TN,73438,United States,2023-06-21,Consumer
CUST-10999,Anna Crawford,anna.crawford520@bizmail.io,+1-783-853-1199,8687 Cedar Blvd,Colorado Springs,CO,56727,United States,2025-09-29,Corporate
CUST-11000,William Perry,william.perry78@hotmail.com,+1-766-747-9810,1401 Main St,Reno,NV,76508,United States,2025-11-10,Consumer
CUST-11001,Gary Rogers,gary.rogers716@bizmail.io,+1-381-241-5354,9143 Pine St,Columbia,SC,39928,United States,2025-05-22,Consumer
CUST-11002,Thomas King,thomas.king243@icloud.com,+1-799-979-8819,7706 Oak Ave,Detroit,MI,37227,United States,2023-06-26,Consumer
CUST-11003,Samantha Silva,samantha.silva462@yahoo.com,+1-687-402-2636,8986 Highland Dr,Toledo,OH,25257,United States,2026-01-02,Consumer
CUST-11004,Teresa Williams,teresa.williams806@icloud.com,+1-803-850-8475,108 Pine St,Oklahoma City,OK,68017,United States,2024-01-02,Corporate
CUST-11005,Harold Mendez,harold.mendez536@hotmail.com,+1-860-506-5328,8819 Cedar Blvd,Trenton,NJ,73344,United States,2025-06-04,Consumer
CUST-11006,Keith Richardson,keith.richardson16@proton.me,+1-721-681-9122,2772 Maple Rd,Orlando,FL,73908,United States,2023-12-12,Consumer
CUST-11007,Nicole Harris,nicole.harris208@yahoo.com,+1-981-437-4493,5133 Sunset Way,Trenton,NJ,33941,United States,2023-12-06,Consumer
CUST-11008,Walter Clark,walter.clark594@outlook.com,+1-531-360-4144,6591 Maple Rd,Orem,UT,37563,United States,2024-09-24,Corporate
CUST-11009,Kenneth Wood,kenneth.wood808@hotmail.com,+1-434-469-8732,5074 Elm St,Clarksville,TN,64645,United States,2023-07-09,Consumer
CUST-11010,Patrick Watson,patrick.watson412@corporate.com,+1-205-980-7620,1006 Washington Ave,Sterling Heights,MI,83831,United States,2023-11-22,Consumer
CUST-11011,Peter Peterson,peter.peterson687@hotmail.com,+1-501-582-1387,5373 Washington Ave,Salem,OR,37342,United States,2026-04-22,Corporate
CUST-11012,Ann Phillips,ann.phillips886@hotmail.com,+1-309-276-4983,2728 Elm St,Racine,WI,67685,United States,2025-03-17,Corporate
CUST-11013,Janice Reynolds,janice.reynolds265@hotmail.com,+1-821-800-7144,1071 Oak Ave,Lafayette,LA,73837,United States,2026-02-26,Consumer
CUST-11014,Jacqueline Patel,jacqueline.patel493@outlook.com,+1-967-275-6317,6879 Maple Rd,Provo,UT,24553,United States,2023-12-16,Corporate
CUST-11015,  Arthur Phillips  ,arthur.phillips345@hotmail.com,+1-770-743-5774,458 Maple Rd,Austin,TX,42142,United States,2023-04-07,Corporate
CUST-11016,Theresa Watson,theresa.watson198@proton.me,+1-679-433-8549,6034 Elm St,Hartford,CT,38155,United States,2024-05-22,Consumer
CUST-11017,Eric Rogers,eric.rogers430@corporate.com,+1-605-698-1786,8757 Main St,Chicago,IL,94179,United States,2026-04-14,Small Business
CUST-11018,Robert Washington,robert.washington819@bizmail.io,+1-489-788-6468,1199 Lakeview Ave,Syracuse,NY,52869,United States,2023-12-18,Consumer
CUST-11019,Sean Lewis,sean.lewis597@bizmail.io,+1-824-865-4127,1297 Broadway,Reading,PA,21498,United States,2023-06-07,Consumer
CUST-11020,Kelly Hill,kelly.hill599@proton.me,,451 Washington Ave,San Antonio,TX,94913,United States,2024-07-24,Consumer
CUST-11021,Maria Jones,maria.jones164@hotmail.com,+1-428-798-6351,8822 Park Blvd,Columbus,GA,65987,United States,2026-05-14,Consumer
CUST-11022,Kathryn Price,kathryn.price325@outlook.com,+1-303-226-9739,9961 Main St,Cleveland,OH,37019,United States,2025-07-23,Corporate
CUST-11023,Sarah Wood,sarah.wood223@icloud.com,+1-510-367-7951,4541 Cedar Blvd,West Valley City,UT,96267,United States,2024-08-24,Small Business
CUST-11024,Patrick Miller,patrick.miller864@corporate.com,+1-226-654-4417,6332 Main St,Hartford,CT,26136,United States,2025-08-23,Consumer
CUST-11025,Timothy Ross,timothy.ross945@yahoo.com,+1-366-974-4434,2071 Park Blvd,San Antonio,TX,76414,United States,2025-09-18,Corporate
CUST-11026,Samantha Coleman,samantha.coleman378@bizmail.io,+1-461-720-2834,7586 Main St,Columbus,OH,76441,United States,2025-05-05,Consumer
CUST-11027,Aaron Sanchez,aaron.sanchez454@hotmail.com,+1-434-918-2383,6484 Park Blvd,Chesapeake,VA,18559,United States,2024-06-04,Consumer
CUST-11028,Vincent Mason,vincent.mason191@gmail.com,+1-331-731-3551,2397 Lakeview Ave,Buffalo,NY,,United States,2024-08-07,Consumer
CUST-11029,Dylan Turner,dylan.turner853@outlook.com,+1-629-376-3861,8596 Maple Rd,Newport News,VA,64378,United States,2024-10-08,Corporate
CUST-11030,George Sanders,george.sanders519@icloud.com,+1-513-613-7114,4444 Highland Dr,Lexington,KY,13929,United States,2025-10-19,Consumer
CUST-11031,Gregory Davis,gregory.davis945@corporate.com,+1-247-752-7177,9905 Lakeview Ave,Albany,NY,28919,United States,2023-10-11,Consumer
CUST-11032,Patricia Hughes,patricia.hughes125@bizmail.io,+1-675-625-9793,7315 Maple Rd,Austin,TX,18693,United States,2025-03-01,Corporate
CUST-11033,James Richardson,james.richardson340@proton.me,+1-828-884-2579,7928 Park Blvd,Knoxville,TN,26803,United States,2023-09-29,Corporate
CUST-11034,Ronald Allen,ronald.allen240@yahoo.com,+1-961-297-7616,4725 Highland Dr,Fort Wayne,IN,28690,United States,2025-03-08,Consumer
CUST-11035,Melissa Cox,melissa.cox614@hotmail.com,+1-978-334-6373,7014 Elm St,Mount Pleasant,SC,97602,United States,2024-07-27,Consumer
CUST-11036,William Foster,william.foster24@outlook.com,+1-849-234-4896,2752 Washington Ave,Lexington,KY,33877,United States,2026-02-22,Consumer
CUST-11037,Evelyn Ruiz,evelyn.ruiz472@icloud.com,+1-664-836-5305,9043 Park Blvd,Lakewood,CO,63170,United States,2025-05-12,Consumer
CUST-11038,Johnny Tran,johnny.tran359@bizmail.io,+1-990-762-8476,1681 Broadway,Jersey City,NJ,43460,United States,2024-07-10,Corporate
CUST-11039,Angela Taylor,angela.taylor997@outlook.com,+1-296-432-8494,1920 Oak Ave,Glendale,AZ,13331,United States,2024-05-13,Consumer
CUST-11040,Frank Ward,frank.ward999@outlook.com,,2421 Broadway,Scottsdale,AZ,20874,United States,2023-11-17,Consumer
CUST-11041,Brittany Price,brittany.price890@gmail.com,+1-745-571-9838,3875 Lakeview Ave,Madison,WI,83778,United States,2023-06-20,Small Business
CUST-11042,Janet Green,janet.green659@icloud.com,+1-969-933-3491,8960 Highland Dr,Saint Paul,MN,93218,United States,2025-11-07,Consumer
CUST-11043,Richard Perry,richard.perry925@bizmail.io,+1-679-529-3230,5015 Main St,Bellevue,WA,65215,United States,2024-10-01,Consumer
CUST-11044,Amber Richardson,amber.richardson992@yahoo.com,+1-260-973-7723,2398 Maple Rd,Orem,UT,87854,United States,2025-03-30,Consumer
CUST-11045,Gary Powell,gary.powell615@icloud.com,+1-454-558-2155,3807 Pine St,Fort Collins,CO,61249,United States,2025-07-09,Consumer
CUST-11046,Diana Chen,diana.chen698@hotmail.com,+1-978-535-1176,2021 Sunset Way,Toledo,OH,28665,United States,2025-07-25,Consumer
CUST-11047,Billy Guzman,billy.guzman315@yahoo.com,+1-754-960-8444,2617 Oak Ave,Athens,GA,67445,United States,2023-10-10,Corporate
CUST-11048,Eugene Mendoza,eugene.mendoza868@hotmail.com,+1-315-841-8643,7078 Highland Dr,Las Vegas,NV,60004,United States,2024-11-20,Consumer
CUST-11049,Jeremy Howard,jeremy.howard759@proton.me,+1-447-880-9102,7185 Washington Ave,Indianapolis,IN,21609,United States,2025-02-25,Consumer
CUST-11050,Alexis Bailey,alexis.bailey530@proton.me,+1-629-882-5116,5943 Oak Ave,Stamford,CT,93920,United States,2024-11-13,Consumer
CUST-11051,Jeremy Morales,jeremy.morales691@hotmail.com,+1-306-999-8993,9286 Highland Dr,Savannah,GA,66854,United States,2023-08-22,Corporate
CUST-11052,Roger Ross,roger.ross868@yahoo.com,+1-789-297-2924,4009 Elm St,Milwaukee,WI,87377,United States,2026-03-06,Consumer
CUST-11053,Bryan Butler,bryan.butler672@bizmail.io,+1-671-787-9564,710 Washington Ave,Charleston,SC,55521,United States,2024-03-16,Corporate
CUST-11054,Kayla Gonzales,kayla.gonzales34@proton.me,+1-301-499-7752,564 Lakeview Ave,Akron,OH,33689,United States,2026-04-09,Consumer
CUST-11055,Catherine Ruiz,catherine.ruiz466@gmail.com,+1-532-669-5311,2731 Cedar Blvd,Henderson,NV,46258,United States,2024-06-09,Consumer
CUST-11056,Judy Chavez,judy.chavez874@bizmail.io,+1-291-541-6763,8918 Lakeview Ave,Shreveport,LA,32551,United States,2024-03-01,Corporate
CUST-11057,Samantha Ward,samantha.ward425@proton.me,+1-836-709-4050,6370 Cedar Blvd,Salt Lake City,UT,93814,United States,2025-11-05,Consumer
CUST-11058,Rachel Gray,rachel.gray992@outlook.com,+1-530-216-2826,3209 Highland Dr,Stamford,CT,30868,United States,2023-12-17,Consumer
CUST-11059,Bruce Woods,bruce.woods192@corporate.com,+1-833-912-2244,3354 Oak Ave,Lake Charles,LA,80550,United States,2024-10-02,Consumer
CUST-11060,Denise Russell,denise.russell555@proton.me,+1-606-336-7311,1797 Lakeview Ave,Springfield,IL,54585,United States,2024-12-08,Corporate
CUST-11061,Pamela Simpson,pamela.simpson463@gmail.com,+1-451-761-3539,4585 Main St,Dallas,TX,39468,United States,2023-03-21,Consumer
CUST-11062,Jeffrey Morales,jeffrey.morales22@hotmail.com,+1-449-221-8917,7291 Washington Ave,Worcester,MA,29054,United States,2025-02-23,Consumer
CUST-11063,Deborah Bell,deborah.bell419@corporate.com,+1-964-467-6963,4418 Washington Ave,Edmond,OK,86139,United States,2025-05-15,Consumer
CUST-11064,Jacob Brooks,jacob.brooks339@icloud.com,+1-751-792-3109,1683 Sunset Way,Virginia Beach,VA,27628,United States,2023-05-21,Corporate
CUST-11065,Anthony Burns,anthony.burns577@icloud.com,+1-676-475-1871,7640 Highland Dr,Montgomery,AL,94536,United States,2025-02-19,Consumer
CUST-11066,Thomas Baker,thomas.baker675@gmail.com,+1-555-688-3422,1144 Broadway,Columbia,MO,83268,United States,2026-04-16,Consumer
CUST-11067,Stephen Kennedy,stephen.kennedy512@corporate.com,+1-921-982-3184,6592 Cedar Blvd,Las Vegas,NV,88346,United States,2024-12-31,Consumer
CUST-11068,Roy Cox,roy.cox978@corporate.com,+1-347-984-9841,9715 Elm St,Savannah,GA,76578,United States,2024-07-24,Corporate
CUST-11069,Susan Alvarez,susan.alvarez75@corporate.com,+1-947-365-4188,4176 Highland Dr,New Orleans,LA,90458,United States,2025-09-28,Corporate
CUST-11070,George Davis,george.davis101@yahoo.com,+1-613-787-7347,6777 Washington Ave,Huntsville,AL,53488,United States,2023-08-22,Consumer
CUST-11071,Debra Campbell,debra.campbell734@corporate.com,+1-458-711-2486,3123 Pine St,Warren,MI,33253,United States,2025-11-16,Consumer
CUST-11072,Judy Silva,judy.silva546@hotmail.com,+1-220-820-1997,9227 Main St,Elizabeth,NJ,22324,United States,2025-12-15,Consumer
CUST-11073,James Murray,james.murray323@gmail.com,+1-781-776-7141,1236 Maple Rd,San Diego,CA,60430,United States,2026-05-06,Consumer
CUST-11074,George Castro,george.castro944@outlook.com,+1-814-583-3898,7320 Lakeview Ave,Virginia Beach,VA,99545,United States,2025-03-10,Corporate
CUST-11075,Cheryl Hill,cheryl.hill967@yahoo.com,+1-519-498-2765,5818 Broadway,Sacramento,CA,15082,United States,2023-12-02,Consumer
CUST-11076,Margaret Bryant,margaret.bryant952@proton.me,+1-665-874-9978,6470 Park Blvd,Madison,WI,90372,United States,2025-05-01,Small Business
CUST-11077,Thomas Gray,thomas.gray993@bizmail.io,+1-392-613-1681,5970 Main St,Norfolk,VA,41385,United States,2025-01-12,Small Business
CUST-11078,Gabriel Webb,gabriel.webb689@proton.me,+1-739-776-9715,8647 Washington Ave,Edmond,OK,21921,United States,2025-11-10,Corporate
CUST-11079,Larry Chavez,larry.chavez976@corporate.com,+1-613-645-7177,1449 Park Blvd,Worcester,MA,48398,United States,2025-08-27,Consumer
CUST-11080,Ann Moreno,ann.moreno799@gmail.com,+1-740-242-4081,1561 Pine St,Sterling Heights,MI,47643,United States,2024-03-26,Corporate
CUST-11081,Arthur Marshall,arthur.marshall557@gmail.com,+1-248-510-7306,3184 Elm St,AURORA,CO,16285,United States,2025-06-10,Small Business
CUST-11082,  Victoria Ellis  ,victoria.ellis389@gmail.com,+1-419-301-8491,3142 Cedar Blvd,Tulsa,OK,76682,United States,2023-06-23,Corporate
CUST-11083,Timothy Hayes,timothy.hayes56@corporate.com,+1-410-905-2905,4858 Main St,Bowie,MD,12043,United States,2025-04-03,Small Business
CUST-11084,Gregory Rivera,gregory.rivera949@corporate.com,+1-245-359-3321,9909 Cedar Blvd,Salem,OR,58730,United States,2024-03-24,Consumer
CUST-11085,Henry Wells,henry.wells429@gmail.com,+1-625-623-7178,4656 Cedar Blvd,Dayton,OH,45732,United States,2024-09-04,Corporate
CUST-11086,Jean Williams,jean.williams141@icloud.com,+1-272-852-2874,1988 Maple Rd,Albany,NY,68868,United States,2024-03-13,Small Business
CUST-11087,George Castro,george.castro988@corporate.com,+1-491-749-5693,4764 Highland Dr,Scranton,PA,43619,United States,2024-07-30,Consumer
CUST-11088,Heather Phillips,heather.phillips140@gmail.com,+1-680-690-2791,1925 Cedar Blvd,Columbia,MO,36317,United States,2025-12-05,Consumer
CUST-11089,Nancy Moore,nancy.moore458@outlook.com,+1-652-811-1672,8351 Cedar Blvd,Scottsdale,AZ,58614,United States,2025-01-21,Corporate
CUST-11090,Barbara Kennedy,barbara.kennedy890@hotmail.com,+1-379-558-8569,3387 Broadway,Henderson,NV,54741,United States,2026-05-02,Consumer
CUST-11091,Justin Gibson,justin.gibson209@proton.me,+1-873-938-8190,514 Park Blvd,Augusta,GA,92210,United States,2026-01-21,Consumer
CUST-11092,Martha Kelly,martha.kelly997@proton.me,+1-258-314-2067,6816 Sunset Way,Pittsburgh,PA,81712,United States,2023-04-17,Consumer
CUST-11093,Carol Chavez,carol.chavez710@icloud.com,+1-206-590-1056,9319 Main St,Buffalo,NY,23604,United States,2024-05-03,Corporate
CUST-11094,Donald Edwards,donald.edwards30@bizmail.io,+1-785-860-7325,4727 Broadway,Bowie,MD,19689,United States,2026-03-20,Consumer
CUST-11095,Isabella Stewart,isabella.stewart661@bizmail.io,+1-690-356-8441,8889 Elm St,Green Bay,WI,55239,United States,2023-08-31,Consumer
CUST-11096,Brittany Hall,brittany.hall767@gmail.com,+1-642-507-3359,797 Park Blvd,Raleigh,NC,58244,United States,2024-03-27,Consumer
CUST-11097,Ryan Perry,ryan.perry974@corporate.com,+1-631-627-8546,7510 Park Blvd,Eugene,OR,37276,United States,2025-09-17,Small Business
CUST-11098,Alexander Wood,alexander.wood220@icloud.com,+1-422-929-4128,9412 Cedar Blvd,Springfield,IL,79459,United States,2024-03-06,Small Business
CUST-11099,Jordan Sanders,jordan.sanders669@hotmail.com,+1-418-602-3315,7804 Oak Ave,Columbia,MO,59127,United States,2023-10-26,Consumer
CUST-11100,Bradley Hunter,bradley.hunter355@outlook.com,,7174 Maple Rd,Buffalo,NY,38465,United States,2024-02-07,Small Business
CUST-11101,Timothy Foster,timothy.foster773@outlook.com,+1-856-611-4240,2568 Washington Ave,Saint Paul,MN,45824,United States,2023-03-26,Consumer
CUST-11102,Natalie King,natalie.king553@gmail.com,+1-892-299-2070,1504 Main St,Trenton,NJ,90258,United States,2023-09-08,Consumer
CUST-11103,Susan James,susan.james771@outlook.com,+1-418-514-2081,6046 Highland Dr,Paterson,NJ,36608,United States,2025-11-28,Small Business
CUST-11104,Zachary Griffin,zachary.griffin320@yahoo.com,+1-775-363-3490,2774 Washington Ave,Columbia,SC,47976,United States,2024-07-07,Consumer
CUST-11105,Jose Green,jose.green716@icloud.com,+1-316-879-3402,7389 Oak Ave,Columbia,MO,46861,United States,2023-04-07,Corporate
CUST-11106,Ruth Griffin,ruth.griffin610@proton.me,+1-651-798-3979,7429 Main St,Memphis,TN,12615,United States,2024-04-15,Small Business
CUST-11107,Teresa Ruiz,teresa.ruiz191@outlook.com,+1-839-507-7449,2549 Oak Ave,Dallas,TX,19029,United States,2024-07-05,Small Business
CUST-11108,Amber Gomez,amber.gomez627@bizmail.io,+1-216-836-7844,2869 Elm St,Detroit,MI,56492,United States,2024-08-13,Corporate
CUST-11109,Anna Aguilar,anna.aguilar63@icloud.com,+1-917-513-5310,7455 Washington Ave,Knoxville,TN,31873,United States,2026-04-13,Consumer
CUST-11110,Bobby Alexander,bobby.alexander143@gmail.com,+1-952-787-1314,5059 Washington Ave,Trenton,NJ,14112,United States,2025-12-18,Consumer
CUST-11111,Maria Martinez,maria.martinez385@corporate.com,+1-616-924-6605,2268 Elm St,Mount Pleasant,SC,53992,United States,2024-11-24,Corporate
CUST-11112,Judith Reed,judith.reed96@proton.me,+1-721-316-1376,2205 Oak Ave,Austin,TX,98055,United States,2024-12-01,Consumer
CUST-11113,Thomas Flores,thomas.flores19@gmail.com,+1-954-549-2153,2659 Highland Dr,New Orleans,LA,19884,United States,2025-01-31,Consumer
CUST-11114,Christina Mendez,christina.mendez134@gmail.com,+1-921-342-4268,1429 Maple Rd,Louisville,KY,90290,United States,2024-07-23,Consumer
CUST-11115,James Gonzales,james.gonzales406@proton.me,+1-840-742-4156,7899 Cedar Blvd,Columbus,OH,20408,United States,2025-02-08,Corporate
CUST-11116,Ralph Mitchell,ralph.mitchell463@outlook.com,+1-719-206-2303,2981 Cedar Blvd,Ann Arbor,MI,18030,United States,2023-10-14,Consumer
CUST-11117,Kathryn Carter,kathryn.carter201@proton.me,+1-974-433-3661,6566 Broadway,Charleston,SC,34667,United States,2025-09-20,Corporate
CUST-11118,Virginia Gibson,virginia.gibson854@proton.me,+1-953-446-9692,214 Broadway,Toledo,OH,42892,United States,2024-10-24,Corporate
CUST-11119,Larry Adams,larry.adams362@gmail.com,+1-834-973-8046,1409 Broadway,New York,NY,74739,United States,2026-01-19,Corporate
CUST-11120,Patricia Thompson,patricia.thompson630@yahoo.com,+1-782-468-6227,7485 Elm St,Rockville,MD,99270,United States,2024-08-17,Corporate
CUST-11121,Megan Kim,megan.kim243@outlook.com,+1-243-907-6781,6813 Park Blvd,Trenton,NJ,34941,United States,2023-09-03,Corporate
CUST-11122,Diane Hamilton,diane.hamilton765@corporate.com,+1-629-225-3284,5289 Washington Ave,Worcester,MA,28623,United States,2023-10-23,Small Business
CUST-11123,Aaron Sanders,aaron.sanders164@outlook.com,+1-422-297-1268,6510 Park Blvd,Glendale,AZ,32646,United States,2026-05-03,Consumer
CUST-11124,Jennifer Bryant,jennifer.bryant294@icloud.com,+1-394-698-9177,7191 Washington Ave,Allentown,PA,82001,United States,2024-03-19,Small Business
CUST-11125,Logan Thomas,logan.thomas985@proton.me,+1-922-688-5740,2417 Cedar Blvd,Las Vegas,NV,18769,United States,2024-06-07,Consumer
CUST-11126,Sharon Coleman,sharon.coleman172@proton.me,+1-845-518-8028,2096 Highland Dr,San Diego,CA,92773,United States,2023-08-31,Consumer
CUST-11127,Diana Myers,diana.myers74@gmail.com,+1-657-578-7832,4132 Cedar Blvd,Newport News,VA,72065,United States,2025-09-11,Small Business
CUST-11128,Benjamin Silva,benjamin.silva358@proton.me,+1-915-399-3082,5372 Broadway,Bowling Green,KY,82744,United States,2023-09-29,Consumer
CUST-11129,Sophia Webb,sophia.webb586@bizmail.io,+1-219-520-9371,1666 Washington Ave,Salem,OR,74040,United States,2025-01-31,Corporate
CUST-11130,Christopher Murray,christopher.murray78@bizmail.io,+1-598-996-4165,4625 Lakeview Ave,Lowell,MA,44866,United States,2023-08-30,Consumer
CUST-11131,Jessica Griffin,jessica.griffin345@proton.me,+1-835-694-3394,4568 Elm St,Athens,GA,10400,United States,2025-01-11,Consumer
CUST-11132,Jacqueline Phillips,jacqueline.phillips133@hotmail.com,+1-951-262-4193,8677 Sunset Way,Sparks,NV,89309,United States,2025-05-11,Consumer
CUST-11133,Henry Williams,henry.williams313@gmail.com,+1-229-867-7904,1389 Elm St,Raleigh,NC,28882,United States,2024-09-28,Consumer
CUST-11134,Donna Romero,donna.romero464@proton.me,+1-310-480-8470,4621 Cedar Blvd,St. Louis,MO,87836,United States,2024-04-09,Corporate
CUST-11135,Dorothy Freeman,dorothy.freeman63@proton.me,+1-765-688-7042,2422 Elm St,Newark,NJ,26241,United States,2025-09-10,Corporate
CUST-11136,Michael Gordon,michael.gordon192@proton.me,+1-827-978-1565,4735 Elm St,Aurora,CO,61843,United States,2023-12-24,Consumer
CUST-11137,Christian Anderson,christian.anderson153@outlook.com,+1-304-735-3676,3950 Oak Ave,Nashville,TN,18899,United States,2025-09-03,Corporate
CUST-11138,Alexander Lee,alexander.lee420@gmail.com,+1-737-626-7487,2639 Sunset Way,Newark,NJ,74547,United States,2024-02-06,Corporate
CUST-11139,Zachary Green,zachary.green255@gmail.com,+1-860-899-1396,959 Broadway,Shreveport,LA,39805,United States,2025-10-07,Corporate
CUST-11140,David Hernandez,david.hernandez987@outlook.com,,6449 Broadway,Baton Rouge,LA,30005,United States,2025-03-09,Consumer
CUST-11141,Rose Howard,rose.howard573@yahoo.com,,3521 Cedar Blvd,Fresno,CA,64386,United States,2023-08-27,Consumer
CUST-11142,Theresa Lee,theresa.lee227@outlook.com,+1-749-207-5610,4452 Sunset Way,Fort Wayne,IN,62059,United States,2024-05-08,Consumer
CUST-11143,Stephanie Crawford,stephanie.crawford929@hotmail.com,+1-602-322-5675,7499 Main St,Jersey City,NJ,52868,United States,2024-12-23,Consumer
CUST-11144,Amber Tran,amber.tran52@corporate.com,+1-309-960-4368,3379 Highland Dr,Cleveland,OH,24770,United States,2024-02-21,Corporate
CUST-11145,Wayne Diaz,wayne.diaz673@icloud.com,+1-780-458-4552,8473 Main St,Richmond,VA,17126,United States,2024-09-17,Consumer
CUST-11146,George Bennett,george.bennett478@corporate.com,+1-816-971-3707,8155 Park Blvd,Chattanooga,TN,52907,United States,2025-04-04,Consumer
CUST-11147,Logan Murphy,logan.murphy883@gmail.com,+1-834-251-1183,4593 Main St,Milwaukee,WI,10035,United States,2025-12-23,Consumer
CUST-11148,Teresa Green,teresa.green671@icloud.com,,1346 Pine St,Rochester,NY,38220,United States,2025-11-13,Consumer
CUST-11149,Alexis Rodriguez,alexis.rodriguez477@icloud.com,+1-323-851-1497,7907 Maple Rd,Grand Rapids,MI,44435,United States,2025-09-28,Consumer
CUST-11150,Jacob Patterson,jacob.patterson729@bizmail.io,+1-264-948-3511,3630 Oak Ave,Greensboro,NC,12956,United States,2023-04-16,Consumer
CUST-11151,Elizabeth Bryant,elizabeth.bryant189@gmail.com,+1-790-245-2032,4701 Lakeview Ave,Gresham,OR,64057,United States,2023-12-28,Consumer
CUST-11152,Jonathan Miller,jonathan.miller716@bizmail.io,+1-201-865-1722,9327 Washington Ave,Henderson,NV,40778,United States,2024-11-21,Consumer
CUST-11153,Cynthia Gonzalez,cynthia.gonzalez386@bizmail.io,+1-683-757-3685,6215 Broadway,Virginia Beach,VA,88387,United States,2024-10-22,Small Business
CUST-11154,Carl Nguyen,carl.nguyen188@corporate.com,+1-581-678-6692,4891 Maple Rd,Montgomery,AL,63346,United States,2024-08-13,Corporate
CUST-11155,Harold Marshall,harold.marshall626@hotmail.com,+1-340-540-6876,7744 Park Blvd,Richmond,VA,21330,United States,2024-02-16,Corporate
CUST-11156,Kevin Hernandez,kevin.hernandez359@outlook.com,+1-787-342-4372,6593 Oak Ave,Fort Wayne,IN,88484,United States,2024-06-27,Corporate
CUST-11157,Keith Owens,keith.owens14@hotmail.com,+1-763-880-3698,3815 Broadway,Indianapolis,IN,85427,United States,2026-03-07,Corporate
CUST-11158,Sandra Wood,sandra.wood682@corporate.com,+1-424-790-6752,6784 Lakeview Ave,Columbia,MO,78566,United States,2024-04-27,Corporate
CUST-11159,Julia Snyder,julia.snyder743@gmail.com,+1-716-310-9113,2465 Oak Ave,Springfield,IL,34684,United States,2023-11-14,Consumer
CUST-11160,Charlotte Russell,charlotte.russell663@yahoo.com,+1-395-224-1265,609 Pine St,Salem,OR,81036,United States,2024-09-18,Consumer
CUST-11161,Bradley Jackson,bradley.jackson442@proton.me,+1-877-612-1173,9890 Pine St,Durham,NC,25591,United States,2026-01-14,Consumer
CUST-11162,Nicole Barnes,nicole.barnes52@bizmail.io,+1-232-711-6236,5858 Main St,Lakewood,CO,87769,United States,2023-09-25,Consumer
CUST-11163,Jerry Castro,jerry.castro645@proton.me,+1-901-702-1447,6325 Main St,Glendale,AZ,86955,United States,2025-11-12,Small Business
CUST-11164,Daniel Griffin,daniel.griffin261@yahoo.com,+1-665-588-6527,4054 Highland Dr,Kansas City,MO,,United States,2024-12-31,Small Business
CUST-11165,Emma Fernandez,emma.fernandez107@gmail.com,+1-900-331-1462,8395 Park Blvd,Akron,OH,63819,United States,2023-11-19,Consumer
CUST-11166,Stephen Washington,stephen.washington751@gmail.com,+1-459-799-2927,8566 Park Blvd,Covington,KY,95682,United States,2024-03-28,Consumer
CUST-11167,Dorothy Hernandez,dorothy.hernandez122@outlook.com,+1-278-403-8899,8066 Cedar Blvd,Green Bay,WI,65932,United States,2024-10-14,Consumer
CUST-11168,Grace Rivera,grace.rivera238@proton.me,+1-899-797-9083,3847 Lakeview Ave,Rochester,NY,33943,United States,2024-04-20,Consumer
CUST-11169,Sandra Sanchez,sandra.sanchez586@gmail.com,+1-648-708-7007,7144 Main St,Aurora,IL,89325,United States,2025-06-29,Corporate
CUST-11170,Jack Silva,jack.silva44@hotmail.com,+1-646-770-7918,1196 Oak Ave,Jacksonville,FL,72083,United States,2023-05-14,Consumer
CUST-11171,Logan Alvarez,logan.alvarez938@outlook.com,+1-323-224-3654,1515 Highland Dr,Bellevue,WA,41880,United States,2023-10-02,Consumer
CUST-11172,Gabriel Owens,gabriel.owens78@outlook.com,+1-796-623-2898,9269 Main St,Springfield,MO,72636,United States,2024-04-27,Consumer
CUST-11173,Paul Powell,paul.powell817@gmail.com,+1-315-737-5356,9694 Sunset Way,Virginia Beach,VA,76872,United States,2026-05-09,Consumer
CUST-11174,Emily Brooks,emily.brooks203@bizmail.io,+1-689-690-4508,1722 Maple Rd,Broken Arrow,OK,37991,United States,2025-01-17,Consumer
CUST-11175,Carl Jackson,carl.jackson158@yahoo.com,+1-689-725-2189,9375 Maple Rd,Saint Paul,MN,76829,United States,2025-08-05,Consumer
CUST-11176,Billy Castillo,billy.castillo71@corporate.com,+1-243-528-7465,553 Cedar Blvd,Eugene,OR,63266,United States,2025-02-24,Consumer
CUST-11177,Tyler Jordan,tyler.jordan639@corporate.com,+1-861-973-3576,4054 Highland Dr,Birmingham,AL,72831,United States,2025-02-25,Consumer
CUST-11178,Karen Gonzales,karen.gonzales96@outlook.com,+1-991-856-1654,6154 Pine St,Phoenix,AZ,83621,United States,2026-03-29,Consumer
CUST-11179,Debra Cox,debra.cox885@bizmail.io,+1-723-699-7325,9759 Lakeview Ave,Green Bay,WI,50388,United States,2023-05-31,Consumer
CUST-11180,Jean Wells,jean.wells718@bizmail.io,+1-550-745-9470,1131 Pine St,Knoxville,TN,21925,United States,2025-08-23,Consumer
CUST-11181,Brenda Tucker,brenda.tucker938@icloud.com,+1-779-395-6710,5119 Cedar Blvd,Columbus,GA,52488,United States,2023-07-15,Corporate
CUST-11182,Virginia Bailey,virginia.bailey684@icloud.com,+1-986-827-3281,4933 Cedar Blvd,Kenosha,WI,97776,United States,2024-12-07,Consumer
CUST-11183,Carl Fernandez,carl.fernandez542@outlook.com,+1-320-941-5775,4147 Cedar Blvd,Toledo,OH,86251,United States,2024-08-12,Consumer
CUST-11184,  Alexander Campbell  ,alexander.campbell505@hotmail.com,+1-781-670-9804,5693 Maple Rd,Norfolk,VA,61331,United States,2023-08-18,Consumer
CUST-11185,Ashley Long,ashley.long203@hotmail.com,+1-706-665-5539,8474 Highland Dr,Seattle,WA,18722,United States,2023-04-30,Consumer
CUST-11186,Joyce Gordon,joyce.gordon457@corporate.com,+1-520-322-3289,3067 Oak Ave,Milwaukee,WI,72438,United States,2023-09-02,Consumer
CUST-11187,Susan Hernandez,susan.hernandez558@hotmail.com,+1-330-298-7934,3456 Main St,Charlotte,NC,81891,United States,2026-01-08,Corporate
CUST-11188,John Lewis,john.lewis450@icloud.com,+1-436-425-5370,9154 Elm St,Green Bay,WI,47249,United States,2024-07-09,Corporate
CUST-11189,Gloria Chen,gloria.chen835@corporate.com,+1-408-754-1285,2727 Oak Ave,Baton Rouge,LA,32523,United States,2024-08-21,Consumer
CUST-11190,Helen West,helen.west236@icloud.com,,2943 Cedar Blvd,Orlando,FL,63267,United States,2025-09-18,Consumer
CUST-11191,Amber Ward,amber.ward466@icloud.com,+1-437-302-2343,6793 Lakeview Ave,Bowie,MD,60685,United States,2023-12-22,Consumer
CUST-11192,Jerry Simpson,jerry.simpson220@bizmail.io,+1-647-736-6608,5376 Main St,Sacramento,CA,45615,United States,2024-04-13,Consumer
CUST-11193,Olivia Crawford,olivia.crawford625@corporate.com,+1-372-613-4393,3670 Elm St,Norfolk,VA,20139,United States,2025-04-06,Consumer
CUST-11194,Marie Howard,marie.howard993@gmail.com,,1159 Park Blvd,Bellevue,WA,71566,United States,2025-02-13,Corporate
CUST-11195,Arthur Ruiz,arthur.ruiz456@bizmail.io,+1-634-291-8165,4276 Elm St,Seattle,WA,74350,United States,2024-05-25,Consumer
CUST-11196,Eric Wallace,eric.wallace670@icloud.com,+1-237-590-6973,886 Cedar Blvd,Pittsburgh,PA,86741,United States,2025-07-12,Consumer
CUST-11197,Lisa Simpson,lisa.simpson547@hotmail.com,+1-663-352-5803,2420 Washington Ave,Rochester,NY,20388,United States,2023-04-25,Consumer
CUST-11198,Ryan Sullivan,ryan.sullivan247@yahoo.com,+1-835-253-3882,4822 Sunset Way,Reading,PA,18752,United States,2024-08-31,Consumer
CUST-11199,Kevin Stewart,kevin.stewart739@yahoo.com,+1-268-991-2663,4508 Maple Rd,Lexington,KY,88988,United States,2026-04-26,Consumer
CUST-11200,Gloria Patel,gloria.patel261@gmail.com,+1-533-375-5461,8509 Main St,Rockford,IL,34485,United States,2025-05-30,Consumer
CUST-11201,Tyler Wright,tyler.wright876@outlook.com,+1-447-823-7016,9502 Pine St,Yonkers,NY,30435,United States,2025-06-23,Consumer
CUST-11202,Sophia Lewis,sophia.lewis782@gmail.com,+1-268-586-3226,109 Pine St,Scranton,PA,89431,United States,2025-01-08,Consumer
CUST-11203,Marilyn Jenkins,marilyn.jenkins487@proton.me,+1-820-791-7638,4219 Sunset Way,Columbia,MO,78819,United States,2023-04-30,Small Business
CUST-11204,Megan Allen,megan.allen386@hotmail.com,,6368 Washington Ave,Columbus,OH,88616,United States,2026-03-18,Consumer
CUST-11205,Jeremy Gomez,jeremy.gomez778@outlook.com,,5047 Washington Ave,Toledo,OH,93683,United States,2026-04-29,Consumer
CUST-11206,Ryan Vasquez,ryan.vasquez739@bizmail.io,+1-580-409-8590,2236 Washington Ave,Chattanooga,TN,71125,United States,2024-12-30,Small Business
CUST-11207,Donna Shaw,donna.shaw368@bizmail.io,+1-595-869-8100,1379 Highland Dr,Warren,MI,16962,United States,2025-11-05,Consumer
CUST-11208,Gloria Wallace,gloria.wallace370@proton.me,+1-398-517-9302,2818 Main St,West Jordan,UT,18880,United States,2026-03-10,Small Business
CUST-11209,Randy Woods,randy.woods233@proton.me,+1-224-659-7609,5572 Highland Dr,New York,NY,76782,United States,2024-11-25,Consumer
CUST-11210,Larry Patel,larry.patel136@bizmail.io,+1-976-699-8100,8520 Main St,Covington,KY,86758,United States,2026-02-16,Consumer
CUST-11211,Isabella Washington,isabella.washington348@bizmail.io,+1-949-939-5376,2458 Maple Rd,San Antonio,TX,59535,United States,2023-07-30,Corporate
CUST-11212,Madison Foster,madison.foster55@hotmail.com,+1-212-336-4186,6954 Highland Dr,Spokane,WA,15490,United States,2024-11-13,Consumer
CUST-11213,Joshua Barnes,joshua.barnes10@yahoo.com,+1-367-238-5350,8007 Oak Ave,Rockville,MD,37605,United States,2023-05-07,Consumer
CUST-11214,Kevin Hayes,kevin.hayes841@proton.me,+1-831-945-7096,7782 Pine St,El Paso,TX,70241,United States,2025-10-10,Consumer
CUST-11215,Natalie James,natalie.james708@hotmail.com,+1-808-996-5018,3806 Main St,Fort Wayne,IN,97523,United States,2024-08-01,Consumer
CUST-11216,Christian Kim,christian.kim984@hotmail.com,+1-463-309-3424,9193 Cedar Blvd,Mobile,AL,16722,United States,2023-08-14,Corporate
CUST-11217,Amy Hamilton,amy.hamilton527@proton.me,+1-622-960-7551,6969 Highland Dr,Salt Lake City,UT,81068,United States,2025-07-22,Consumer
CUST-11218,Dorothy Hunter,dorothy.hunter958@gmail.com,+1-646-615-8080,2623 Washington Ave,Las Vegas,NV,,United States,2023-09-19,Consumer
CUST-11219,Jack Walker,jack.walker960@corporate.com,+1-802-419-7640,7146 Cedar Blvd,Macon,GA,74469,United States,2024-09-08,Consumer
CUST-11220,Kevin Gray,kevin.gray395@yahoo.com,+1-303-284-2348,239 Maple Rd,Green Bay,WI,87784,United States,2025-07-09,Consumer
CUST-11221,Lisa Mason,lisa.mason191@gmail.com,+1-336-498-7009,5953 Broadway,NEW YORK,NY,71762,United States,2025-07-24,Consumer
CUST-11222,Gregory Sanchez,gregory.sanchez639@gmail.com,+1-396-374-7403,8134 Oak Ave,Baltimore,MD,15179,United States,2026-03-13,Consumer
CUST-11223,Noah Jackson,noah.jackson630@hotmail.com,+1-361-858-9435,1674 Park Blvd,Chicago,IL,70599,United States,2024-10-26,Consumer
CUST-11224,William Powell,william.powell839@bizmail.io,+1-567-721-6020,4911 Broadway,Saint Paul,MN,71952,United States,2024-07-07,Corporate
CUST-11225,Jacob Richardson,jacob.richardson162@outlook.com,+1-237-281-1962,9728 Oak Ave,Cleveland,OH,70461,United States,2024-08-01,Consumer
CUST-11226,Steven Hill,steven.hill603@icloud.com,+1-935-693-8132,6815 Oak Ave,Warren,MI,51936,United States,2026-01-01,Small Business
CUST-11227,Amber Fernandez,amber.fernandez681@gmail.com,+1-572-360-7402,3237 Elm St,West Valley City,UT,,United States,2024-09-19,Consumer
CUST-11228,Nicholas Jimenez,nicholas.jimenez684@corporate.com,+1-926-531-8366,2277 Elm St,Gresham,OR,70752,United States,2025-05-14,Corporate
CUST-11229,Gabriel Watson,gabriel.watson900@outlook.com,+1-456-625-2527,8077 Elm St,Tulsa,OK,10975,United States,2023-03-28,Consumer
CUST-11230,Kathleen Tran,kathleen.tran748@outlook.com,+1-627-239-1151,6010 Lakeview Ave,Reno,NV,36510,United States,2023-08-21,Consumer
CUST-11231,Alexander Smith,alexander.smith226@outlook.com,+1-540-896-9273,4580 Sunset Way,Clarksville,TN,36438,United States,2025-10-29,Consumer
CUST-11232,Janice Olson,janice.olson475@hotmail.com,+1-751-973-8478,829 Pine St,Glendale,AZ,15167,United States,2025-04-24,Consumer
CUST-11233,Billy Taylor,billy.taylor946@icloud.com,+1-522-805-4651,7460 Pine St,Gresham,OR,70757,United States,2023-10-03,Consumer
CUST-11234,Elizabeth Collins,elizabeth.collins553@icloud.com,+1-241-427-8360,4015 Washington Ave,tacoma,WA,10561,United States,2024-12-27,Consumer
CUST-11235,Stephen Castro,stephen.castro523@hotmail.com,+1-987-814-1838,8236 Highland Dr,North Las Vegas,NV,12142,United States,2023-05-08,Consumer
CUST-11236,Brenda Robinson,brenda.robinson753@proton.me,+1-381-758-4281,332 Broadway,West Jordan,UT,83499,United States,2025-02-05,Consumer
CUST-11237,Gary Wallace,gary.wallace183@hotmail.com,+1-887-463-7808,2751 Washington Ave,Orlando,FL,43841,United States,2026-04-19,Consumer
CUST-11238,Matthew Kelly,matthew.kelly80@yahoo.com,+1-359-324-1054,4024 Oak Ave,Independence,MO,93757,United States,2024-09-05,Corporate
CUST-11239,Helen Rivera,helen.rivera134@bizmail.io,+1-723-325-8884,4659 Oak Ave,Lafayette,LA,54240,United States,2025-10-11,Consumer
CUST-11240,Amanda Jimenez,amanda.jimenez942@yahoo.com,+1-264-366-3388,5704 Maple Rd,Springfield,MO,12389,United States,2025-05-09,Consumer
CUST-11241,Deborah Wallace,deborah.wallace821@corporate.com,+1-306-724-7593,3579 Maple Rd,San Diego,CA,61023,United States,2024-06-11,Consumer
CUST-11242,Bradley Freeman,bradley.freeman966@bizmail.io,+1-770-989-8501,6445 Elm St,Birmingham,AL,96117,United States,2026-01-14,Consumer
CUST-11243,David Martinez,david.martinez373@gmail.com,+1-880-581-6549,6908 Lakeview Ave,Columbus,OH,84834,United States,2023-11-16,Corporate
CUST-11244,Kyle Perez,kyle.perez543@yahoo.com,+1-807-339-8756,8199 Sunset Way,Portland,OR,87941,United States,2025-08-30,Small Business
CUST-11245,Debra Walker,debra.walker329@corporate.com,+1-500-239-2746,999 Pine St,Bowling Green,KY,42248,United States,2026-03-26,Consumer
CUST-11246,Roy Gutierrez,roy.gutierrez880@corporate.com,+1-276-743-6960,1330 Park Blvd,Naperville,IL,54556,United States,2024-04-14,Consumer
CUST-11247,Jennifer Miller,jennifer.miller900@outlook.com,+1-737-817-2640,6039 Oak Ave,Jersey City,NJ,22199,United States,2024-10-25,Consumer
CUST-11248,Christine Brooks,christine.brooks606@yahoo.com,+1-437-250-5530,5203 Sunset Way,Reading,PA,37827,United States,2025-09-20,Corporate
CUST-11249,Christopher Harrison,christopher.harrison314@yahoo.com,+1-613-970-1667,5210 Washington Ave,Ann Arbor,MI,96232,United States,2023-05-09,Consumer
CUST-11250,Natalie Wilson,natalie.wilson14@yahoo.com,+1-688-243-8687,6016 Washington Ave,Houston,TX,87110,United States,2025-08-24,Consumer
CUST-11251,Janice Woods,janice.woods199@yahoo.com,+1-845-217-8705,3678 Lakeview Ave,Dallas,TX,32069,United States,2025-01-09,Corporate
CUST-11252,Juan Ellis,juan.ellis545@hotmail.com,+1-790-947-4072,8171 Sunset Way,Phoenix,AZ,99313,United States,2025-01-28,Consumer
CUST-11253,Joe Jimenez,joe.jimenez362@outlook.com,+1-614-804-7742,9575 Pine St,Hillsboro,OR,48365,United States,2025-05-02,Consumer
CUST-11254,Ashley Butler,ashley.butler11@yahoo.com,+1-615-804-4132,4244 Lakeview Ave,Lakewood,CO,75231,United States,2024-12-25,Consumer
CUST-11255,Bruce Henry,bruce.henry738@gmail.com,+1-436-455-1762,1282 Broadway,Henderson,NV,27360,United States,2025-09-28,Consumer
CUST-11256,Stephen Lewis,stephen.lewis859@gmail.com,+1-623-309-6592,3480 Park Blvd,Colorado Springs,CO,24519,United States,2026-05-26,Consumer
CUST-11257,Ashley Patel,ashley.patel541@hotmail.com,+1-654-879-4302,2490 Cedar Blvd,Chandler,AZ,96444,United States,2024-08-04,Consumer
CUST-11258,Logan Morales,logan.morales60@hotmail.com,+1-203-643-8595,2698 Main St,Knoxville,TN,67337,United States,2023-09-01,Corporate
CUST-11259,Isabella Alexander,isabella.alexander123@hotmail.com,+1-344-490-5576,3000 Washington Ave,Grand Rapids,MI,64185,United States,2023-06-23,Corporate
CUST-11260,Rose Murray,rose.murray320@icloud.com,+1-660-405-5515,7912 Washington Ave,Gaithersburg,MD,55592,United States,2026-01-18,Consumer
CUST-11261,Douglas Wright,douglas.wright507@corporate.com,+1-424-764-9350,2470 Oak Ave,Baton Rouge,LA,94570,United States,2026-04-26,Consumer
CUST-11262,Shirley Sanchez,shirley.sanchez774@corporate.com,+1-220-264-2755,4052 Pine St,Edmond,OK,50660,United States,2024-11-21,Consumer
CUST-11263,Amber Mcdonald,amber.mcdonald518@gmail.com,,9174 Washington Ave,West Valley City,UT,92250,United States,2023-06-11,Consumer
CUST-11264,Deborah Mitchell,deborah.mitchell267@hotmail.com,+1-800-404-7585,9956 Highland Dr,Montgomery,AL,65685,United States,2025-10-21,Consumer
CUST-11265,Walter Hunter,walter.hunter56@proton.me,+1-565-682-4951,8824 Elm St,New Haven,CT,52561,United States,2025-04-25,Consumer
CUST-11266,  Ann Jones  ,ann.jones246@corporate.com,+1-244-409-8652,6856 Sunset Way,St. Petersburg,FL,27956,United States,2025-12-26,Small Business
CUST-11267,Juan Harrison,juan.harrison765@icloud.com,+1-423-579-2586,699 Pine St,Columbia,SC,38931,United States,2023-12-10,Consumer
CUST-11268,Donald Bailey,donald.bailey358@icloud.com,+1-826-321-2532,4201 Highland Dr,New Haven,CT,22252,United States,2023-11-22,Consumer
CUST-11269,Bobby Morris,bobby.morris181@gmail.com,+1-701-421-7747,5518 Oak Ave,Knoxville,TN,80919,United States,2026-03-02,Consumer
CUST-11270,Kathryn Bailey,kathryn.bailey967@proton.me,+1-971-663-3691,540 Lakeview Ave,Glendale,AZ,55738,United States,2026-05-31,Consumer
CUST-11271,Jennifer Peterson,jennifer.peterson765@gmail.com,+1-950-383-4208,3525 Cedar Blvd,Pittsburgh,PA,40699,United States,2025-05-02,Consumer
CUST-11272,Denise Jordan,denise.jordan130@icloud.com,+1-575-842-5908,7174 Maple Rd,Madison,WI,14127,United States,2025-02-23,Consumer
CUST-11273,Kenneth Griffin,kenneth.griffin45@outlook.com,+1-900-630-2778,1489 Maple Rd,San Francisco,CA,59091,United States,2024-04-17,Consumer
CUST-11274,Betty Fisher,betty.fisher740@proton.me,+1-663-361-9730,9394 Cedar Blvd,Columbia,SC,44883,United States,2025-02-16,Small Business
CUST-11275,Joe Simmons,joe.simmons229@gmail.com,+1-400-615-5842,6252 Sunset Way,Paterson,NJ,89466,United States,2024-11-06,Consumer
CUST-11276,Lawrence Robinson,lawrence.robinson764@yahoo.com,+1-773-690-7465,9613 Lakeview Ave,Bridgeport,CT,40112,United States,2025-09-14,Corporate
CUST-11277,Roger Campbell,roger.campbell256@gmail.com,+1-720-821-9907,1315 Cedar Blvd,New Haven,CT,26571,United States,2023-05-24,Consumer
CUST-11278,Noah Castro,noah.castro572@outlook.com,+1-382-245-8007,8136 Cedar Blvd,Greensboro,NC,53525,United States,2025-11-21,Consumer
CUST-11279,Roy Silva,roy.silva462@yahoo.com,+1-632-938-9957,1413 Lakeview Ave,Fort Wayne,IN,91899,United States,2025-11-29,Corporate
CUST-11280,Juan Peterson,juan.peterson808@gmail.com,+1-993-880-1396,597 Oak Ave,Los Angeles,CA,11511,United States,2024-07-09,Consumer
CUST-11281,Julia Chen,julia.chen502@yahoo.com,+1-649-751-7087,1037 Broadway,El Paso,TX,34958,United States,2025-12-16,Corporate
CUST-11282,Eugene Hill,eugene.hill127@hotmail.com,+1-970-499-5273,2709 Oak Ave,Elizabeth,NJ,98103,United States,2024-06-07,Consumer
CUST-11283,Amber Vargas,amber.vargas544@yahoo.com,+1-354-379-5734,8315 Highland Dr,Knoxville,TN,74374,United States,2023-05-22,Corporate
CUST-11284,Walter Hernandez,walter.hernandez55@gmail.com,+1-202-877-5280,4124 Washington Ave,Chandler,AZ,13440,United States,2023-07-28,Consumer
CUST-11285,Raymond Medina,raymond.medina396@yahoo.com,+1-441-622-3445,4514 Sunset Way,Fort Wayne,IN,63108,United States,2024-11-14,Consumer
CUST-11286,Denise Gonzalez,denise.gonzalez394@gmail.com,+1-765-931-1645,7796 Main St,Grand Rapids,MI,85605,United States,2024-05-12,Consumer
CUST-11287,Bryan Simpson,bryan.simpson815@gmail.com,+1-990-839-9615,3127 Maple Rd,Lowell,MA,56540,United States,2023-04-14,Consumer
CUST-11288,Richard Young,richard.young921@gmail.com,+1-467-840-5237,3007 Sunset Way,Winston-Salem,NC,26287,United States,2024-03-20,Small Business
CUST-11289,Amy Medina,amy.medina673@yahoo.com,+1-609-474-4968,2637 Broadway,Spokane,WA,79248,United States,2025-04-29,Consumer
CUST-11290,Jordan Ramos,jordan.ramos695@hotmail.com,+1-617-504-3598,439 Cedar Blvd,Carmel,IN,94565,United States,2025-06-16,Corporate
CUST-11291,Kimberly Patel,kimberly.patel327@hotmail.com,+1-284-673-1668,6492 Pine St,Tucson,AZ,23643,United States,2023-06-14,Small Business
CUST-11292,Kenneth Price,kenneth.price201@corporate.com,+1-434-938-7046,5669 Sunset Way,Shreveport,LA,15546,United States,2024-04-26,Consumer
CUST-11293,Vincent Garcia,vincent.garcia431@hotmail.com,+1-497-725-9689,8377 Main St,Chattanooga,TN,50334,United States,2025-12-09,Corporate
CUST-11294,  Jack Morris  ,jack.morris192@hotmail.com,+1-539-942-3199,7729 Highland Dr,Greenville,SC,77993,United States,2023-04-19,Corporate
CUST-11295,Wayne Mendoza,wayne.mendoza254@icloud.com,+1-421-413-6817,3283 Sunset Way,Detroit,MI,48191,United States,2026-03-16,Consumer
CUST-11296,Sophia Young,sophia.young835@yahoo.com,+1-292-296-8450,8721 Park Blvd,Birmingham,AL,28535,United States,2024-03-14,Corporate
CUST-11297,Frances Gonzalez,frances.gonzalez656@icloud.com,+1-704-421-3207,6735 Broadway,Savannah,GA,21982,United States,2025-04-20,Consumer
CUST-11298,Jose Rodriguez,jose.rodriguez789@bizmail.io,+1-976-535-7378,1661 Park Blvd,Las Vegas,NV,90199,United States,2025-12-25,Small Business
CUST-11299,Kayla Fernandez,kayla.fernandez943@outlook.com,+1-413-227-1481,9702 Oak Ave,Bridgeport,CT,11398,United States,2023-06-22,Consumer
CUST-11300,Terry Allen,terry.allen714@corporate.com,+1-541-683-9148,4423 Lakeview Ave,Salt Lake City,UT,42032,United States,2023-06-24,Consumer
CUST-11301,Donald Coleman,donald.coleman228@corporate.com,+1-576-824-6665,2294 Main St,Waterbury,CT,99144,United States,2026-05-25,Consumer
CUST-11302,Ashley Stevens,ashley.stevens241@icloud.com,+1-606-742-8820,5718 Main St,St. Petersburg,FL,48304,United States,2024-10-21,Consumer
CUST-11303,Jose Roberts,jose.roberts631@outlook.com,+1-275-445-8393,4605 Elm St,Salem,OR,38257,United States,2025-06-16,Consumer
CUST-11304,Shirley Martinez,shirley.martinez427@gmail.com,+1-575-845-1348,5629 Cedar Blvd,Rockford,IL,80268,United States,2024-10-06,Consumer
CUST-11305,Victoria Lopez,victoria.lopez774@outlook.com,+1-636-999-1294,790 Cedar Blvd,CHARLESTON,SC,25271,United States,2023-07-03,Corporate
CUST-11306,Raymond Jimenez,raymond.jimenez847@gmail.com,+1-595-357-8465,1290 Elm St,Waterbury,CT,21584,United States,2024-03-08,Small Business
CUST-11307,Brian Parker,brian.parker63@corporate.com,+1-721-763-4004,7247 Highland Dr,Stamford,CT,56634,United States,2024-12-27,Consumer
CUST-11308,Jeremy Henderson,jeremy.henderson225@hotmail.com,+1-497-967-1660,1997 Cedar Blvd,Colorado Springs,CO,91419,United States,2023-04-08,Consumer
CUST-11309,Martha Romero,martha.romero498@outlook.com,+1-617-247-4472,3929 Broadway,Paterson,NJ,41119,United States,2025-04-29,Consumer
CUST-11310,Susan Clark,susan.clark851@gmail.com,+1-719-577-2062,4840 Pine St,Boston,MA,89387,United States,2024-05-03,Consumer
CUST-11311,Randy Jordan,randy.jordan784@corporate.com,+1-985-839-7158,4956 Sunset Way,Frederick,MD,62803,United States,2024-12-25,Consumer
CUST-11312,Louis Patterson,louis.patterson158@proton.me,+1-793-593-5066,2507 Elm St,Waterbury,CT,48738,United States,2025-11-29,Consumer
CUST-11313,Alexis Herrera,alexis.herrera986@outlook.com,+1-394-310-4030,3754 Pine St,Bowie,MD,35487,United States,2024-09-04,Corporate
CUST-11314,Nathan Russell,nathan.russell647@gmail.com,+1-771-684-3539,6620 Broadway,Kansas City,MO,63453,United States,2023-04-03,Consumer
CUST-11315,Linda Snyder,linda.snyder326@icloud.com,+1-732-821-4610,5437 Broadway,Scranton,PA,38299,United States,2023-12-08,Consumer
CUST-11316,Willie Morales,willie.morales785@gmail.com,+1-491-203-6647,6776 Broadway,Springfield,IL,83551,United States,2023-07-01,Consumer
CUST-11317,Danielle Washington,danielle.washington833@outlook.com,+1-615-804-6877,9021 Broadway,Newark,NJ,81991,United States,2023-12-24,Consumer
CUST-11318,Lisa Harrison,lisa.harrison426@yahoo.com,+1-421-215-8895,7078 Oak Ave,Gaithersburg,MD,55182,United States,2024-04-08,Consumer
CUST-11319,Donna Carter,donna.carter955@yahoo.com,+1-457-396-5375,6631 Sunset Way,Trenton,NJ,54151,United States,2023-06-14,Consumer
CUST-11320,Alexis Richardson,alexis.richardson862@outlook.com,+1-689-970-4665,116 Main St,Charlotte,NC,13860,United States,2023-07-24,Consumer
CUST-11321,Jean Powell,jean.powell863@corporate.com,+1-715-406-2229,1430 Broadway,Houston,TX,25307,United States,2024-03-25,Consumer
CUST-11322,Michael Gonzalez,michael.gonzalez636@hotmail.com,+1-282-500-2198,5365 Main St,Bellevue,WA,17338,United States,2026-01-16,Consumer
CUST-11323,Abigail Aguilar,abigail.aguilar667@corporate.com,+1-842-347-1824,6135 Cedar Blvd,Edmond,OK,68106,United States,2025-04-25,Consumer
CUST-11324,Harold Vasquez,harold.vasquez176@gmail.com,+1-931-659-3289,6706 Washington Ave,Green Bay,WI,61214,United States,2023-12-07,Consumer
CUST-11325,  Frank Jones  ,frank.jones752@bizmail.io,+1-593-248-3637,9363 Lakeview Ave,Louisville,KY,74499,United States,2023-04-20,Small Business
CUST-11326,Kayla Ortiz,kayla.ortiz556@hotmail.com,+1-268-399-4251,3420 Park Blvd,Bellevue,WA,98425,United States,2026-04-15,Consumer
CUST-11327,Benjamin Alvarez,benjamin.alvarez121@bizmail.io,+1-757-281-8606,274 Cedar Blvd,Cincinnati,OH,62600,United States,2025-06-15,Corporate
CUST-11328,Kevin Clark,kevin.clark398@yahoo.com,+1-424-968-7912,3998 Sunset Way,Madison,WI,10060,United States,2025-12-22,Small Business
CUST-11329,Lauren Hayes,lauren.hayes134@icloud.com,+1-423-658-2217,9032 Pine St,Rockville,MD,59280,United States,2023-05-09,Consumer
CUST-11330,Diana Baker,diana.baker311@gmail.com,+1-296-641-5512,4765 Main St,Buffalo,NY,61850,United States,2024-08-08,Consumer
CUST-11331,Nicholas Clark,nicholas.clark959@outlook.com,+1-674-958-9186,8511 Maple Rd,Clarksville,TN,24192,United States,2024-03-07,Small Business
CUST-11332,Dorothy Shaw,dorothy.shaw559@outlook.com,+1-304-843-4168,4377 Sunset Way,Hartford,CT,87200,United States,2025-11-24,Small Business
CUST-11333,Arthur Owens,arthur.owens458@icloud.com,+1-976-636-4795,8936 Cedar Blvd,Mobile,AL,89494,United States,2024-07-04,Corporate
CUST-11334,Amanda Owens,amanda.owens244@bizmail.io,+1-956-223-9074,9743 Sunset Way,Phoenix,AZ,54364,United States,2024-08-17,Corporate
CUST-11335,Juan Walker,juan.walker891@bizmail.io,,2500 Main St,Nashville,TN,62777,United States,2023-11-15,Consumer
CUST-11336,Carl Torres,carl.torres239@proton.me,+1-535-890-3608,1512 Washington Ave,Saint Paul,MN,33651,United States,2025-12-10,Consumer
CUST-11337,Patricia Bennett,patricia.bennett424@outlook.com,+1-950-274-9566,2954 Oak Ave,Boston,MA,44722,United States,2023-05-23,Small Business
CUST-11338,Teresa Jenkins,teresa.jenkins580@hotmail.com,+1-440-640-9877,4831 Sunset Way,Lake Charles,LA,15168,United States,2023-11-08,Corporate
CUST-11339,Steven Martinez,steven.martinez718@icloud.com,+1-878-755-8096,9901 Lakeview Ave,Louisville,KY,89320,United States,2024-07-23,Consumer
CUST-11340,Justin Mason,justin.mason876@yahoo.com,+1-862-286-5645,5781 Park Blvd,Ann Arbor,MI,54265,United States,2025-09-07,Consumer
CUST-11341,Philip Martinez,philip.martinez250@corporate.com,+1-658-599-8825,3311 Sunset Way,Dallas,TX,33467,United States,2023-12-10,Corporate
CUST-11342,Michael Simpson,michael.simpson996@yahoo.com,+1-936-842-8559,8208 Highland Dr,Durham,NC,20222,United States,2023-11-18,Consumer
CUST-11343,Joshua Hunter,joshua.hunter867@outlook.com,+1-527-728-4213,8192 Lakeview Ave,South Bend,IN,30173,United States,2023-12-20,Consumer
CUST-11344,Samantha Stevens,samantha.stevens650@icloud.com,+1-577-253-5412,589 Broadway,Spokane,WA,99435,United States,2026-05-30,Corporate
CUST-11345,Maria Ross,maria.ross49@gmail.com,+1-889-327-3751,4680 Sunset Way,Bloomington,MN,84605,United States,2024-07-21,Consumer
CUST-11346,Janet Morgan,janet.morgan481@corporate.com,+1-400-343-6783,4919 Maple Rd,Reading,PA,61534,United States,2025-01-02,Consumer
CUST-11347,Paul Ford,paul.ford897@icloud.com,+1-759-786-2689,5673 Washington Ave,Owensboro,KY,39123,United States,2024-11-26,Consumer
CUST-11348,Juan Wood,juan.wood192@proton.me,+1-598-371-3815,6713 Highland Dr,Springfield,MO,73347,United States,2025-05-14,Consumer
CUST-11349,Debra Murray,debra.murray118@corporate.com,+1-578-574-1420,8122 Sunset Way,Orlando,FL,76123,United States,2024-05-04,Consumer
CUST-11350,Ann Wood,ann.wood801@hotmail.com,+1-467-429-1124,3281 Pine St,Green Bay,WI,73932,United States,2026-04-29,Consumer
CUST-11351,Alan Tran,alan.tran623@bizmail.io,+1-368-248-4262,8644 Lakeview Ave,Salt Lake City,UT,73074,United States,2025-12-30,Consumer
CUST-11352,Elizabeth Thompson,elizabeth.thompson100@proton.me,+1-500-664-2761,5453 Elm St,Toledo,OH,50315,United States,2024-05-16,Consumer
CUST-11353,Brian Sanders,brian.sanders755@yahoo.com,+1-443-636-8329,5298 Main St,Gresham,OR,72371,United States,2025-03-18,Consumer
CUST-11354,Joshua Snyder,joshua.snyder804@proton.me,+1-381-667-7273,8770 Oak Ave,Detroit,MI,14612,United States,2025-10-20,Consumer
CUST-11355,Ann Thomas,ann.thomas288@proton.me,+1-332-440-9425,8730 Sunset Way,Lafayette,LA,10881,United States,2025-09-04,Corporate
CUST-11356,Dorothy Scott,dorothy.scott69@proton.me,+1-991-797-9297,6907 Park Blvd,Columbia,MO,64536,United States,2024-07-23,Consumer
CUST-11357,Kevin Scott,kevin.scott355@hotmail.com,+1-754-847-6562,9739 Washington Ave,North Charleston,SC,76874,United States,2023-08-26,Small Business
CUST-11358,Samantha Simpson,samantha.simpson321@yahoo.com,+1-284-909-8014,5544 Main St,Reading,PA,26894,United States,2024-10-19,Consumer
CUST-11359,David Hernandez,david.hernandez664@icloud.com,+1-800-862-4802,1291 Cedar Blvd,Bowling Green,KY,58824,United States,2025-07-16,Consumer
CUST-11360,Sandra Wood,sandra.wood341@proton.me,+1-692-234-9548,3443 Broadway,San Antonio,TX,10730,United States,2024-08-20,Consumer
CUST-11361,George Sanchez,george.sanchez547@corporate.com,+1-595-800-9038,2460 Park Blvd,Warren,MI,78132,United States,2024-10-27,Small Business
CUST-11362,Jeffrey Henderson,jeffrey.henderson668@corporate.com,+1-353-964-1104,2225 Elm St,Hartford,CT,48360,United States,2023-11-24,Corporate
CUST-11363,Ralph Nelson,ralph.nelson548@icloud.com,+1-377-924-9902,1834 Lakeview Ave,Grand Rapids,MI,19121,United States,2024-05-06,Consumer
CUST-11364,Steven Phillips,steven.phillips322@yahoo.com,+1-260-586-1132,1572 Sunset Way,Bridgeport,CT,92170,United States,2025-08-11,Consumer
CUST-11365,Kenneth Evans,kenneth.evans555@outlook.com,+1-985-682-7619,8598 Lakeview Ave,Springfield,MA,13175,United States,2023-04-25,Consumer
CUST-11366,George Hughes,george.hughes774@proton.me,+1-775-842-5352,8027 Maple Rd,Springfield,MA,44123,United States,2023-09-21,Consumer
CUST-11367,William Wood,william.wood846@bizmail.io,+1-591-873-4950,1775 Washington Ave,Milwaukee,WI,76968,United States,2025-08-13,Consumer
CUST-11368,Marie Vasquez,marie.vasquez74@bizmail.io,+1-903-420-4249,7356 Lakeview Ave,Fort Collins,CO,33009,United States,2025-09-26,Corporate
CUST-11369,Grace Chen,grace.chen196@outlook.com,+1-358-790-4507,6849 Maple Rd,Las Vegas,NV,52706,United States,2025-05-15,Small Business
CUST-11370,Katherine Chen,katherine.chen576@outlook.com,+1-442-370-6326,6058 Lakeview Ave,Aurora,CO,40968,United States,2025-12-28,Small Business
CUST-11371,Carl Evans,carl.evans437@yahoo.com,+1-700-942-8586,8178 Cedar Blvd,Springfield,MO,44967,United States,2024-08-14,Consumer
CUST-11372,Amy Garcia,amy.garcia601@bizmail.io,+1-825-932-2908,3056 Park Blvd,Paterson,NJ,43278,United States,2023-03-19,Consumer
CUST-11373,Sara Vasquez,sara.vasquez460@yahoo.com,+1-365-256-6424,4138 Broadway,Reading,PA,32849,United States,2026-05-26,Small Business
CUST-11374,Noah Bryant,noah.bryant151@icloud.com,+1-333-352-1460,1714 Maple Rd,Toledo,OH,52844,United States,2025-10-13,Corporate
CUST-11375,Diana Wilson,diana.wilson914@gmail.com,+1-471-979-9010,7728 Sunset Way,Cleveland,OH,14935,United States,2023-05-05,Consumer
CUST-11376,Douglas Hughes,douglas.hughes536@proton.me,+1-389-442-9765,6560 Main St,North Charleston,SC,97470,United States,2025-03-26,Corporate
CUST-11377,Johnny Hernandez,johnny.hernandez251@corporate.com,+1-860-283-6254,1893 Park Blvd,San Diego,CA,49597,United States,2025-04-13,Consumer
CUST-11378,Dorothy Turner,dorothy.turner807@outlook.com,,9715 Lakeview Ave,Bridgeport,CT,12993,United States,2023-03-20,Consumer
CUST-11379,Nicole Gomez,nicole.gomez68@icloud.com,+1-205-790-7808,7802 Oak Ave,Winston-Salem,NC,35277,United States,2023-09-26,Consumer
CUST-11380,Lisa Crawford,lisa.crawford658@outlook.com,+1-949-355-2893,3495 Maple Rd,Joliet,IL,16346,United States,2025-10-08,Consumer
CUST-11381,Theresa Alexander,theresa.alexander127@yahoo.com,+1-318-315-7268,6697 Oak Ave,Worcester,MA,17012,United States,2024-02-12,Consumer
CUST-11382,Donald Porter,donald.porter687@bizmail.io,+1-454-402-4507,706 Pine St,Worcester,MA,54949,United States,2026-03-27,Consumer
CUST-11383,Alexander Turner,alexander.turner476@hotmail.com,+1-995-733-2697,2551 Pine St,Fresno,CA,33440,United States,2023-05-29,Consumer
CUST-11384,Jennifer Mcdonald,jennifer.mcdonald954@proton.me,+1-208-790-6351,2305 Maple Rd,Lakewood,CO,28430,United States,2024-03-14,Consumer
CUST-11385,Robert Webb,robert.webb748@corporate.com,+1-267-959-1020,3616 Lakeview Ave,North Charleston,SC,55871,United States,2025-04-30,Consumer
CUST-11386,Steven Chen,steven.chen244@bizmail.io,+1-321-345-5513,3225 Washington Ave,Portland,OR,22736,United States,2023-08-19,Small Business
CUST-11387,Carl Sanders,carl.sanders876@gmail.com,+1-465-276-3558,520 Maple Rd,Grand Rapids,MI,37788,United States,2024-03-29,Small Business
CUST-11388,Henry Young,henry.young246@bizmail.io,+1-484-261-3725,9915 Highland Dr,Madison,WI,72824,United States,2024-05-20,Consumer
CUST-11389,Nancy Gonzales,nancy.gonzales432@icloud.com,+1-333-329-5610,8800 Broadway,Edmond,OK,12933,United States,2024-01-10,Small Business
CUST-11390,Samantha Gutierrez,samantha.gutierrez728@hotmail.com,+1-233-455-1960,2142 Main St,Portland,OR,39076,United States,2025-07-11,Consumer
CUST-11391,Diane Bryant,diane.bryant443@hotmail.com,+1-837-266-7076,7355 Highland Dr,West Jordan,UT,58308,United States,2023-04-02,Consumer
CUST-11392,Janet Reed,janet.reed267@bizmail.io,+1-308-340-5114,7665 Washington Ave,salem,OR,42256,United States,2024-01-12,Consumer
CUST-11393,Donald Tran,donald.tran835@corporate.com,+1-767-435-2644,7461 Washington Ave,Buffalo,NY,13492,United States,2025-09-22,Consumer
CUST-11394,Judith Adams,judith.adams23@yahoo.com,+1-944-886-7000,7436 Oak Ave,Indianapolis,IN,,United States,2024-01-15,Consumer
CUST-11395,Eugene Ramirez,eugene.ramirez96@icloud.com,+1-720-243-7694,7521 Oak Ave,Charleston,SC,70746,United States,2024-06-29,Consumer
CUST-11396,Ryan Bennett,ryan.bennett553@hotmail.com,+1-703-507-4268,6663 Maple Rd,Rochester,NY,57332,United States,2025-12-19,Consumer
CUST-11397,Robert Washington,robert.washington890@proton.me,+1-657-636-8036,9867 Pine St,Allentown,PA,79689,United States,2023-12-22,Consumer
CUST-11398,Ann Johnson,ann.johnson631@corporate.com,+1-360-650-5165,7267 Washington Ave,Dayton,OH,36262,United States,2024-07-17,Consumer
CUST-11399,Patrick Chen,patrick.chen726@bizmail.io,+1-219-232-1943,4458 Washington Ave,Fort Wayne,IN,28117,United States,2026-01-20,Consumer
CUST-11400,Gregory Gordon,gregory.gordon61@bizmail.io,+1-802-697-8657,2136 Pine St,New Orleans,LA,25267,United States,2026-04-10,Consumer
CUST-11401,  Angela Chen  ,angela.chen850@hotmail.com,+1-787-203-6161,4184 Broadway,Independence,MO,18905,United States,2025-02-02,Small Business
CUST-11402,Brian Hernandez,brian.hernandez48@hotmail.com,+1-862-812-9141,6571 Highland Dr,Racine,WI,75776,United States,2024-12-24,Consumer
CUST-11403,Laura Mason,laura.mason459@yahoo.com,+1-624-591-5794,1772 Washington Ave,Toledo,OH,87374,United States,2026-01-18,Small Business
CUST-11404,Joshua Parker,joshua.parker501@hotmail.com,+1-454-438-3854,5380 Washington Ave,Detroit,MI,73572,United States,2023-09-11,Consumer
CUST-11405,Andrea Webb,andrea.webb635@bizmail.io,+1-215-268-5327,2805 Washington Ave,Bowie,MD,24934,United States,2024-10-16,Corporate
CUST-11406,Emily Miller,emily.miller481@outlook.com,+1-308-291-7729,999 Maple Rd,Boston,MA,77576,United States,2025-03-19,Consumer
CUST-11407,Abigail Gordon,abigail.gordon250@proton.me,+1-900-918-9404,9856 Sunset Way,St. Petersburg,FL,20969,United States,2024-12-16,Corporate
CUST-11408,Zachary Nguyen,zachary.nguyen758@hotmail.com,+1-877-720-1500,1256 Sunset Way,Austin,TX,12937,United States,2025-10-14,Small Business
CUST-11409,Nicole Ford,nicole.ford979@proton.me,+1-734-725-4819,9456 Park Blvd,Philadelphia,PA,69151,United States,2025-08-21,Small Business
CUST-11410,John Marshall,john.marshall563@gmail.com,+1-628-685-6246,7854 Broadway,New York,NY,44013,United States,2025-06-12,Consumer
CUST-11411,Edward Ross,edward.ross422@yahoo.com,+1-982-863-2376,2685 Sunset Way,Dallas,TX,88077,United States,2023-04-04,Corporate
CUST-11412,Janice Cooper,janice.cooper935@outlook.com,+1-674-943-7424,9579 Broadway,Kenosha,WI,83359,United States,2025-06-27,Small Business
CUST-11413,Albert Gonzalez,albert.gonzalez244@yahoo.com,+1-464-290-7938,1943 Elm St,Syracuse,NY,56483,United States,2024-11-30,Consumer
CUST-11414,Gloria Snyder,gloria.snyder700@icloud.com,+1-541-940-7183,5900 Oak Ave,Erie,PA,47239,United States,2025-01-08,Corporate
CUST-11415,Gabriel Snyder,gabriel.snyder56@corporate.com,+1-918-855-5637,6265 Washington Ave,Allentown,PA,93885,United States,2024-03-07,Consumer
CUST-11416,Joe Barnes,joe.barnes329@outlook.com,+1-266-654-1190,2605 Sunset Way,Durham,NC,77069,United States,2026-04-09,Consumer
CUST-11417,Kenneth Alvarez,kenneth.alvarez565@outlook.com,+1-200-714-4637,4456 Sunset Way,Gresham,OR,46073,United States,2025-01-19,Consumer
CUST-11418,Ryan Simpson,ryan.simpson274@corporate.com,+1-691-354-9637,7393 Highland Dr,Hartford,CT,28017,United States,2026-03-08,Consumer
CUST-11419,Doris Taylor,doris.taylor859@yahoo.com,+1-800-974-5067,5961 Broadway,Detroit,MI,38108,United States,2025-11-30,Corporate
CUST-11420,Dorothy Evans,dorothy.evans496@corporate.com,+1-200-549-4056,4173 Main St,Orlando,FL,37963,United States,2024-02-17,Small Business
CUST-11421,Christian Harris,christian.harris378@hotmail.com,+1-968-509-9119,2469 Pine St,Newark,NJ,31702,United States,2024-03-02,Consumer
CUST-11422,Samantha Dixon,samantha.dixon290@gmail.com,+1-780-626-7587,1135 Park Blvd,Tulsa,OK,47899,United States,2026-03-28,Corporate
CUST-11423,Isabella Taylor,isabella.taylor618@gmail.com,+1-759-754-1046,6665 Park Blvd,Springfield,IL,43907,United States,2023-07-10,Corporate
CUST-11424,Helen Lee,helen.lee878@yahoo.com,+1-431-534-4026,6563 Broadway,Durham,NC,77760,United States,2023-12-07,Consumer
CUST-11425,Henry Simpson,henry.simpson415@bizmail.io,+1-519-718-7244,9393 Pine St,Madison,WI,86253,United States,2023-05-25,Consumer
CUST-11426,Katherine Mendoza,katherine.mendoza137@outlook.com,+1-939-813-3958,1059 Broadway,Newark,NJ,24502,United States,2024-12-13,Corporate
CUST-11427,Amy Ross,amy.ross495@yahoo.com,+1-632-899-2013,3820 Highland Dr,Virginia Beach,VA,19225,United States,2026-03-01,Consumer
CUST-11428,Heather Turner,heather.turner736@outlook.com,+1-302-727-5258,5468 Elm St,Jersey City,NJ,63843,United States,2024-01-20,Consumer
CUST-11429,Mary Gonzalez,mary.gonzalez836@outlook.com,+1-505-743-5099,3031 Main St,Racine,WI,49470,United States,2026-04-11,Consumer
CUST-11430,Dennis Peterson,dennis.peterson519@corporate.com,+1-251-534-8140,4394 Maple Rd,Kenosha,WI,66536,United States,2023-04-17,Consumer
CUST-11431,Emma Watson,emma.watson784@bizmail.io,+1-548-750-1478,9458 Park Blvd,Norman,OK,74229,United States,2024-01-15,Corporate
CUST-11432,Samantha Cruz,samantha.cruz39@corporate.com,+1-333-448-7054,4328 Washington Ave,Covington,KY,89771,United States,2025-05-03,Corporate
CUST-11433,Albert Mitchell,albert.mitchell121@corporate.com,+1-847-542-6685,3850 Main St,Paterson,NJ,17103,United States,2024-01-25,Consumer
CUST-11434,Henry Adams,henry.adams311@outlook.com,+1-980-662-8015,7937 Lakeview Ave,Orlando,FL,29943,United States,2025-05-14,Consumer
CUST-11435,Paul Watson,paul.watson90@outlook.com,+1-487-926-2637,1612 Elm St,Seattle,WA,23586,United States,2026-01-14,Small Business
CUST-11436,Nicholas Ford,nicholas.ford16@gmail.com,+1-310-685-9458,6589 Park Blvd,Fort Collins,CO,17860,United States,2023-07-08,Corporate
CUST-11437,Steven Gomez,steven.gomez913@proton.me,+1-654-213-5476,7409 Maple Rd,Reading,PA,88056,United States,2025-12-20,Small Business
CUST-11438,Angela Nelson,angela.nelson951@outlook.com,+1-254-408-9663,4216 Cedar Blvd,San Antonio,TX,24536,United States,2024-01-12,Corporate
CUST-11439,Debra Collins,debra.collins897@gmail.com,+1-672-767-6740,2865 Elm St,Newport News,VA,60576,United States,2024-01-02,Small Business
CUST-11440,Brian Richardson,brian.richardson721@icloud.com,+1-715-532-5148,6031 Pine St,Tallahassee,FL,83071,United States,2025-09-12,Consumer
CUST-11441,Joyce Rogers,joyce.rogers677@bizmail.io,+1-546-957-3386,3324 Oak Ave,Aurora,CO,47382,United States,2024-09-13,Consumer
CUST-11442,Michelle Romero,michelle.romero793@bizmail.io,+1-898-835-2390,7485 Park Blvd,Lake Charles,LA,90580,United States,2024-10-24,Small Business
CUST-11443,  Timothy Morales  ,timothy.morales183@gmail.com,+1-396-768-9829,6317 Broadway,Colorado Springs,CO,74131,United States,2024-10-07,Consumer
CUST-11444,Joan Price,joan.price830@yahoo.com,+1-821-596-5045,783 Pine St,Lakewood,CO,17966,United States,2026-05-06,Consumer
CUST-11445,William Foster,william.foster859@outlook.com,,5523 Cedar Blvd,Trenton,NJ,75934,United States,2025-02-15,Corporate
CUST-11446,Theresa Silva,theresa.silva461@bizmail.io,+1-717-493-9424,1197 Washington Ave,Indianapolis,IN,61948,United States,2025-10-31,Consumer
CUST-11447,Shirley Rogers,shirley.rogers64@icloud.com,+1-747-570-2080,7884 Highland Dr,Greensboro,NC,66032,United States,2024-05-25,Consumer
CUST-11448,Gloria Ramirez,gloria.ramirez669@yahoo.com,+1-350-749-8479,8330 Sunset Way,Aurora,CO,41578,United States,2026-04-30,Consumer
CUST-11449,Russell Foster,russell.foster550@outlook.com,+1-982-907-1998,5114 Elm St,Gaithersburg,MD,86850,United States,2023-03-25,Consumer
CUST-11450,Ethan Clark,ethan.clark150@hotmail.com,+1-585-438-1596,1567 Lakeview Ave,Gresham,OR,99263,United States,2024-11-16,Small Business
CUST-11451,Ruth Cook,ruth.cook861@icloud.com,+1-806-660-3666,8643 Cedar Blvd,Raleigh,NC,36703,United States,2025-06-07,Consumer
CUST-11452,Joshua Lewis,joshua.lewis952@outlook.com,+1-780-415-3824,8571 Sunset Way,Nashville,TN,61366,United States,2023-05-02,Small Business
CUST-11453,Sean Diaz,sean.diaz845@yahoo.com,+1-215-389-4768,2979 Main St,Chicago,IL,15869,United States,2025-06-22,Consumer
CUST-11454,Jerry Hamilton,jerry.hamilton941@gmail.com,+1-720-846-8878,6428 Oak Ave,Seattle,WA,15938,United States,2023-12-25,Consumer
CUST-11455,Pamela Carter,pamela.carter73@icloud.com,+1-766-496-6231,4097 Broadway,Seattle,WA,47848,United States,2024-04-28,Small Business
CUST-11456,Charlotte Gonzalez,charlotte.gonzalez666@outlook.com,+1-399-522-6068,6795 Highland Dr,Durham,NC,82133,United States,2023-09-16,Consumer
CUST-11457,Margaret Rodriguez,margaret.rodriguez478@corporate.com,+1-386-203-7063,4670 Elm St,Dayton,OH,12215,United States,2026-05-24,Small Business
CUST-11458,Douglas Martin,douglas.martin456@corporate.com,+1-884-599-7915,4501 Oak Ave,Fresno,CA,16039,United States,2024-07-22,Consumer
CUST-11459,Tyler Patel,tyler.patel730@icloud.com,+1-488-201-8323,8974 Elm St,Oklahoma City,OK,21835,United States,2024-09-26,Consumer
CUST-11460,Janice Morgan,janice.morgan25@proton.me,+1-991-775-4189,7143 Washington Ave,Syracuse,NY,90632,United States,2023-10-13,Consumer
CUST-11461,Andrew Long,andrew.long646@corporate.com,+1-363-597-8522,352 Sunset Way,Tuscaloosa,AL,84003,United States,2023-06-02,Consumer
CUST-11462,Sean Aguilar,sean.aguilar708@bizmail.io,+1-829-274-6965,601 Elm St,Jacksonville,FL,79355,United States,2023-03-30,Corporate
CUST-11463,Raymond Patterson,raymond.patterson33@icloud.com,+1-329-222-2425,2274 Washington Ave,Gaithersburg,MD,59421,United States,2025-12-24,Corporate
CUST-11464,Catherine Patterson,catherine.patterson399@gmail.com,+1-509-280-1095,9465 Elm St,Bowie,MD,34480,United States,2023-06-27,Small Business
CUST-11465,Kyle Castillo,kyle.castillo481@bizmail.io,+1-667-497-2478,2360 Park Blvd,Evansville,IN,25437,United States,2024-07-13,Consumer
CUST-11466,Karen Harris,karen.harris297@yahoo.com,+1-823-929-7599,2357 Washington Ave,Duluth,MN,28960,United States,2023-05-18,Consumer
CUST-11467,Bryan Wallace,bryan.wallace470@gmail.com,+1-924-470-7003,4464 Maple Rd,Carmel,IN,19758,United States,2024-07-16,Consumer
CUST-11468,Juan Ramos,juan.ramos455@outlook.com,,2169 Elm St,Nashville,TN,51806,United States,2024-04-28,Consumer
CUST-11469,Kathryn Jones,kathryn.jones234@proton.me,+1-619-481-1865,7626 Maple Rd,El Paso,TX,62336,United States,2026-02-19,Consumer
CUST-11470,Walter Rivera,walter.rivera345@hotmail.com,+1-205-259-2457,8054 Sunset Way,Reading,PA,90088,United States,2023-08-05,Consumer
CUST-11471,Roger Campbell,roger.campbell256@yahoo.com,+1-339-629-2187,6481 Sunset Way,North Charleston,SC,69326,United States,2025-07-06,Small Business
CUST-11472,Janet Johnson,janet.johnson975@gmail.com,+1-293-318-7091,116 Highland Dr,Houston,TX,56062,United States,2023-09-18,Consumer
CUST-11473,Betty Thompson,betty.thompson775@gmail.com,+1-961-571-4725,7318 Main St,Erie,PA,20599,United States,2024-08-24,Corporate
CUST-11474,Barbara Rodriguez,barbara.rodriguez331@gmail.com,+1-204-695-5201,1519 Sunset Way,Austin,TX,87810,United States,2023-10-28,Consumer
CUST-11475,Randy Wood,randy.wood826@bizmail.io,+1-623-807-4495,6852 Elm St,Athens,GA,28461,United States,2024-10-08,Consumer
CUST-11476,Walter Robinson,walter.robinson822@outlook.com,+1-685-407-6093,8921 Oak Ave,Portland,OR,91842,United States,2024-02-05,Consumer
CUST-11477,Bradley Jackson,bradley.jackson167@proton.me,+1-993-774-7607,3733 Broadway,Greensboro,NC,15951,United States,2026-03-20,Consumer
CUST-11478,Pamela Diaz,pamela.diaz792@icloud.com,+1-545-355-7892,8782 Main St,Springfield,MA,78684,United States,2024-05-24,Consumer
CUST-11479,Frances Fisher,frances.fisher208@icloud.com,+1-934-457-5908,8979 Sunset Way,Mobile,AL,68694,United States,2026-03-13,Consumer
CUST-11480,Amanda Brooks,amanda.brooks946@outlook.com,+1-753-248-6420,5572 Main St,Tacoma,WA,63201,United States,2025-02-19,Consumer
CUST-11481,Stephen Gonzalez,stephen.gonzalez353@proton.me,+1-281-572-7505,2712 Cedar Blvd,Richmond,VA,91248,United States,2024-03-17,Consumer
CUST-11482,John Tucker,john.tucker119@gmail.com,+1-705-844-6070,551 Broadway,Springfield,MO,52539,United States,2026-03-23,Small Business
CUST-11483,Cynthia Sanchez,cynthia.sanchez973@corporate.com,+1-297-815-1312,2431 Elm St,Jacksonville,FL,76520,United States,2025-12-12,Corporate
CUST-11484,Olivia Jimenez,olivia.jimenez659@gmail.com,+1-615-934-7077,3930 Elm St,Saint Paul,MN,32045,United States,2026-02-10,Corporate
CUST-11485,Roy Perez,roy.perez148@outlook.com,+1-648-521-6854,1075 Main St,Los Angeles,CA,97406,United States,2025-06-03,Consumer
CUST-11486,Theresa Gonzalez,theresa.gonzalez229@outlook.com,+1-555-870-5253,7311 Broadway,Newark,NJ,54205,United States,2025-12-21,Corporate
CUST-11487,Douglas Reed,douglas.reed793@bizmail.io,+1-921-395-3115,7697 Highland Dr,North Las Vegas,NV,23093,United States,2026-03-03,Consumer
CUST-11488,Sophia Webb,sophia.webb692@yahoo.com,+1-249-209-7433,4816 Broadway,Denver,CO,40225,United States,2024-05-12,Consumer
CUST-11489,Alexis Brown,alexis.brown13@hotmail.com,+1-556-329-1514,3614 Washington Ave,Greenville,SC,25534,United States,2025-04-10,Consumer
CUST-11490,Bobby Reed,bobby.reed651@yahoo.com,+1-426-869-6518,2955 Sunset Way,Fort Worth,TX,49307,United States,2026-01-20,Consumer
CUST-11491,Gary Myers,gary.myers380@corporate.com,+1-272-234-1971,6777 Park Blvd,Jersey City,NJ,15990,United States,2023-03-27,Consumer
CUST-11492,Bruce Jones,bruce.jones70@yahoo.com,+1-759-596-8196,7923 Pine St,Gaithersburg,MD,81761,United States,2024-03-08,Consumer
CUST-11493,Kathleen Wallace,kathleen.wallace688@icloud.com,+1-783-495-6025,9619 Lakeview Ave,Raleigh,NC,38548,United States,2023-08-10,Small Business
CUST-11494,Laura Garcia,laura.garcia396@outlook.com,+1-542-535-1131,3671 Maple Rd,Vancouver,WA,70093,United States,2026-05-26,Consumer
CUST-11495,Charles Hayes,charles.hayes143@corporate.com,+1-388-492-2732,7626 Sunset Way,Tacoma,WA,43436,United States,2025-03-22,Consumer
CUST-11496,Billy Mitchell,billy.mitchell348@yahoo.com,+1-271-215-1523,9460 Main St,Augusta,GA,50332,United States,2025-07-29,Consumer
CUST-11497,Marilyn Lopez,marilyn.lopez792@corporate.com,+1-722-459-4980,328 Maple Rd,Atlanta,GA,93519,United States,2024-06-01,Corporate
CUST-11498,Jerry Powell,jerry.powell959@gmail.com,+1-488-894-6480,7579 Elm St,Augusta,GA,90775,United States,2023-12-04,Corporate
CUST-11499,Sean Owens,sean.owens99@outlook.com,+1-807-954-7938,5206 Maple Rd,Trenton,NJ,34388,United States,2023-11-20,Consumer
CUST-11500,Kathleen Butler,kathleen.butler478@proton.me,+1-562-733-4056,1373 Pine St,Louisville,KY,28542,United States,2025-05-30,Consumer
CUST-11501,Michael Tucker,michael.tucker103@proton.me,+1-365-431-1100,3064 Cedar Blvd,San Jose,CA,25012,United States,2025-09-15,Consumer
CUST-11502,Margaret Mason,margaret.mason814@yahoo.com,+1-734-786-9009,170 Broadway,Dallas,TX,78738,United States,2025-06-15,Consumer
CUST-11503,Betty Lewis,betty.lewis390@proton.me,+1-763-763-2336,9742 Elm St,Tucson,AZ,80193,United States,2023-08-05,Consumer
CUST-11504,Walter Nelson,walter.nelson55@gmail.com,+1-968-991-6565,3972 Park Blvd,Bellevue,WA,77733,United States,2025-11-20,Consumer
CUST-11505,Bryan Parker,bryan.parker975@outlook.com,+1-720-795-8857,2924 Sunset Way,Columbia,MO,89777,United States,2026-01-14,Consumer
CUST-11506,Emma Wilson,emma.wilson749@bizmail.io,+1-366-201-1884,3010 Sunset Way,Fort Wayne,IN,32036,United States,2025-11-16,Consumer
CUST-11507,Steven Gordon,steven.gordon70@hotmail.com,+1-290-484-5566,8083 Pine St,Springfield,IL,30380,United States,2025-02-17,Consumer
CUST-11508,Isabella Stevens,isabella.stevens601@icloud.com,+1-917-210-3073,313 Maple Rd,Austin,TX,57173,United States,2025-10-19,Consumer
CUST-11509,Richard Peterson,richard.peterson744@bizmail.io,+1-709-567-3083,1791 Cedar Blvd,Augusta,GA,27115,United States,2025-07-30,Consumer
CUST-11510,Bradley King,bradley.king917@gmail.com,+1-616-459-7485,3328 Main St,Austin,TX,53970,United States,2023-08-05,Consumer
CUST-11511,  Frank Tucker  ,frank.tucker480@proton.me,+1-607-798-2572,8902 Cedar Blvd,West Jordan,UT,69889,United States,2025-02-13,Consumer
CUST-11512,Jennifer Dixon,jennifer.dixon709@yahoo.com,+1-680-505-7195,769 Maple Rd,Milwaukee,WI,64488,United States,2025-07-04,Consumer
CUST-11513,Sharon Walker,sharon.walker850@hotmail.com,+1-268-834-7342,6520 Maple Rd,Raleigh,NC,80937,United States,2026-04-02,Consumer
CUST-11514,Stephanie Walker,stephanie.walker67@proton.me,+1-615-770-7038,6943 Washington Ave,Nashville,TN,75678,United States,2024-01-23,Consumer
CUST-11515,David Foster,david.foster96@corporate.com,+1-570-570-1990,5067 Highland Dr,Mount Pleasant,SC,30050,United States,2025-02-07,Consumer
CUST-11516,Shirley Kim,shirley.kim211@hotmail.com,,3781 Highland Dr,Cambridge,MA,61316,United States,2026-03-18,Consumer
CUST-11517,Judy Burns,judy.burns142@outlook.com,+1-594-337-8108,2024 Oak Ave,Erie,PA,34873,United States,2024-04-20,Consumer
CUST-11518,Sharon Bell,sharon.bell578@proton.me,+1-472-889-3478,1761 Broadway,Provo,UT,95792,United States,2025-08-23,Consumer
CUST-11519,David Ford,david.ford110@corporate.com,+1-351-854-4933,5197 Lakeview Ave,Sparks,NV,90963,United States,2023-08-26,Consumer
CUST-11520,Juan Ross,juan.ross356@icloud.com,+1-337-937-5615,7651 Maple Rd,Augusta,GA,83361,United States,2024-12-08,Corporate
CUST-11521,Carolyn Ford,carolyn.ford982@icloud.com,+1-235-906-4946,1370 Oak Ave,Augusta,GA,44175,United States,2025-02-02,Corporate
CUST-11522,Amber Murray,amber.murray746@hotmail.com,+1-578-678-7396,9335 Broadway,Seattle,WA,59002,United States,2023-08-13,Consumer
CUST-11523,Peter Perry,peter.perry379@icloud.com,+1-647-579-8736,4537 Washington Ave,Montgomery,AL,36131,United States,2024-11-28,Consumer
CUST-11524,Bradley Herrera,bradley.herrera223@hotmail.com,+1-329-280-3901,5723 Pine St,Las Vegas,NV,66479,United States,2024-04-09,Consumer
CUST-11525,John Wells,john.wells530@yahoo.com,+1-549-389-7538,9863 Maple Rd,Orem,UT,50153,United States,2024-07-20,Consumer
CUST-11526,Kathryn Ross,kathryn.ross125@icloud.com,+1-213-664-5524,2339 Cedar Blvd,Sterling Heights,MI,33818,United States,2024-03-09,Consumer
CUST-11527,Donald Morgan,donald.morgan63@hotmail.com,+1-866-757-4201,4160 Maple Rd,Seattle,WA,47475,United States,2025-05-25,Small Business
CUST-11528,Nicole Brooks,nicole.brooks473@corporate.com,+1-425-873-8502,3802 Oak Ave,Dayton,OH,17318,United States,2024-09-06,Small Business
CUST-11529,Robert Davis,robert.davis972@proton.me,+1-371-345-2970,1400 Elm St,Denver,CO,74970,United States,2023-06-03,Corporate
CUST-11530,Sean Bailey,sean.bailey845@hotmail.com,+1-956-380-8093,8381 Park Blvd,Pittsburgh,PA,57546,United States,2024-08-18,Consumer
CUST-11531,Willie Bryant,willie.bryant668@outlook.com,+1-863-892-1414,8767 Washington Ave,Jacksonville,FL,35427,United States,2026-02-21,Corporate
CUST-11532,Donna Cruz,donna.cruz601@corporate.com,,6763 Cedar Blvd,Cambridge,MA,27308,United States,2023-12-03,Consumer
CUST-11533,Anna Thomas,anna.thomas843@bizmail.io,+1-749-264-1402,6120 Elm St,Provo,UT,29988,United States,2026-02-25,Consumer
CUST-11534,Barbara Martinez,barbara.martinez886@outlook.com,+1-946-331-2076,5165 Maple Rd,West Valley City,UT,73418,United States,2026-04-10,Consumer
CUST-11535,Deborah Walker,deborah.walker242@yahoo.com,+1-987-422-7520,8768 Broadway,Sacramento,CA,49468,United States,2024-01-11,Consumer
CUST-11536,Kevin Rodriguez,kevin.rodriguez647@proton.me,+1-559-926-3525,8588 Washington Ave,Orlando,FL,59556,United States,2025-04-20,Consumer
CUST-11537,Jean Mason,jean.mason362@outlook.com,+1-936-582-6771,3593 Cedar Blvd,Gaithersburg,MD,42260,United States,2025-05-15,Consumer
CUST-11538,Danielle Simmons,danielle.simmons925@outlook.com,+1-201-494-6957,7860 Lakeview Ave,Greenville,SC,34917,United States,2025-02-21,Consumer
CUST-11539,Jeffrey Price,jeffrey.price447@yahoo.com,+1-719-558-1569,7792 Washington Ave,AURORA,IL,65473,United States,2025-02-24,Consumer
CUST-11540,Barbara Ellis,barbara.ellis816@yahoo.com,,3375 Washington Ave,Bellevue,WA,75252,United States,2025-05-13,Consumer
CUST-11541,Ashley Flores,ashley.flores875@icloud.com,+1-771-894-3996,1568 Park Blvd,Tampa,FL,94516,United States,2024-03-11,Consumer
CUST-11542,Victoria Ortiz,victoria.ortiz499@icloud.com,+1-532-653-5303,2246 Maple Rd,Norman,OK,62761,United States,2023-06-03,Consumer
CUST-11543,Sharon Flores,sharon.flores27@yahoo.com,+1-972-822-5784,4257 Maple Rd,Henderson,NV,76631,United States,2025-08-14,Consumer
CUST-11544,Natalie Washington,natalie.washington761@proton.me,+1-614-258-7177,3098 Highland Dr,Columbia,SC,33414,United States,2025-07-20,Small Business
CUST-11545,Janet Munoz,janet.munoz863@bizmail.io,+1-450-268-2879,8809 Main St,Hartford,CT,41751,United States,2026-02-20,Consumer
CUST-11546,Judith Peterson,judith.peterson507@proton.me,+1-434-772-5995,2099 Broadway,Salem,OR,10827,United States,2025-10-29,Consumer
CUST-11547,Gabriel Jackson,gabriel.jackson420@gmail.com,+1-720-493-7542,3855 Highland Dr,Lafayette,LA,32874,United States,2025-03-07,Corporate
CUST-11548,Carolyn Foster,carolyn.foster56@proton.me,+1-526-457-2191,2955 Broadway,Paterson,NJ,72409,United States,2026-01-22,Consumer
CUST-11549,Joyce Morgan,joyce.morgan360@proton.me,+1-638-478-1277,9431 Broadway,Fort Worth,TX,98241,United States,2026-01-04,Consumer
CUST-11550,Janice Diaz,janice.diaz376@outlook.com,+1-261-688-1008,2346 Main St,Lowell,MA,75097,United States,2024-08-12,Consumer
CUST-11551,Kenneth Brown,kenneth.brown149@yahoo.com,+1-353-514-2200,3406 Highland Dr,Kenosha,WI,22595,United States,2026-01-06,Consumer
CUST-11552,Jordan Russell,jordan.russell474@corporate.com,+1-237-779-9572,7875 Cedar Blvd,Independence,MO,94838,United States,2023-10-27,Consumer
CUST-11553,Evelyn Reyes,evelyn.reyes145@bizmail.io,+1-867-598-1463,7642 Elm St,Covington,KY,34297,United States,2025-12-19,Consumer
CUST-11554,Gerald Hunter,gerald.hunter370@icloud.com,+1-852-412-6058,3426 Oak Ave,Lakewood,CO,65096,United States,2023-10-01,Consumer
CUST-11555,Ruth James,ruth.james698@proton.me,+1-386-438-3042,2471 Main St,Columbus,OH,77173,United States,2024-09-06,Consumer
CUST-11556,Patrick Miller,patrick.miller299@bizmail.io,+1-490-691-1112,918 Main St,Chattanooga,TN,45689,United States,2024-06-16,Consumer
CUST-11557,Kyle Jenkins,kyle.jenkins790@corporate.com,+1-708-610-5878,9478 Park Blvd,Ann Arbor,MI,97212,United States,2024-09-11,Consumer
CUST-11558,Daniel Butler,daniel.butler717@gmail.com,+1-463-538-1541,477 Washington Ave,Tacoma,WA,65919,United States,2025-04-14,Consumer
CUST-11559,Jeffrey Reynolds,jeffrey.reynolds288@corporate.com,+1-831-390-8608,7331 Oak Ave,Syracuse,NY,60609,United States,2025-04-19,Consumer
CUST-11560,Willie Alvarez,willie.alvarez338@icloud.com,+1-250-911-7077,9824 Park Blvd,Gaithersburg,MD,39194,United States,2025-08-23,Corporate
CUST-11561,Rachel Lewis,rachel.lewis433@icloud.com,+1-636-506-4846,1383 Elm St,Fort Wayne,IN,70643,United States,2025-07-05,Consumer
CUST-11562,Jordan Woods,jordan.woods412@proton.me,+1-488-623-8120,4163 Pine St,Shreveport,LA,90179,United States,2023-03-21,Small Business
CUST-11563,Justin Cruz,justin.cruz820@hotmail.com,+1-826-324-7480,9428 Highland Dr,North Charleston,SC,19567,United States,2024-09-09,Consumer
CUST-11564,Gary Gutierrez,gary.gutierrez241@hotmail.com,+1-619-470-1281,8715 Broadway,Gaithersburg,MD,47367,United States,2024-11-13,Corporate
CUST-11565,Carol Nguyen,carol.nguyen522@corporate.com,+1-331-819-8815,3680 Highland Dr,Syracuse,NY,53016,United States,2025-02-26,Consumer
CUST-11566,Alexis Aguilar,alexis.aguilar116@gmail.com,+1-978-784-8299,2214 Main St,Orlando,FL,30669,United States,2024-11-25,Consumer
CUST-11567,Ethan Lopez,ethan.lopez366@icloud.com,+1-493-845-7763,6170 Elm St,Paterson,NJ,77970,United States,2023-09-24,Consumer
CUST-11568,Kayla Allen,kayla.allen319@hotmail.com,+1-780-643-5987,6350 Oak Ave,Atlanta,GA,15624,United States,2026-03-16,Consumer
CUST-11569,Teresa Wilson,teresa.wilson119@outlook.com,+1-997-317-4342,7660 Elm St,Springfield,IL,56631,United States,2026-04-05,Corporate
CUST-11570,Martha Tucker,martha.tucker355@bizmail.io,+1-202-768-8049,1392 Highland Dr,Cincinnati,OH,86329,United States,2024-03-20,Consumer
CUST-11571,Eric Castillo,eric.castillo722@proton.me,+1-606-597-4625,1486 Oak Ave,Grand Rapids,MI,43996,United States,2023-04-26,Consumer
CUST-11572,Jack Gonzalez,jack.gonzalez858@corporate.com,+1-361-886-3223,648 Cedar Blvd,Grand Rapids,MI,34968,United States,2025-04-07,Consumer
CUST-11573,George Ortiz,george.ortiz29@hotmail.com,+1-437-879-8385,9593 Washington Ave,Dayton,OH,24127,United States,2024-02-19,Consumer
CUST-11574,Gabriel Jenkins,gabriel.jenkins575@proton.me,+1-927-924-3307,9423 Pine St,Portland,OR,14282,United States,2023-05-21,Consumer
CUST-11575,Richard Flores,richard.flores920@hotmail.com,+1-265-676-5317,3185 Main St,Fort Collins,CO,67429,United States,2025-11-29,Consumer
CUST-11576,Joseph Flores,joseph.flores177@outlook.com,+1-772-824-5592,7016 Washington Ave,Springfield,MO,16151,United States,2025-02-18,Consumer
CUST-11577,Alexander Green,alexander.green166@icloud.com,+1-209-339-1266,2302 Elm St,Cleveland,OH,78198,United States,2025-04-19,Consumer
CUST-11578,Sharon Evans,sharon.evans212@hotmail.com,+1-618-679-8224,1209 Lakeview Ave,Atlanta,GA,38765,United States,2026-05-11,Consumer
CUST-11579,Joyce Patterson,joyce.patterson886@corporate.com,+1-345-994-8837,5791 Elm St,Salt Lake City,UT,67349,United States,2024-05-14,Consumer
CUST-11580,Brian Bailey,brian.bailey974@outlook.com,+1-436-952-5232,8089 Maple Rd,Columbus,OH,20255,United States,2024-05-03,Consumer
CUST-11581,Marie King,marie.king479@yahoo.com,+1-795-959-1268,1588 Park Blvd,Rockford,IL,48797,United States,2026-02-25,Corporate
CUST-11582,Denise King,denise.king459@corporate.com,+1-465-876-9953,7678 Lakeview Ave,Rochester,NY,17666,United States,2024-10-09,Corporate
CUST-11583,Joan Snyder,joan.snyder118@outlook.com,+1-470-251-7329,5994 Broadway,Paterson,NJ,64253,United States,2023-08-21,Consumer
CUST-11584,Douglas Flores,douglas.flores527@yahoo.com,+1-384-359-6188,9910 Main St,Colorado Springs,CO,54496,United States,2023-10-14,Corporate
CUST-11585,Wayne Mendoza,wayne.mendoza739@hotmail.com,+1-719-942-3415,4153 Park Blvd,Bellevue,WA,46929,United States,2024-04-02,Consumer
CUST-11586,Arthur Martin,arthur.martin98@gmail.com,+1-322-743-8502,8513 Main St,Orlando,FL,21080,United States,2025-05-15,Consumer
CUST-11587,Wayne Fernandez,wayne.fernandez695@yahoo.com,+1-665-250-8941,4873 Lakeview Ave,Covington,KY,16553,United States,2024-01-31,Consumer
CUST-11588,Laura Guzman,laura.guzman644@hotmail.com,+1-911-563-3919,9900 Elm St,Virginia Beach,VA,87038,United States,2025-07-26,Corporate
CUST-11589,Mark Hayes,mark.hayes937@bizmail.io,+1-597-966-5170,4192 Cedar Blvd,Pittsburgh,PA,28625,United States,2025-11-04,Consumer
CUST-11590,Jennifer Castillo,jennifer.castillo394@outlook.com,+1-585-895-6251,4370 Highland Dr,Aurora,IL,24809,United States,2024-10-16,Corporate
CUST-11591,Deborah Roberts,deborah.roberts217@hotmail.com,+1-501-509-8255,403 Pine St,Greenville,SC,35624,United States,2026-05-28,Consumer
CUST-11592,Christian Guzman,christian.guzman31@outlook.com,+1-210-583-7185,8414 Broadway,San Diego,CA,70899,United States,2024-07-23,Consumer
CUST-11593,Benjamin Carter,benjamin.carter728@outlook.com,+1-606-637-4427,2720 Highland Dr,Knoxville,TN,91777,United States,2023-11-26,Corporate
CUST-11594,Jonathan Mitchell,jonathan.mitchell336@outlook.com,+1-363-567-3516,387 Washington Ave,West Jordan,UT,72149,United States,2023-11-17,Consumer
CUST-11595,  Carl Perez  ,carl.perez38@proton.me,+1-786-942-3583,2572 Highland Dr,Covington,KY,27540,United States,2025-08-14,Consumer
CUST-11596,Johnny Bell,johnny.bell335@proton.me,+1-975-880-7590,3910 Washington Ave,Buffalo,NY,87517,United States,2025-03-10,Consumer
CUST-11597,Michelle Mason,michelle.mason690@outlook.com,+1-243-641-7176,1345 Elm St,Reading,PA,48883,United States,2024-02-15,Consumer
CUST-11598,Michael Mason,michael.mason219@yahoo.com,+1-428-870-9819,762 Main St,Newark,NJ,35497,United States,2023-04-29,Consumer
CUST-11599,Laura Green,laura.green880@outlook.com,+1-296-377-2249,6196 Lakeview Ave,Portland,OR,33170,United States,2026-01-20,Consumer
CUST-11600,Mark Myers,mark.myers437@bizmail.io,+1-611-505-1138,1803 Highland Dr,Joliet,IL,81229,United States,2023-05-25,Consumer
CUST-11601,Sean Castro,sean.castro778@outlook.com,+1-889-200-1697,6461 Maple Rd,Tacoma,WA,50054,United States,2026-02-01,Consumer
CUST-11602,Megan Simmons,megan.simmons543@proton.me,+1-994-954-7352,6681 Pine St,Memphis,TN,51114,United States,2023-06-22,Small Business
CUST-11603,Emma Walker,emma.walker313@outlook.com,+1-314-825-3308,7245 Maple Rd,Birmingham,AL,38535,United States,2023-12-22,Consumer
CUST-11604,Robert Ward,robert.ward636@hotmail.com,+1-744-422-2847,4710 Lakeview Ave,Rochester,NY,31377,United States,2026-01-21,Consumer
CUST-11605,Teresa Lewis,teresa.lewis167@corporate.com,+1-802-824-5549,9526 Lakeview Ave,Clarksville,TN,68525,United States,2025-11-28,Consumer
CUST-11606,Andrea Gomez,andrea.gomez68@icloud.com,+1-642-632-7714,443 Lakeview Ave,Tuscaloosa,AL,12608,United States,2025-10-16,Consumer
CUST-11607,James Thomas,james.thomas562@proton.me,+1-398-757-7488,3189 Oak Ave,Norfolk,VA,31141,United States,2026-05-20,Consumer
CUST-11608,Katherine Rivera,katherine.rivera573@gmail.com,+1-563-766-3651,6947 Highland Dr,Savannah,GA,40794,United States,2024-11-24,Consumer
CUST-11609,Johnny Olson,johnny.olson556@corporate.com,+1-367-668-8145,4098 Cedar Blvd,Yonkers,NY,62180,United States,2026-01-24,Consumer
CUST-11610,Timothy Herrera,timothy.herrera844@bizmail.io,+1-617-964-2364,8384 Elm St,Saint Paul,MN,38113,United States,2024-04-02,Consumer
CUST-11611,Carl Russell,carl.russell263@corporate.com,+1-765-512-2780,113 Oak Ave,Vancouver,WA,23730,United States,2025-06-03,Consumer
CUST-11612,Kenneth Phillips,kenneth.phillips111@icloud.com,+1-557-391-8554,9931 Lakeview Ave,Greenville,SC,29969,United States,2025-02-23,Corporate
CUST-11613,Katherine Garcia,katherine.garcia404@yahoo.com,+1-866-244-7922,6165 Highland Dr,North Las Vegas,NV,74619,United States,2024-02-20,Consumer
CUST-11614,Jacqueline Aguilar,jacqueline.aguilar798@yahoo.com,+1-836-330-8652,7384 Washington Ave,Norman,OK,42422,United States,2025-11-07,Consumer
CUST-11615,Danielle Lewis,danielle.lewis883@icloud.com,+1-754-909-5897,5833 Broadway,Gaithersburg,MD,85963,United States,2024-06-09,Consumer
CUST-11616,Robert Hill,robert.hill556@corporate.com,+1-982-374-6798,9516 Oak Ave,Tacoma,WA,62330,United States,2024-03-22,Consumer
CUST-11617,Brandon Simpson,brandon.simpson361@proton.me,+1-428-816-5470,7229 Broadway,Bowie,MD,31300,United States,2023-07-28,Consumer
CUST-11618,Russell Kim,russell.kim465@hotmail.com,+1-842-686-3338,6850 Washington Ave,Bowie,MD,12945,United States,2025-08-25,Consumer
CUST-11619,Thomas Vasquez,thomas.vasquez13@bizmail.io,+1-514-902-9159,4276 Sunset Way,Nashville,TN,83719,United States,2024-03-11,Consumer
CUST-11620,Arthur Reed,arthur.reed208@hotmail.com,+1-315-620-8570,4073 Pine St,Charlotte,NC,76723,United States,2024-02-21,Corporate
CUST-11621,Abigail Mendoza,abigail.mendoza837@yahoo.com,,558 Pine St,Bellevue,WA,80311,United States,2025-04-04,Consumer
CUST-11622,Bryan Nelson,bryan.nelson344@outlook.com,+1-321-232-3687,6628 Maple Rd,Owensboro,KY,,United States,2023-07-12,Small Business
CUST-11623,Aaron Howard,aaron.howard870@outlook.com,+1-477-747-5139,5974 Sunset Way,Milwaukee,WI,12369,United States,2023-04-25,Consumer
CUST-11624,Sean Marshall,sean.marshall347@bizmail.io,+1-512-882-9861,9128 Cedar Blvd,Dayton,OH,15393,United States,2023-04-20,Consumer
CUST-11625,Angela Ramirez,angela.ramirez24@outlook.com,+1-657-579-1208,874 Main St,Richmond,VA,41006,United States,2023-04-24,Consumer
CUST-11626,Eugene Jimenez,eugene.jimenez374@icloud.com,+1-217-566-7347,4896 Oak Ave,St. Petersburg,FL,88176,United States,2024-02-26,Consumer
CUST-11627,Deborah Vasquez,deborah.vasquez469@gmail.com,+1-714-979-8861,419 Broadway,Rochester,MN,66622,United States,2023-05-19,Consumer
CUST-11628,Adam Snyder,adam.snyder778@icloud.com,+1-637-581-3013,879 Cedar Blvd,Los Angeles,CA,92709,United States,2026-03-21,Consumer
CUST-11629,Nicholas King,nicholas.king691@proton.me,+1-632-772-7567,6231 Maple Rd,Vancouver,WA,,United States,2026-03-04,Consumer
CUST-11630,Andrew Allen,andrew.allen621@corporate.com,+1-689-340-6167,7070 Maple Rd,Paterson,NJ,90121,United States,2025-10-04,Consumer
CUST-11631,Ashley Crawford,ashley.crawford964@hotmail.com,+1-650-230-5237,8274 Pine St,Jersey City,NJ,38240,United States,2026-05-15,Consumer
CUST-11632,Carl Kelly,carl.kelly625@corporate.com,,3897 Sunset Way,Newport News,VA,39207,United States,2024-08-03,Consumer
CUST-11633,Christopher Scott,christopher.scott114@outlook.com,+1-918-810-1923,154 Lakeview Ave,Paterson,NJ,38594,United States,2024-10-20,Consumer
CUST-11634,Melissa White,melissa.white955@outlook.com,+1-848-674-9104,2673 Washington Ave,West Jordan,UT,41041,United States,2026-01-12,Corporate
CUST-11635,Frances Murphy,frances.murphy338@proton.me,+1-375-385-6001,2890 Broadway,Springfield,MO,98487,United States,2024-06-21,Corporate
CUST-11636,Benjamin Sanchez,benjamin.sanchez510@proton.me,+1-829-286-8350,1190 Main St,ST. PETERSBURG,FL,52951,United States,2024-02-20,Consumer
CUST-11637,Richard Castillo,richard.castillo468@bizmail.io,+1-514-475-8726,3873 Elm St,Milwaukee,WI,43859,United States,2024-09-07,Consumer
CUST-11638,Andrew Kim,andrew.kim124@bizmail.io,+1-321-564-5919,9456 Park Blvd,Edmond,OK,48770,United States,2023-12-16,Consumer
CUST-11639,Bryan Evans,bryan.evans532@gmail.com,+1-427-399-3044,8781 Cedar Blvd,Jersey City,NJ,74006,United States,2026-03-17,Consumer
CUST-11640,Sarah Phillips,sarah.phillips196@corporate.com,+1-238-725-8773,8390 Sunset Way,Hillsboro,OR,88757,United States,2025-01-26,Corporate
CUST-11641,Sean Moore,sean.moore566@bizmail.io,+1-401-209-5673,9190 Washington Ave,Lexington,KY,72903,United States,2024-06-08,Consumer
CUST-11642,Benjamin Campbell,benjamin.campbell344@icloud.com,+1-535-946-4709,8007 Sunset Way,Springfield,MA,63555,United States,2025-09-23,Consumer
CUST-11643,Betty Alvarez,betty.alvarez309@hotmail.com,+1-590-708-2435,7951 Park Blvd,Bloomington,MN,34640,United States,2024-01-12,Corporate
CUST-11644,Janice Jenkins,janice.jenkins843@corporate.com,+1-339-801-5209,6261 Broadway,Grand Rapids,MI,37512,United States,2026-01-18,Corporate
CUST-11645,Debra Wilson,debra.wilson59@proton.me,+1-691-433-1277,8804 Cedar Blvd,Charleston,SC,24701,United States,2026-04-02,Corporate
CUST-11646,Debra Adams,debra.adams618@corporate.com,+1-879-734-5759,4810 Maple Rd,Charleston,SC,80818,United States,2025-11-18,Consumer
CUST-11647,Russell Tran,russell.tran639@bizmail.io,+1-796-579-8176,2896 Sunset Way,Ann Arbor,MI,97817,United States,2023-07-08,Small Business
CUST-11648,  Bradley Cole  ,bradley.cole782@outlook.com,+1-730-959-2821,9804 Main St,Lakewood,CO,55682,United States,2024-07-28,Consumer
CUST-11649,Louis Chen,louis.chen686@yahoo.com,+1-340-506-9664,8954 Cedar Blvd,Tuscaloosa,AL,89849,United States,2023-10-27,Consumer
CUST-11650,Kelly Lee,kelly.lee551@hotmail.com,+1-468-536-2620,4456 Cedar Blvd,San Diego,CA,86100,United States,2023-10-28,Consumer
CUST-11651,Kenneth Aguilar,kenneth.aguilar196@icloud.com,+1-853-230-4439,8753 Sunset Way,Indianapolis,IN,20878,United States,2024-03-21,Consumer
CUST-11652,Jacqueline Robinson,jacqueline.robinson513@yahoo.com,+1-481-544-1186,471 Lakeview Ave,Frederick,MD,89921,United States,2025-12-15,Corporate
CUST-11653,Eugene Wells,eugene.wells489@gmail.com,+1-579-523-3421,9279 Washington Ave,Portland,OR,68365,United States,2025-06-24,Small Business
CUST-11654,Jeffrey Myers,jeffrey.myers561@gmail.com,+1-972-939-8613,294 Broadway,Aurora,CO,76137,United States,2025-11-29,Consumer
CUST-11655,Heather Garcia,heather.garcia816@yahoo.com,+1-210-454-9726,2158 Highland Dr,St. Petersburg,FL,41605,United States,2025-09-25,Small Business
CUST-11656,Judy Watson,judy.watson53@gmail.com,+1-906-743-6375,8865 Oak Ave,Orlando,FL,65914,United States,2024-06-15,Corporate
CUST-11657,David Reed,david.reed227@bizmail.io,+1-411-610-2141,5723 Lakeview Ave,Buffalo,NY,49234,United States,2024-07-29,Corporate
CUST-11658,Timothy Ross,timothy.ross232@proton.me,+1-721-937-7569,9411 Cedar Blvd,Joliet,IL,20337,United States,2024-02-28,Consumer
CUST-11659,Jordan Thomas,jordan.thomas339@corporate.com,+1-292-575-5782,7478 Broadway,Aurora,CO,81375,United States,2026-05-17,Consumer
CUST-11660,Jerry Long,jerry.long200@proton.me,+1-555-318-2659,6323 Pine St,Gaithersburg,MD,84461,United States,2025-01-26,Consumer
CUST-11661,Madison Hernandez,madison.hernandez492@bizmail.io,+1-386-667-1461,2695 Sunset Way,Hillsboro,OR,41455,United States,2025-08-30,Consumer
CUST-11662,Willie Long,willie.long312@outlook.com,+1-733-284-7188,4276 Pine St,San Diego,CA,42685,United States,2024-02-12,Consumer
CUST-11663,Virginia Martin,virginia.martin723@bizmail.io,+1-531-849-4354,5584 Sunset Way,Bridgeport,CT,91717,United States,2026-03-21,Corporate
CUST-11664,Scott Sullivan,scott.sullivan48@icloud.com,+1-885-773-9959,120 Maple Rd,Rochester,NY,26310,United States,2024-12-04,Consumer
CUST-11665,Angela Torres,angela.torres147@yahoo.com,+1-469-848-5246,4533 Park Blvd,Tucson,AZ,65341,United States,2023-09-08,Consumer
CUST-11666,Ryan Webb,ryan.webb599@corporate.com,+1-788-245-7854,8214 Washington Ave,Lexington,KY,12832,United States,2024-08-20,Consumer
CUST-11667,Gabriel Crawford,gabriel.crawford527@hotmail.com,+1-828-721-8443,4517 Elm St,Frederick,MD,32692,United States,2026-05-24,Corporate
CUST-11668,Ralph Stewart,ralph.stewart876@bizmail.io,+1-326-664-5356,3320 Main St,Columbia,MO,27797,United States,2024-07-27,Consumer
CUST-11669,Gloria Woods,gloria.woods869@hotmail.com,+1-994-938-1575,3427 Pine St,Louisville,KY,60298,United States,2025-09-28,Small Business
CUST-11670,Bobby Aguilar,bobby.aguilar571@bizmail.io,+1-653-867-6884,8488 Cedar Blvd,South Bend,IN,36941,United States,2026-01-18,Corporate
CUST-11671,Larry Griffin,larry.griffin248@gmail.com,+1-819-212-2846,5819 Cedar Blvd,San Diego,CA,22359,United States,2023-11-23,Consumer
CUST-11672,Julie Garcia,julie.garcia146@proton.me,+1-470-370-1647,4392 Oak Ave,St. Louis,MO,61891,United States,2025-05-15,Consumer
CUST-11673,Cynthia Perez,cynthia.perez482@outlook.com,+1-207-474-5579,1186 Main St,Montgomery,AL,69009,United States,2026-03-21,Consumer
CUST-11674,Wayne Webb,wayne.webb173@hotmail.com,+1-580-999-4935,9124 Broadway,St. Petersburg,FL,38192,United States,2024-11-20,Consumer
CUST-11675,Randy Simpson,randy.simpson157@hotmail.com,+1-757-676-1461,9723 Lakeview Ave,Tallahassee,FL,28932,United States,2024-09-05,Corporate
CUST-11676,Louis Jimenez,louis.jimenez219@outlook.com,+1-381-582-2280,8226 Pine St,Edmond,OK,63329,United States,2024-12-24,Corporate
CUST-11677,Patricia Ortiz,patricia.ortiz120@gmail.com,+1-236-397-6004,6368 Sunset Way,Erie,PA,23065,United States,2025-03-19,Consumer
CUST-11678,Sharon Gonzalez,sharon.gonzalez418@bizmail.io,+1-911-868-3782,1018 Maple Rd,San Francisco,CA,,United States,2023-10-02,Corporate
CUST-11679,Christine Stewart,christine.stewart81@proton.me,+1-401-619-9908,9658 Main St,Hartford,CT,27765,United States,2024-03-22,Consumer
CUST-11680,Bryan Watson,bryan.watson259@outlook.com,+1-541-776-1201,525 Park Blvd,New York,NY,74871,United States,2026-03-31,Consumer
CUST-11681,Edward Rodriguez,edward.rodriguez121@icloud.com,+1-753-589-1675,8444 Park Blvd,Pittsburgh,PA,22258,United States,2023-11-19,Corporate
CUST-11682,Harold Torres,harold.torres333@hotmail.com,+1-961-617-2832,8226 Oak Ave,Miami,FL,43277,United States,2025-05-16,Consumer
CUST-11683,Sarah Griffin,sarah.griffin260@corporate.com,+1-255-348-4695,5040 Pine St,Springfield,MA,50159,United States,2026-05-19,Corporate
CUST-11684,Kimberly Mitchell,kimberly.mitchell416@gmail.com,+1-347-550-3966,3617 Highland Dr,Chicago,IL,94927,United States,2024-05-23,Consumer
CUST-11685,Brittany Jones,brittany.jones914@outlook.com,+1-584-831-1370,3511 Broadway,Sterling Heights,MI,72188,United States,2024-11-21,Consumer
CUST-11686,Patrick Watson,patrick.watson428@yahoo.com,+1-867-676-5916,9229 Main St,Augusta,GA,71646,United States,2025-11-19,Small Business
CUST-11687,Helen Ruiz,helen.ruiz124@corporate.com,+1-237-334-2732,1841 Highland Dr,Bowie,MD,55974,United States,2024-05-26,Consumer
CUST-11688,Jacqueline Henry,jacqueline.henry911@corporate.com,+1-975-919-5678,8879 Washington Ave,Erie,PA,80843,United States,2025-11-26,Consumer
CUST-11689,Andrea Butler,andrea.butler70@gmail.com,+1-712-738-5411,5211 Park Blvd,Toledo,OH,59724,United States,2025-09-14,Consumer
CUST-11690,Cynthia Vasquez,cynthia.vasquez595@gmail.com,+1-702-498-3140,1504 Washington Ave,FORT WORTH,TX,24357,United States,2023-04-16,Consumer
CUST-11691,Diana Murray,diana.murray140@icloud.com,+1-533-435-5564,8952 Pine St,Bellevue,WA,91962,United States,2025-04-14,Consumer
CUST-11692,David Gibson,david.gibson998@corporate.com,,3171 Maple Rd,Orlando,FL,85246,United States,2025-07-12,Corporate
CUST-11693,Thomas Nelson,thomas.nelson971@outlook.com,,124 Cedar Blvd,Mobile,AL,99957,United States,2025-04-18,Corporate
CUST-11694,Jennifer Jones,jennifer.jones822@hotmail.com,+1-961-931-7607,7529 Cedar Blvd,South Bend,IN,42593,United States,2023-05-04,Consumer
CUST-11695,James Medina,james.medina134@hotmail.com,+1-321-615-1043,479 Highland Dr,Bowie,MD,21794,United States,2023-06-29,Small Business
CUST-11696,Jerry Kennedy,jerry.kennedy711@bizmail.io,+1-406-667-9715,9556 Lakeview Ave,Salem,OR,28201,United States,2025-07-24,Consumer
CUST-11697,Barbara Jimenez,barbara.jimenez566@yahoo.com,+1-760-635-8864,4327 Washington Ave,SPRINGFIELD,MO,49348,United States,2026-05-13,Consumer
CUST-11698,Jesse Tran,jesse.tran454@yahoo.com,+1-299-940-5002,7401 Oak Ave,Saint Paul,MN,42642,United States,2024-11-10,Small Business
CUST-11699,Nancy Brooks,nancy.brooks671@proton.me,+1-910-465-6402,8312 Maple Rd,Duluth,MN,82783,United States,2025-11-23,Corporate
CUST-11700,Emma Hill,emma.hill834@gmail.com,+1-270-571-4333,5407 Cedar Blvd,Dayton,OH,44049,United States,2026-04-24,Consumer
CUST-11701,Zachary Chavez,zachary.chavez621@hotmail.com,+1-490-795-5478,6726 Washington Ave,Sparks,NV,89588,United States,2024-04-23,Consumer
CUST-11702,Matthew Anderson,matthew.anderson748@gmail.com,+1-342-923-9832,1600 Lakeview Ave,Naperville,IL,94405,United States,2023-04-30,Consumer
CUST-11703,  Grace Cruz  ,grace.cruz11@outlook.com,+1-600-344-1551,8797 Elm St,Lowell,MA,47877,United States,2023-07-15,Consumer
CUST-11704,Angela Wood,angela.wood662@icloud.com,,3741 Elm St,Worcester,MA,56990,United States,2025-08-26,Small Business
CUST-11705,Pamela Thompson,pamela.thompson983@outlook.com,+1-764-918-6439,1856 Sunset Way,Milwaukee,WI,83402,United States,2025-07-09,Consumer
CUST-11706,Sarah Gordon,sarah.gordon588@gmail.com,+1-493-881-7513,1974 Main St,Bowling Green,KY,55344,United States,2025-06-04,Consumer
CUST-11707,Jeffrey Anderson,jeffrey.anderson65@yahoo.com,+1-330-775-4969,8658 Maple Rd,Chandler,AZ,,United States,2024-12-06,Consumer
CUST-11708,Diana Hall,diana.hall762@corporate.com,+1-270-559-2467,2149 Main St,New Haven,CT,84422,United States,2025-04-16,Consumer
CUST-11709,Gerald Myers,gerald.myers779@proton.me,+1-429-990-5236,5212 Washington Ave,Chattanooga,TN,67045,United States,2026-05-08,Corporate
CUST-11710,Brandon Munoz,brandon.munoz439@icloud.com,+1-849-507-7272,512 Oak Ave,New Haven,CT,67646,United States,2025-06-02,Consumer
CUST-11711,Mary Sanders,mary.sanders513@outlook.com,+1-465-440-6729,9247 Washington Ave,Birmingham,AL,50517,United States,2023-08-13,Consumer
CUST-11712,Gerald Baker,gerald.baker777@outlook.com,+1-669-884-4002,6559 Park Blvd,Reno,NV,23311,United States,2025-07-01,Small Business
CUST-11713,Julie Jimenez,julie.jimenez886@outlook.com,+1-482-278-8240,6797 Sunset Way,West Jordan,UT,30007,United States,2024-06-11,Consumer
CUST-11714,Helen Hunter,helen.hunter688@outlook.com,+1-792-261-4402,6024 Main St,Chattanooga,TN,20553,United States,2024-10-08,Consumer
CUST-11715,Betty Ellis,betty.ellis318@outlook.com,+1-328-440-6131,4554 Cedar Blvd,Carmel,IN,73356,United States,2024-09-17,Consumer
CUST-11716,Julie Long,julie.long98@proton.me,+1-852-643-5141,5937 Maple Rd,Chicago,IL,29767,United States,2023-05-06,Consumer
CUST-11717,Brian Jones,brian.jones668@yahoo.com,+1-984-326-2656,8178 Cedar Blvd,Rochester,MN,47100,United States,2024-03-04,Consumer
CUST-11718,Donna Hamilton,donna.hamilton249@hotmail.com,+1-430-545-5710,8299 Sunset Way,Fresno,CA,66234,United States,2025-01-06,Corporate
CUST-11719,Martha Medina,martha.medina33@corporate.com,+1-614-465-1299,5790 Oak Ave,Gaithersburg,MD,80364,United States,2024-11-10,Corporate
CUST-11720,George White,george.white210@hotmail.com,+1-284-943-4055,4149 Main St,Eugene,OR,50763,United States,2025-07-06,Consumer
CUST-11721,Emma Olson,emma.olson518@outlook.com,+1-302-930-9277,6408 Main St,Phoenix,AZ,41420,United States,2023-06-15,Small Business
CUST-11722,Jessica Phillips,jessica.phillips857@gmail.com,+1-282-291-5522,631 Main St,Kenosha,WI,82189,United States,2025-10-28,Consumer
CUST-11723,Joan Robinson,joan.robinson775@yahoo.com,+1-803-677-7798,846 Lakeview Ave,Tallahassee,FL,75061,United States,2025-01-24,Consumer
CUST-11724,Maria Flores,maria.flores749@hotmail.com,+1-300-795-5667,7745 Sunset Way,Duluth,MN,16675,United States,2024-06-04,Consumer
CUST-11725,John Gordon,john.gordon358@icloud.com,+1-545-742-3713,2055 Main St,San Antonio,TX,67350,United States,2025-09-27,Consumer
CUST-11726,Martha Simmons,martha.simmons150@bizmail.io,+1-813-978-1921,3814 Park Blvd,Huntsville,AL,71823,United States,2023-06-26,Consumer
CUST-11727,Joyce Davis,joyce.davis807@bizmail.io,+1-358-332-4322,9860 Highland Dr,Greenville,SC,24557,United States,2023-04-26,Consumer
CUST-11728,Evelyn Cole,evelyn.cole356@icloud.com,,9269 Oak Ave,St. Louis,MO,73591,United States,2025-09-26,Corporate
CUST-11729,Brenda Harrison,brenda.harrison813@proton.me,+1-676-712-1515,341 Maple Rd,Duluth,MN,58016,United States,2026-05-01,Consumer
CUST-11730,Pamela Roberts,pamela.roberts176@yahoo.com,+1-600-799-1623,6398 Highland Dr,Toledo,OH,34408,United States,2025-08-28,Consumer
CUST-11731,Patrick Patterson,patrick.patterson408@bizmail.io,+1-898-899-6841,1186 Washington Ave,Vancouver,WA,12611,United States,2024-12-16,Consumer
CUST-11732,Kathryn Sanders,kathryn.sanders763@yahoo.com,+1-616-505-3378,6463 Oak Ave,Dallas,TX,17198,United States,2025-08-14,Consumer
CUST-11733,Sharon Gomez,sharon.gomez795@hotmail.com,+1-360-488-4471,1943 Highland Dr,Albany,NY,78508,United States,2024-05-16,Consumer
CUST-11734,Emily Kelly,emily.kelly77@icloud.com,+1-224-210-5938,1855 Lakeview Ave,Norman,OK,75980,United States,2023-05-18,Consumer
CUST-11735,Karen Brown,karen.brown160@yahoo.com,+1-577-272-7177,7903 Lakeview Ave,Tulsa,OK,16140,United States,2024-08-22,Consumer
CUST-11736,Terry Jimenez,terry.jimenez693@proton.me,+1-438-517-2486,1631 Main St,Spokane,WA,40289,United States,2024-10-13,Consumer
CUST-11737,Bobby Peterson,bobby.peterson512@corporate.com,+1-325-527-8740,4143 Sunset Way,Mesa,AZ,30377,United States,2023-08-14,Consumer
CUST-11738,Mark Scott,mark.scott939@bizmail.io,+1-537-300-3195,3937 Highland Dr,New Orleans,LA,68856,United States,2023-05-09,Consumer
CUST-11739,Cheryl Sanchez,cheryl.sanchez395@gmail.com,,2734 Cedar Blvd,Chesapeake,VA,30285,United States,2024-07-01,Corporate
CUST-11740,Pamela Howard,pamela.howard442@bizmail.io,+1-679-344-1600,5967 Oak Ave,Shreveport,LA,,United States,2023-12-22,Consumer
CUST-11741,Timothy Thomas,timothy.thomas403@hotmail.com,+1-972-867-8875,8809 Broadway,Boston,MA,57402,United States,2023-08-11,Corporate
CUST-11742,Diana Thomas,diana.thomas324@icloud.com,+1-742-216-4042,7346 Pine St,Jacksonville,FL,51687,United States,2025-03-14,Corporate
CUST-11743,Keith Wood,keith.wood61@outlook.com,+1-776-376-6444,4352 Washington Ave,Saint Paul,MN,60242,United States,2023-11-03,Consumer
CUST-11744,Donna Jordan,donna.jordan56@bizmail.io,+1-626-638-5107,2329 Main St,Independence,MO,49355,United States,2025-05-16,Consumer
CUST-11745,Juan Evans,juan.evans975@proton.me,+1-413-944-9986,6668 Park Blvd,Nashville,TN,37069,United States,2025-08-10,Consumer
CUST-11746,Bryan Allen,bryan.allen749@bizmail.io,+1-821-253-7659,594 Pine St,Waterbury,CT,66523,United States,2025-03-11,Consumer
CUST-11747,Tyler Webb,tyler.webb808@proton.me,+1-996-440-5255,198 Elm St,Philadelphia,PA,53857,United States,2025-02-07,Corporate
CUST-11748,Bryan Nguyen,bryan.nguyen770@yahoo.com,+1-535-810-8362,7129 Pine St,Akron,OH,64803,United States,2023-10-03,Corporate
CUST-11749,Juan Munoz,juan.munoz764@bizmail.io,+1-712-809-8591,8288 Lakeview Ave,Chandler,AZ,17572,United States,2024-08-11,Consumer
CUST-11750,Victoria Martin,victoria.martin160@outlook.com,+1-688-415-7593,2233 Park Blvd,Savannah,GA,44035,United States,2026-04-05,Corporate
CUST-11751,Ralph Rivera,ralph.rivera115@yahoo.com,+1-979-276-8615,6178 Broadway,Henderson,NV,73195,United States,2025-06-06,Corporate
CUST-11752,Donald Cole,donald.cole808@hotmail.com,+1-361-831-9899,6194 Oak Ave,Tucson,AZ,17498,United States,2025-10-25,Consumer
CUST-11753,Diane Vargas,diane.vargas189@yahoo.com,+1-635-792-1128,3496 Highland Dr,Atlanta,GA,59125,United States,2023-04-24,Corporate
CUST-11754,  Linda Campbell  ,linda.campbell24@yahoo.com,+1-472-388-7512,4501 Park Blvd,Sparks,NV,82036,United States,2024-02-05,Corporate
CUST-11755,Frances Miller,frances.miller953@icloud.com,+1-282-609-4178,7401 Main St,Cambridge,MA,12533,United States,2026-01-05,Corporate
CUST-11756,William Howard,william.howard865@bizmail.io,+1-387-459-5581,6272 Highland Dr,Cleveland,OH,64167,United States,2025-04-20,Consumer
CUST-11757,Douglas Green,douglas.green257@gmail.com,+1-752-427-1532,6615 Elm St,Durham,NC,66784,United States,2023-04-04,Consumer
CUST-11758,Rachel Simpson,rachel.simpson234@icloud.com,+1-330-673-3588,8181 Maple Rd,Newark,NJ,89118,United States,2023-05-01,Consumer
CUST-11759,Arthur Walker,arthur.walker58@hotmail.com,+1-990-776-8032,1074 Maple Rd,Columbus,GA,95487,United States,2024-03-29,Corporate
CUST-11760,Kelly Jenkins,kelly.jenkins893@outlook.com,+1-766-859-5976,5931 Cedar Blvd,Salem,OR,69456,United States,2024-07-22,Consumer
CUST-11761,Isabella Gordon,isabella.gordon527@corporate.com,+1-508-202-7859,8212 Elm St,San Jose,CA,10074,United States,2024-04-26,Corporate
CUST-11762,Jennifer Baker,jennifer.baker742@yahoo.com,+1-778-375-1761,2818 Maple Rd,Kansas City,MO,97176,United States,2026-03-01,Corporate
CUST-11763,Bradley Kim,bradley.kim275@gmail.com,+1-798-430-3840,2670 Elm St,Milwaukee,WI,46633,United States,2025-01-29,Small Business
CUST-11764,Brian Johnson,brian.johnson51@outlook.com,+1-583-867-6429,5736 Main St,Columbus,GA,18812,United States,2025-06-22,Consumer
CUST-11765,Laura Gray,laura.gray885@corporate.com,+1-794-716-5666,3510 Highland Dr,Newark,NJ,39627,United States,2024-10-28,Consumer
CUST-11766,Deborah Adams,deborah.adams951@outlook.com,+1-806-636-3166,218 Sunset Way,Tulsa,OK,61657,United States,2024-10-05,Consumer
CUST-11767,Natalie Castro,natalie.castro780@hotmail.com,+1-292-365-1942,7379 Elm St,Orlando,FL,45319,United States,2025-02-13,Corporate
CUST-11768,Joe Guzman,joe.guzman156@icloud.com,+1-708-611-4245,1332 Park Blvd,Las Vegas,NV,25453,United States,2025-08-30,Consumer
CUST-11769,Anna Green,anna.green196@hotmail.com,+1-856-295-4328,7442 Elm St,Salt Lake City,UT,60322,United States,2026-01-17,Consumer
CUST-11770,Jesse King,jesse.king729@icloud.com,+1-302-693-7101,3903 Lakeview Ave,Vancouver,WA,19963,United States,2025-05-26,Consumer
CUST-11771,Stephen Griffin,stephen.griffin654@corporate.com,+1-457-592-2685,2424 Lakeview Ave,Springfield,IL,76675,United States,2024-08-17,Consumer
CUST-11772,Donald Romero,donald.romero617@outlook.com,+1-875-959-9733,4500 Elm St,Los Angeles,CA,84852,United States,2025-02-17,Corporate
CUST-11773,Edward Nelson,edward.nelson890@proton.me,+1-563-210-6206,1641 Pine St,Dallas,TX,40182,United States,2025-10-27,Consumer
CUST-11774,Margaret Henry,margaret.henry871@gmail.com,+1-729-652-8948,9787 Park Blvd,Grand Rapids,MI,97318,United States,2025-10-28,Consumer
CUST-11775,Bryan Allen,bryan.allen167@yahoo.com,+1-713-758-4870,4267 Broadway,North Charleston,SC,27208,United States,2024-04-25,Corporate
CUST-11776,Carl Lewis,carl.lewis800@bizmail.io,+1-704-242-8068,8172 Broadway,Huntsville,AL,49650,United States,2025-05-27,Consumer
CUST-11777,Rebecca Stewart,rebecca.stewart450@proton.me,+1-297-566-1936,2818 Elm St,Bowie,MD,83163,United States,2025-06-17,Consumer
CUST-11778,Justin Gonzales,justin.gonzales661@proton.me,+1-952-739-9690,3247 Lakeview Ave,Syracuse,NY,53718,United States,2024-11-14,Consumer
CUST-11779,Samuel Fisher,samuel.fisher28@hotmail.com,+1-607-693-3053,9676 Maple Rd,Joliet,IL,32531,United States,2023-09-26,Consumer
CUST-11780,Kayla Shaw,kayla.shaw814@corporate.com,,2928 Maple Rd,Montgomery,AL,20505,United States,2024-08-16,Corporate
CUST-11781,Betty Ford,betty.ford785@hotmail.com,+1-657-376-7736,3191 Highland Dr,Richmond,VA,32020,United States,2025-05-21,Corporate
CUST-11782,Judy Brown,judy.brown261@hotmail.com,+1-289-494-3867,9832 Main St,Tulsa,OK,31302,United States,2025-11-27,Corporate
CUST-11783,Grace Coleman,grace.coleman50@outlook.com,+1-619-608-1004,4397 Elm St,SCRANTON,PA,68115,United States,2024-03-15,Corporate
CUST-11784,Nathan Roberts,nathan.roberts672@gmail.com,+1-219-934-4794,1326 Main St,Austin,TX,47360,United States,2025-05-17,Corporate
CUST-11785,Jeffrey Morales,jeffrey.morales644@outlook.com,+1-337-364-5880,7696 Oak Ave,Baton Rouge,LA,80614,United States,2024-05-02,Consumer
CUST-11786,Ruth Johnson,ruth.johnson157@bizmail.io,+1-697-874-1610,5348 Washington Ave,Phoenix,AZ,79320,United States,2026-02-25,Consumer
CUST-11787,Beverly Butler,beverly.butler410@hotmail.com,+1-423-925-9613,5899 Main St,Chattanooga,TN,27013,United States,2026-02-08,Consumer
CUST-11788,Kyle Hall,kyle.hall465@corporate.com,+1-874-350-4652,1923 Cedar Blvd,Durham,NC,21813,United States,2025-04-17,Small Business
CUST-11789,Virginia Robinson,virginia.robinson299@yahoo.com,+1-645-506-3248,3377 Lakeview Ave,Lakewood,CO,43944,United States,2026-05-06,Consumer
CUST-11790,Brenda Robinson,brenda.robinson491@corporate.com,+1-735-570-8808,6984 Main St,Worcester,MA,70807,United States,2025-04-24,Consumer
CUST-11791,Nicholas Burns,nicholas.burns848@hotmail.com,+1-638-271-8755,5470 Elm St,Reading,PA,15898,United States,2024-10-10,Consumer
CUST-11792,Jennifer Thompson,jennifer.thompson203@outlook.com,+1-506-914-3994,774 Maple Rd,Racine,WI,84007,United States,2023-08-23,Consumer
CUST-11793,Brandon Morgan,brandon.morgan234@hotmail.com,+1-553-638-6492,3317 Sunset Way,Austin,TX,32048,United States,2024-11-30,Corporate
CUST-11794,Zachary Kennedy,zachary.kennedy801@proton.me,+1-963-430-7201,2341 Washington Ave,ALLENTOWN,PA,48459,United States,2026-05-09,Consumer
CUST-11795,Brian Gomez,brian.gomez74@gmail.com,+1-203-809-6552,3821 Sunset Way,Glendale,AZ,44894,United States,2023-07-10,Corporate
CUST-11796,Benjamin Moreno,benjamin.moreno753@hotmail.com,+1-440-528-1262,632 Highland Dr,Philadelphia,PA,61224,United States,2024-11-29,Corporate
CUST-11797,Karen Ortiz,karen.ortiz876@corporate.com,+1-954-296-5810,3739 Park Blvd,Rochester,NY,74058,United States,2024-01-07,Consumer
CUST-11798,Angela Peterson,angela.peterson755@corporate.com,+1-284-755-8395,5857 Washington Ave,Boston,MA,61928,United States,2025-03-23,Consumer
CUST-11799,Lauren King,lauren.king576@yahoo.com,+1-576-874-5864,1527 Sunset Way,Baton Rouge,LA,62970,United States,2024-03-28,Consumer
CUST-11800,Alice Wells,alice.wells473@bizmail.io,+1-912-370-2802,281 Sunset Way,las vegas,NV,29549,United States,2026-03-24,Consumer
CUST-11801,Ann Foster,ann.foster431@corporate.com,+1-234-545-1598,3833 Lakeview Ave,Grand Rapids,MI,57623,United States,2026-04-20,Consumer
CUST-11802,Henry Webb,henry.webb415@bizmail.io,+1-860-650-4456,464 Washington Ave,Augusta,GA,13545,United States,2023-07-24,Consumer
CUST-11803,Donald Harrison,donald.harrison440@corporate.com,+1-686-788-5607,1431 Highland Dr,Scranton,PA,34039,United States,2025-08-27,Consumer
CUST-11804,Christian Mason,christian.mason524@proton.me,+1-892-812-1764,6444 Park Blvd,Mesa,AZ,38577,United States,2023-07-28,Corporate
CUST-11805,Timothy Cox,timothy.cox899@bizmail.io,+1-609-224-6159,5386 Main St,Greenville,SC,90991,United States,2025-06-19,Corporate
CUST-11806,Arthur Scott,arthur.scott70@hotmail.com,+1-863-774-7923,1373 Sunset Way,Portland,OR,69691,United States,2025-08-20,Corporate
CUST-11807,Olivia Davis,olivia.davis869@gmail.com,+1-980-271-7589,2768 Highland Dr,Spokane,WA,34486,United States,2024-02-18,Small Business
CUST-11808,Patricia Griffin,patricia.griffin191@yahoo.com,+1-889-780-9790,2717 Park Blvd,Sparks,NV,86199,United States,2025-05-04,Consumer
CUST-11809,Theresa Chavez,theresa.chavez102@bizmail.io,+1-955-206-9747,7028 Pine St,Baton Rouge,LA,70771,United States,2025-04-09,Consumer
CUST-11810,Jesse Howard,jesse.howard558@icloud.com,+1-289-890-4889,5454 Pine St,San Francisco,CA,87510,United States,2025-07-12,Consumer
CUST-11811,Danielle Jones,danielle.jones635@corporate.com,+1-660-227-7232,9910 Maple Rd,Warren,MI,84131,United States,2025-10-12,Consumer
CUST-11812,Jacqueline Vasquez,jacqueline.vasquez631@outlook.com,+1-478-437-9398,4653 Broadway,San Diego,CA,43877,United States,2025-05-08,Corporate
CUST-11813,Roy Nguyen,roy.nguyen434@bizmail.io,+1-714-205-7330,6275 Broadway,Lowell,MA,24633,United States,2025-12-28,Consumer
CUST-11814,Sandra Mendoza,sandra.mendoza398@hotmail.com,+1-990-794-3325,8472 Oak Ave,Baltimore,MD,23494,United States,2023-06-16,Consumer
CUST-11815,Zachary Lopez,zachary.lopez169@corporate.com,+1-845-505-1696,7411 Main St,Nashville,TN,88522,United States,2025-10-09,Consumer
CUST-11816,Carl Rodriguez,carl.rodriguez173@corporate.com,+1-353-741-3713,9940 Washington Ave,Denver,CO,69540,United States,2023-07-06,Consumer
CUST-11817,Alexis Ramos,alexis.ramos780@gmail.com,+1-876-219-8498,2513 Sunset Way,Hillsboro,OR,52762,United States,2024-09-26,Consumer
CUST-11818,Alexander Washington,alexander.washington292@yahoo.com,+1-277-629-9844,135 Washington Ave,Fort Collins,CO,92751,United States,2025-05-20,Small Business
CUST-11819,Eugene Guzman,eugene.guzman829@bizmail.io,+1-615-601-3169,354 Sunset Way,Oklahoma City,OK,32477,United States,2024-04-03,Consumer
CUST-11820,Robert Morris,robert.morris785@outlook.com,+1-631-399-5334,4697 Pine St,Boston,MA,93309,United States,2025-09-28,Consumer
CUST-11821,Ruth Mendez,ruth.mendez544@bizmail.io,+1-206-283-3926,279 Lakeview Ave,Aurora,CO,53779,United States,2025-05-20,Corporate
CUST-11822,Gabriel Torres,gabriel.torres230@corporate.com,+1-810-219-2474,2659 Cedar Blvd,Scranton,PA,59012,United States,2024-09-28,Consumer
CUST-11823,George Fernandez,george.fernandez852@gmail.com,+1-455-824-7172,7454 Main St,Gaithersburg,MD,63093,United States,2024-12-02,Consumer
CUST-11824,Gary Long,gary.long53@proton.me,+1-563-427-7961,4291 Sunset Way,Springfield,IL,50414,United States,2024-08-18,Corporate
CUST-11825,Douglas Patel,douglas.patel904@corporate.com,+1-918-478-9356,9058 Maple Rd,Minneapolis,MN,41859,United States,2024-11-07,Consumer
CUST-11826,Teresa Jordan,teresa.jordan293@corporate.com,+1-620-355-4237,2183 Cedar Blvd,Savannah,GA,58423,United States,2023-08-15,Consumer
CUST-11827,Kyle Burns,kyle.burns85@outlook.com,+1-581-795-6085,9388 Park Blvd,Mesa,AZ,86717,United States,2023-06-13,Small Business
CUST-11828,Logan Hall,logan.hall200@corporate.com,+1-388-369-7729,9335 Highland Dr,Huntsville,AL,43629,United States,2025-08-28,Consumer
CUST-11829,Heather Jackson,heather.jackson427@outlook.com,+1-393-553-7176,9766 Highland Dr,Sparks,NV,86468,United States,2023-11-14,Consumer
CUST-11830,Russell Burns,russell.burns779@bizmail.io,+1-609-769-9433,7702 Lakeview Ave,Augusta,GA,52023,United States,2023-05-05,Consumer
CUST-11831,Janet Fisher,janet.fisher270@outlook.com,+1-250-735-5120,4147 Oak Ave,Detroit,MI,42382,United States,2026-05-06,Consumer
CUST-11832,Louis Carter,louis.carter20@gmail.com,+1-204-268-5744,4974 Main St,Aurora,IL,62750,United States,2025-12-09,Consumer
CUST-11833,Lauren Perry,lauren.perry989@hotmail.com,+1-958-867-4716,653 Pine St,Hillsboro,OR,18826,United States,2025-08-04,Corporate
CUST-11834,Sharon Kim,sharon.kim841@bizmail.io,+1-529-355-9905,7801 Maple Rd,San Francisco,CA,77709,United States,2025-10-01,Consumer
CUST-11835,Victoria Snyder,victoria.snyder173@outlook.com,+1-503-211-6398,2579 Main St,Gresham,OR,48944,United States,2024-07-30,Consumer
CUST-11836,Cynthia Davis,cynthia.davis448@yahoo.com,+1-837-467-7564,2149 Highland Dr,West Jordan,UT,65918,United States,2023-03-21,Small Business
CUST-11837,Frances Rodriguez,frances.rodriguez910@gmail.com,+1-287-685-6971,4130 Broadway,Bellevue,WA,27263,United States,2024-05-04,Small Business
CUST-11838,Jose Sullivan,jose.sullivan595@proton.me,+1-691-356-5757,210 Pine St,Orem,UT,66441,United States,2025-11-07,Consumer
CUST-11839,Judith Rogers,judith.rogers240@yahoo.com,+1-872-398-8899,5273 Washington Ave,columbia,SC,51679,United States,2025-09-27,Consumer
CUST-11840,Ronald Snyder,ronald.snyder73@icloud.com,+1-629-288-3938,837 Maple Rd,Austin,TX,55824,United States,2025-06-18,Consumer
CUST-11841,Louis Chen,louis.chen505@icloud.com,+1-415-670-1660,3210 Pine St,Frederick,MD,77585,United States,2026-01-06,Corporate
CUST-11842,Emma Peterson,emma.peterson10@hotmail.com,+1-705-641-1420,7373 Lakeview Ave,Ann Arbor,MI,89814,United States,2023-11-25,Small Business
CUST-11843,Steven Edwards,steven.edwards433@proton.me,+1-278-996-2168,7820 Broadway,Houston,TX,71660,United States,2024-08-24,Consumer
CUST-11844,Sean Alvarez,sean.alvarez180@proton.me,+1-280-474-6761,6383 Cedar Blvd,Memphis,TN,,United States,2025-11-29,Small Business
CUST-11845,Charles Mcdonald,charles.mcdonald364@yahoo.com,+1-946-954-2563,5358 Park Blvd,Indianapolis,IN,55129,United States,2024-06-05,Consumer
CUST-11846,Jordan Powell,jordan.powell129@corporate.com,,7846 Main St,Savannah,GA,97347,United States,2024-05-12,Consumer
CUST-11847,Gary Brown,gary.brown562@hotmail.com,+1-218-979-5073,9999 Lakeview Ave,Paterson,NJ,25365,United States,2024-09-01,Consumer
CUST-11848,Carl Miller,carl.miller797@outlook.com,+1-985-956-1653,4008 Sunset Way,Gaithersburg,MD,61597,United States,2025-03-29,Consumer
CUST-11849,Gloria Perry,gloria.perry465@gmail.com,+1-355-601-6270,2679 Highland Dr,Denver,CO,96516,United States,2024-11-07,Consumer
CUST-11850,Ruth Reed,ruth.reed897@icloud.com,+1-939-442-6612,6940 Maple Rd,Greenville,SC,37085,United States,2023-12-18,Consumer
CUST-11851,Bryan Graham,bryan.graham939@gmail.com,+1-980-987-8077,8085 Main St,Charlotte,NC,75947,United States,2024-09-24,Consumer
CUST-11852,Sean Moreno,sean.moreno705@yahoo.com,+1-813-916-2518,8961 Lakeview Ave,Madison,WI,15377,United States,2026-03-05,Corporate
CUST-11853,Larry Cruz,larry.cruz886@outlook.com,+1-599-587-2642,1676 Elm St,San Antonio,TX,99227,United States,2025-12-21,Consumer
CUST-11854,Ann Gonzalez,ann.gonzalez200@yahoo.com,+1-314-808-7607,629 Pine St,Erie,PA,41584,United States,2024-06-28,Small Business
CUST-11855,Alan Green,alan.green625@bizmail.io,+1-894-207-8799,7921 Pine St,San Diego,CA,39607,United States,2025-08-04,Consumer
CUST-11856,Ethan Anderson,ethan.anderson926@icloud.com,+1-281-654-2040,4839 Washington Ave,Saint Paul,MN,93961,United States,2023-06-07,Corporate
CUST-11857,Arthur Gray,arthur.gray907@bizmail.io,+1-596-617-3167,6775 Maple Rd,Rockville,MD,65210,United States,2025-01-17,Consumer
CUST-11858,Kathryn Long,kathryn.long151@corporate.com,+1-275-957-9759,5034 Main St,Norfolk,VA,11783,United States,2026-05-26,Consumer
CUST-11859,Sean Romero,sean.romero420@gmail.com,+1-538-253-7444,3974 Main St,Toledo,OH,77755,United States,2026-05-19,Consumer
CUST-11860,John Patel,john.patel918@yahoo.com,+1-862-848-8027,4457 Main St,Springfield,IL,79586,United States,2026-03-02,Consumer
CUST-11861,John Parker,john.parker70@icloud.com,+1-854-229-3345,6077 Maple Rd,Baltimore,MD,31614,United States,2026-03-03,Consumer
CUST-11862,Kenneth Phillips,kenneth.phillips488@proton.me,+1-436-314-4058,6529 Main St,Shreveport,LA,84504,United States,2023-11-01,Consumer
CUST-11863,Nathan Lopez,nathan.lopez949@bizmail.io,+1-502-877-6270,4323 Pine St,Broken Arrow,OK,55720,United States,2025-09-01,Small Business
CUST-11864,Emily Lopez,emily.lopez298@hotmail.com,+1-537-430-9418,1583 Oak Ave,Ann Arbor,MI,89295,United States,2024-08-16,Consumer
CUST-11865,Donald Harrison,donald.harrison226@hotmail.com,+1-489-980-6409,6623 Washington Ave,Chesapeake,VA,79388,United States,2024-03-25,Consumer
CUST-11866,Beverly Patel,beverly.patel516@gmail.com,+1-522-916-7674,6324 Main St,Jacksonville,FL,90809,United States,2025-07-30,Consumer
CUST-11867,Anthony Butler,anthony.butler41@bizmail.io,+1-210-503-8354,2627 Washington Ave,Ann Arbor,MI,65450,United States,2025-08-19,Small Business
CUST-11868,Kimberly Gomez,kimberly.gomez526@proton.me,+1-227-272-7135,3361 Broadway,Louisville,KY,57968,United States,2024-06-07,Consumer
CUST-11869,Marilyn Silva,marilyn.silva333@corporate.com,+1-255-555-9627,7309 Highland Dr,Chandler,AZ,22306,United States,2025-11-28,Consumer
CUST-11870,Shirley Cox,shirley.cox344@hotmail.com,+1-652-780-5347,1027 Lakeview Ave,Cleveland,OH,87428,United States,2025-12-29,Consumer
CUST-11871,Louis Sanders,louis.sanders721@bizmail.io,+1-797-255-6231,7640 Oak Ave,Tallahassee,FL,51926,United States,2025-03-20,Consumer
CUST-11872,Bobby Snyder,bobby.snyder417@corporate.com,+1-961-507-7629,9614 Cedar Blvd,Lakewood,CO,79667,United States,2023-06-22,Consumer
CUST-11873,Ashley Fernandez,ashley.fernandez516@hotmail.com,+1-842-886-8536,6587 Sunset Way,Cincinnati,OH,89596,United States,2025-02-04,Small Business
CUST-11874,Lauren Gonzalez,lauren.gonzalez877@bizmail.io,+1-948-290-9881,4447 Cedar Blvd,Athens,GA,72687,United States,2025-05-16,Corporate
CUST-11875,Margaret Washington,margaret.washington378@corporate.com,+1-700-447-4555,3207 Maple Rd,Philadelphia,PA,89098,United States,2025-05-16,Consumer
CUST-11876,Ethan Diaz,ethan.diaz306@hotmail.com,+1-240-390-3185,5378 Cedar Blvd,Akron,OH,63067,United States,2025-09-01,Corporate
CUST-11877,Christina Long,christina.long494@icloud.com,+1-836-926-3612,3767 Lakeview Ave,Raleigh,NC,67579,United States,2025-05-14,Consumer
CUST-11878,Andrew Lopez,andrew.lopez32@yahoo.com,+1-457-905-1002,1169 Washington Ave,Athens,GA,33902,United States,2025-08-25,Consumer
CUST-11879,Brian Medina,brian.medina994@hotmail.com,+1-706-875-2156,9782 Sunset Way,Grand Rapids,MI,37842,United States,2024-11-06,Consumer
CUST-11880,Alan Moreno,alan.moreno346@hotmail.com,+1-906-550-3078,6473 Main St,Eugene,OR,21023,United States,2024-07-22,Small Business
CUST-11881,Victoria Kennedy,victoria.kennedy137@gmail.com,+1-203-933-7444,4758 Cedar Blvd,Akron,OH,38984,United States,2026-01-09,Consumer
CUST-11882,Bradley Gonzales,bradley.gonzales470@bizmail.io,+1-678-423-4338,1335 Washington Ave,West Valley City,UT,74587,United States,2025-07-27,Corporate
CUST-11883,William Jenkins,william.jenkins38@bizmail.io,+1-203-412-6922,957 Cedar Blvd,Provo,UT,,United States,2024-02-29,Consumer
CUST-11884,Madison Watson,madison.watson148@hotmail.com,+1-286-945-1615,7848 Lakeview Ave,RACINE,WI,49876,United States,2025-06-18,Consumer
CUST-11885,Helen Jones,helen.jones181@corporate.com,+1-664-630-3256,6182 Highland Dr,Knoxville,TN,76366,United States,2023-12-24,Small Business
CUST-11886,Nathan Green,nathan.green733@corporate.com,+1-395-720-6846,6711 Pine St,Portland,OR,42127,United States,2026-05-03,Small Business
CUST-11887,Larry Wells,larry.wells507@icloud.com,+1-306-735-4564,9718 Lakeview Ave,Greensboro,NC,87989,United States,2023-11-26,Corporate
CUST-11888,Isabella Vargas,isabella.vargas818@yahoo.com,+1-463-813-9291,7100 Main St,North Charleston,SC,88401,United States,2023-05-18,Consumer
CUST-11889,Benjamin Watson,benjamin.watson729@icloud.com,+1-346-626-8151,4959 Cedar Blvd,Norman,OK,88278,United States,2026-05-02,Consumer
CUST-11890,Janice Rogers,janice.rogers170@yahoo.com,+1-876-306-6399,4823 Sunset Way,Orlando,FL,23217,United States,2024-04-11,Small Business
CUST-11891,Robert Johnson,robert.johnson457@outlook.com,+1-340-397-9700,5083 Park Blvd,Scranton,PA,69038,United States,2026-01-02,Consumer
CUST-11892,Julia Adams,julia.adams722@bizmail.io,+1-265-725-9211,8723 Maple Rd,Vancouver,WA,76062,United States,2024-07-02,Small Business
CUST-11893,Kelly Stevens,kelly.stevens347@hotmail.com,+1-269-597-9555,910 Washington Ave,Fort Collins,CO,17577,United States,2023-05-09,Consumer
CUST-11894,Stephanie Rogers,stephanie.rogers775@hotmail.com,+1-600-225-6317,8542 Washington Ave,Tacoma,WA,71281,United States,2024-05-04,Consumer
CUST-11895,Teresa Jimenez,teresa.jimenez13@bizmail.io,+1-357-406-7471,2055 Main St,WATERBURY,CT,41646,United States,2025-05-02,Corporate
CUST-11896,Adam Perez,adam.perez111@corporate.com,+1-530-564-6220,7466 Broadway,Spokane,WA,10971,United States,2024-04-05,Consumer
CUST-11897,Gregory Bryant,gregory.bryant345@proton.me,+1-705-560-2636,2920 Pine St,North Las Vegas,NV,52267,United States,2023-06-26,Consumer
CUST-11898,Mary Wilson,mary.wilson543@corporate.com,+1-743-335-5770,1041 Elm St,South Bend,IN,54247,United States,2024-03-31,Consumer
CUST-11899,Shirley Wood,shirley.wood892@hotmail.com,+1-466-270-9393,9745 Highland Dr,Aurora,IL,43644,United States,2025-10-25,Consumer
CUST-11900,Andrew Phillips,andrew.phillips446@gmail.com,+1-724-994-4823,5314 Park Blvd,South Bend,IN,80046,United States,2025-04-14,Corporate
CUST-11901,Kelly Garcia,kelly.garcia913@hotmail.com,+1-474-357-4476,8499 Broadway,Tucson,AZ,15974,United States,2025-01-14,Consumer
CUST-11902,Danielle Bennett,danielle.bennett238@gmail.com,+1-823-995-5554,1233 Cedar Blvd,Independence,MO,80080,United States,2026-02-21,Consumer
CUST-11903,Sara Gonzales,sara.gonzales620@bizmail.io,+1-789-698-3210,4568 Elm St,Hillsboro,OR,72341,United States,2026-01-16,Small Business
CUST-11904,Mark Turner,mark.turner549@gmail.com,+1-505-525-1692,7702 Cedar Blvd,Bellevue,WA,45428,United States,2024-05-19,Consumer
CUST-11905,Philip Cole,philip.cole339@bizmail.io,+1-855-854-4649,9488 Pine St,Indianapolis,IN,85109,United States,2024-09-26,Consumer
CUST-11906,Sara Gordon,sara.gordon452@gmail.com,+1-372-934-5111,4528 Maple Rd,Buffalo,NY,96227,United States,2023-05-04,Consumer
CUST-11907,Barbara Reyes,barbara.reyes791@outlook.com,+1-540-733-5593,387 Park Blvd,Newport News,VA,88704,United States,2025-11-28,Consumer
CUST-11908,David Collins,david.collins480@bizmail.io,+1-492-745-8156,7641 Elm St,Gaithersburg,MD,97161,United States,2025-11-15,Consumer
CUST-11909,Sandra Richardson,sandra.richardson940@outlook.com,+1-406-203-9206,8652 Lakeview Ave,South Bend,IN,45036,United States,2026-01-15,Consumer
CUST-11910,Bruce Aguilar,bruce.aguilar118@corporate.com,+1-362-450-4600,2857 Washington Ave,Greenville,SC,46235,United States,2024-03-11,Consumer
CUST-11911,Eugene Harrison,eugene.harrison179@bizmail.io,+1-630-692-5792,8559 Cedar Blvd,Greenville,SC,46693,United States,2024-04-20,Consumer
CUST-11912,Deborah Smith,deborah.smith228@yahoo.com,+1-580-294-9677,1579 Park Blvd,Spokane,WA,87379,United States,2024-04-05,Consumer
CUST-11913,Kayla Nguyen,kayla.nguyen586@hotmail.com,+1-624-837-9990,9827 Main St,Eugene,OR,54549,United States,2024-04-10,Small Business
CUST-11914,Jacob Wright,jacob.wright679@bizmail.io,+1-321-661-9234,9590 Main St,Birmingham,AL,38844,United States,2023-11-01,Small Business
CUST-11915,Ryan Reynolds,ryan.reynolds333@hotmail.com,+1-931-755-8340,1011 Broadway,Albany,NY,66152,United States,2026-02-05,Corporate
CUST-11916,Lauren Romero,lauren.romero652@bizmail.io,+1-630-708-6143,5242 Cedar Blvd,North Charleston,SC,19253,United States,2024-08-08,Consumer
CUST-11917,Frances Marshall,frances.marshall483@yahoo.com,+1-561-797-2061,5349 Park Blvd,Gresham,OR,37542,United States,2026-03-11,Consumer
CUST-11918,Nicole Patel,nicole.patel424@icloud.com,,7362 Washington Ave,Kenosha,WI,31973,United States,2023-07-22,Consumer
CUST-11919,Michelle Jones,michelle.jones253@corporate.com,+1-897-311-3955,1976 Broadway,Seattle,WA,29783,United States,2023-09-24,Corporate
CUST-11920,Abigail Bennett,abigail.bennett168@corporate.com,+1-871-980-2610,8468 Maple Rd,Independence,MO,,United States,2025-12-02,Corporate
CUST-11921,Judith Johnson,judith.johnson904@yahoo.com,+1-248-665-3161,3695 Park Blvd,Bellevue,WA,14803,United States,2024-02-29,Corporate
CUST-11922,Andrew Jimenez,andrew.jimenez291@corporate.com,+1-877-511-8440,857 Cedar Blvd,madison,WI,39347,United States,2023-04-24,Corporate
CUST-11923,Christina Ellis,christina.ellis205@proton.me,+1-562-907-8308,317 Park Blvd,Edmond,OK,39528,United States,2024-02-04,Consumer
CUST-11924,Johnny Baker,johnny.baker358@gmail.com,+1-897-986-6214,7308 Broadway,Tampa,FL,53158,United States,2025-03-11,Small Business
CUST-11925,Bruce White,bruce.white701@icloud.com,+1-728-480-5590,4415 Main St,Clarksville,TN,89102,United States,2023-06-22,Consumer
CUST-11926,Jacqueline Turner,jacqueline.turner325@bizmail.io,+1-252-867-2677,2596 Cedar Blvd,Dallas,TX,18374,United States,2025-10-29,Small Business
CUST-11927,Richard Gomez,richard.gomez342@corporate.com,+1-995-746-2223,713 Highland Dr,Columbia,MO,24920,United States,2024-03-02,Consumer
CUST-11928,Kelly Porter,kelly.porter247@hotmail.com,+1-996-842-5374,5951 Washington Ave,Kansas City,MO,28628,United States,2023-11-29,Consumer
CUST-11929,Joan Vargas,joan.vargas753@corporate.com,+1-505-222-2087,7177 Cedar Blvd,San Francisco,CA,65477,United States,2024-10-08,Small Business
CUST-11930,Ethan Parker,ethan.parker373@bizmail.io,+1-574-663-3624,9953 Lakeview Ave,Fort Wayne,IN,25600,United States,2023-08-14,Consumer
CUST-11931,Cynthia Clark,cynthia.clark737@gmail.com,+1-339-778-2453,5530 Sunset Way,Bellevue,WA,37312,United States,2023-07-24,Consumer
CUST-11932,Nicole Snyder,nicole.snyder189@hotmail.com,+1-292-584-7108,1230 Sunset Way,Salem,OR,39706,United States,2025-06-30,Consumer
CUST-11933,Jacqueline Murphy,jacqueline.murphy979@bizmail.io,+1-412-507-5778,6396 Park Blvd,Owensboro,KY,13141,United States,2023-12-27,Corporate
CUST-11934,Vincent Young,vincent.young567@hotmail.com,+1-865-284-8979,4486 Lakeview Ave,Tuscaloosa,AL,56758,United States,2024-06-23,Small Business
CUST-11935,  Sandra Henderson  ,sandra.henderson23@outlook.com,+1-369-278-9415,1640 Washington Ave,Boston,MA,54128,United States,2026-01-21,Consumer
CUST-11936,Brenda Sanchez,brenda.sanchez693@bizmail.io,+1-595-915-1959,9779 Pine St,Bowling Green,KY,45842,United States,2025-02-19,Corporate
CUST-11937,Jeremy Jordan,jeremy.jordan615@outlook.com,+1-748-614-5728,4054 Cedar Blvd,Fresno,CA,,United States,2024-10-19,Corporate
CUST-11938,Joshua Henderson,joshua.henderson753@corporate.com,+1-924-391-2909,9239 Cedar Blvd,Salt Lake City,UT,85384,United States,2024-06-18,Consumer
CUST-11939,Ashley Guzman,ashley.guzman985@yahoo.com,+1-201-342-6135,6557 Cedar Blvd,Chandler,AZ,67082,United States,2024-04-18,Consumer
CUST-11940,William Wright,william.wright285@gmail.com,+1-274-413-8171,7036 Sunset Way,Springfield,IL,38859,United States,2025-09-11,Consumer
CUST-11941,Catherine Porter,catherine.porter639@yahoo.com,+1-535-353-5987,4623 Washington Ave,Jacksonville,FL,69289,United States,2026-04-28,Consumer
CUST-11942,Madison Nelson,madison.nelson478@hotmail.com,+1-604-569-8115,5132 Maple Rd,Columbus,GA,18213,United States,2025-03-25,Corporate
CUST-11943,Susan Lewis,susan.lewis779@outlook.com,+1-588-423-2089,9399 Highland Dr,Spokane,WA,74174,United States,2023-05-02,Corporate
CUST-11944,Bruce Ross,bruce.ross664@outlook.com,+1-697-901-8187,6254 Pine St,Newport News,VA,30702,United States,2024-07-15,Corporate
CUST-11945,Barbara Miller,barbara.miller12@outlook.com,+1-960-542-6624,1141 Lakeview Ave,Orem,UT,52385,United States,2025-03-14,Corporate
CUST-11946,Helen Kelly,helen.kelly502@outlook.com,+1-384-746-9780,3846 Highland Dr,Waterbury,CT,62341,United States,2024-12-24,Consumer
CUST-11947,Kathleen Reyes,kathleen.reyes397@yahoo.com,+1-582-903-8900,4890 Highland Dr,Greensboro,NC,46174,United States,2026-01-16,Corporate
CUST-11948,Lisa Robinson,lisa.robinson548@bizmail.io,,1140 Maple Rd,Greenville,SC,70029,United States,2024-12-14,Corporate
CUST-11949,Patricia Chen,patricia.chen517@corporate.com,+1-635-297-9418,3283 Main St,Grand Rapids,MI,67778,United States,2024-08-10,Consumer
CUST-11950,Keith Wilson,keith.wilson501@icloud.com,+1-287-519-4377,9640 Oak Ave,Tallahassee,FL,80243,United States,2026-01-29,Consumer
CUST-11951,Nicholas Collins,nicholas.collins184@yahoo.com,+1-215-697-9986,1371 Sunset Way,CLARKSVILLE,TN,64074,United States,2023-12-26,Consumer
CUST-11952,Abigail Stevens,abigail.stevens348@bizmail.io,+1-254-616-9977,137 Maple Rd,Mesa,AZ,26891,United States,2024-08-14,Corporate
CUST-11953,Gabriel Gomez,gabriel.gomez974@hotmail.com,+1-383-923-4214,300 Washington Ave,Salt Lake City,UT,58796,United States,2025-01-16,Consumer
CUST-11954,Susan Mitchell,susan.mitchell717@proton.me,+1-912-219-6348,2362 Maple Rd,Mesa,AZ,94807,United States,2023-08-07,Consumer
CUST-11955,Justin Flores,justin.flores47@yahoo.com,+1-522-277-5195,5338 Lakeview Ave,Vancouver,WA,72966,United States,2026-04-06,Consumer
CUST-11956,Matthew Perry,matthew.perry879@outlook.com,+1-331-338-3238,4652 Main St,New Haven,CT,36975,United States,2024-01-13,Consumer
CUST-11957,Jesse King,jesse.king391@corporate.com,+1-343-870-1451,1666 Broadway,Saint Paul,MN,16185,United States,2025-05-19,Corporate
CUST-11958,Karen Robinson,karen.robinson224@icloud.com,+1-789-303-4152,3832 Broadway,Winston-Salem,NC,50205,United States,2025-04-01,Consumer
CUST-11959,Dennis Robinson,dennis.robinson270@proton.me,+1-621-895-5641,5560 Maple Rd,Pittsburgh,PA,88342,United States,2025-03-18,Consumer
CUST-11960,Aaron Kim,aaron.kim822@gmail.com,+1-377-470-9388,7145 Washington Ave,Kenosha,WI,66124,United States,2024-09-28,Consumer
CUST-11961,Susan Chen,susan.chen661@bizmail.io,+1-840-448-5533,9485 Sunset Way,Macon,GA,69482,United States,2024-05-31,Consumer
CUST-11962,Doris Reynolds,doris.reynolds352@outlook.com,+1-592-613-7077,5547 Highland Dr,Richmond,VA,22073,United States,2025-02-10,Corporate
CUST-11963,Rose Jimenez,rose.jimenez533@gmail.com,+1-834-626-7823,5017 Oak Ave,Norfolk,VA,93831,United States,2025-07-13,Consumer
CUST-11964,Jack Cruz,jack.cruz173@hotmail.com,+1-652-996-5436,6552 Washington Ave,Bellevue,WA,58610,United States,2025-01-06,Corporate
CUST-11965,Alexander Turner,alexander.turner790@proton.me,+1-965-455-3524,4845 Cedar Blvd,Gaithersburg,MD,26683,United States,2023-04-08,Corporate
CUST-11966,Maria Hayes,maria.hayes496@yahoo.com,+1-360-856-8498,6954 Cedar Blvd,Detroit,MI,54401,United States,2025-07-27,Corporate
CUST-11967,Laura Chavez,laura.chavez430@proton.me,+1-712-967-8031,4136 Broadway,Dayton,OH,47567,United States,2024-11-22,Consumer
CUST-11968,Margaret Powell,margaret.powell491@icloud.com,+1-830-823-9951,1364 Washington Ave,Naperville,IL,84122,United States,2023-05-25,Consumer
CUST-11969,Alan Herrera,alan.herrera681@icloud.com,+1-911-672-2448,578 Cedar Blvd,Jacksonville,FL,77537,United States,2025-12-12,Consumer
CUST-11970,Joan King,joan.king803@gmail.com,+1-297-480-9786,7040 Park Blvd,Yonkers,NY,31764,United States,2024-04-14,Small Business
CUST-11971,Robert Mcdonald,robert.mcdonald222@yahoo.com,+1-334-325-5677,6624 Cedar Blvd,Tacoma,WA,85214,United States,2025-08-18,Consumer
CUST-11972,Alexis Simmons,alexis.simmons294@outlook.com,+1-966-792-3694,6466 Lakeview Ave,Allentown,PA,94206,United States,2024-03-10,Consumer
CUST-11973,Timothy Carter,timothy.carter891@hotmail.com,+1-211-420-7478,9482 Pine St,Worcester,MA,86687,United States,2025-10-21,Consumer
CUST-11974,Logan Lewis,logan.lewis745@hotmail.com,+1-780-671-2448,6817 Park Blvd,Fort Collins,CO,,United States,2025-05-25,Small Business
CUST-11975,Juan Harrison,juan.harrison624@yahoo.com,+1-233-307-7383,1860 Maple Rd,Cincinnati,OH,38924,United States,2025-02-26,Consumer
CUST-11976,Linda Robinson,linda.robinson626@hotmail.com,+1-948-799-1555,1432 Cedar Blvd,Baton Rouge,LA,84407,United States,2024-03-01,Consumer
CUST-11977,Helen Parker,helen.parker682@icloud.com,+1-902-480-9740,1744 Pine St,West Jordan,UT,73180,United States,2023-09-29,Consumer
CUST-11978,Wayne Ortiz,wayne.ortiz895@corporate.com,+1-705-814-4547,717 Oak Ave,Huntsville,AL,19326,United States,2025-12-01,Small Business
CUST-11979,Lisa Clark,lisa.clark680@yahoo.com,+1-990-225-1779,5204 Broadway,San Diego,CA,85804,United States,2024-03-02,Corporate
CUST-11980,Elizabeth Hill,elizabeth.hill958@yahoo.com,+1-613-757-1540,1285 Highland Dr,Columbia,MO,64656,United States,2023-06-12,Consumer
CUST-11981,  Andrew Young  ,andrew.young319@hotmail.com,+1-359-261-4432,5330 Cedar Blvd,Winston-Salem,NC,53139,United States,2025-04-16,Consumer
CUST-11982,Ethan Washington,ethan.washington220@corporate.com,+1-260-281-6307,7973 Oak Ave,Clarksville,TN,23066,United States,2025-11-16,Corporate
CUST-11983,Harold Robinson,harold.robinson606@hotmail.com,+1-216-338-5971,7701 Broadway,New Haven,CT,22813,United States,2025-04-10,Corporate
CUST-11984,Hannah Mcdonald,hannah.mcdonald145@bizmail.io,+1-847-506-6195,2339 Park Blvd,Detroit,MI,25627,United States,2025-12-02,Small Business
CUST-11985,Alice Diaz,alice.diaz512@corporate.com,+1-501-638-4072,1275 Cedar Blvd,Clarksville,TN,58300,United States,2023-12-20,Consumer
CUST-11986,Elizabeth Shaw,elizabeth.shaw683@corporate.com,+1-325-791-5690,2874 Cedar Blvd,Ann Arbor,MI,24575,United States,2023-08-13,Consumer
CUST-11987,Larry Gonzalez,larry.gonzalez952@proton.me,+1-423-539-1842,6833 Highland Dr,Columbia,SC,20800,United States,2025-12-27,Consumer
CUST-11988,Melissa Jimenez,melissa.jimenez843@proton.me,+1-545-371-6294,2975 Broadway,Scottsdale,AZ,43196,United States,2026-01-15,Consumer
CUST-11989,Karen Smith,karen.smith508@yahoo.com,+1-924-677-9893,9884 Lakeview Ave,Aurora,CO,47092,United States,2025-08-20,Consumer
CUST-11990,Catherine Barnes,catherine.barnes593@icloud.com,+1-259-231-7049,1836 Highland Dr,Green Bay,WI,76412,United States,2024-03-23,Small Business
CUST-11991,Debra Gonzales,debra.gonzales384@proton.me,+1-996-716-5853,2486 Maple Rd,Richmond,VA,37290,United States,2023-11-19,Consumer
CUST-11992,Peter Flores,peter.flores380@corporate.com,+1-575-226-5243,6371 Main St,Spokane,WA,95643,United States,2024-03-24,Consumer
CUST-11993,Nancy Ramos,nancy.ramos848@corporate.com,+1-721-863-7897,3049 Pine St,Orlando,FL,10667,United States,2024-11-15,Consumer
CUST-11994,Olivia Clark,olivia.clark428@gmail.com,,8060 Maple Rd,Fresno,CA,63982,United States,2026-05-21,Consumer
CUST-11995,Jose Baker,jose.baker369@outlook.com,+1-343-434-3340,9147 Maple Rd,Indianapolis,IN,25953,United States,2025-05-03,Consumer
CUST-11996,Larry Brown,larry.brown897@outlook.com,,9783 Highland Dr,Durham,NC,52826,United States,2023-05-30,Consumer
CUST-11997,Lisa Martinez,lisa.martinez831@yahoo.com,+1-433-581-2667,1991 Cedar Blvd,Durham,NC,,United States,2023-04-22,Consumer
CUST-11998,Bradley Watson,bradley.watson178@outlook.com,+1-207-647-5739,2027 Broadway,Elizabeth,NJ,29086,United States,2025-04-29,Corporate
CUST-11999,Judith Mcdonald,judith.mcdonald256@gmail.com,+1-330-753-1281,1292 Main St,Kenosha,WI,78706,United States,2026-03-09,Corporate
CUST-12000,Brenda James,brenda.james350@outlook.com,+1-980-722-2566,4403 Pine St,Detroit,MI,90381,United States,2025-01-20,Consumer
CUST-12001,Peter Kelly,peter.kelly97@icloud.com,+1-223-594-4637,5741 Park Blvd,Kansas City,MO,32975,United States,2025-09-10,Small Business
CUST-12002,Sophia Miller,sophia.miller801@yahoo.com,+1-883-349-2594,3735 Broadway,Lowell,MA,86701,United States,2025-02-20,Consumer
CUST-12003,Olivia Cook,olivia.cook599@gmail.com,+1-526-539-6294,5743 Park Blvd,Gresham,OR,88153,United States,2025-01-26,Corporate
CUST-12004,Brandon Garcia,brandon.garcia599@gmail.com,+1-629-817-8043,9380 Broadway,Shreveport,LA,34454,United States,2023-05-12,Consumer
CUST-12005,Michelle Aguilar,michelle.aguilar78@gmail.com,+1-597-539-7887,7631 Cedar Blvd,Phoenix,AZ,59448,United States,2023-05-15,Consumer
CUST-12006,Janet Simmons,janet.simmons157@bizmail.io,+1-624-295-4648,6952 Broadway,Austin,TX,51726,United States,2026-03-04,Consumer
CUST-12007,Gloria Anderson,gloria.anderson30@hotmail.com,+1-399-690-7528,2733 Broadway,Norfolk,VA,93233,United States,2025-08-18,Consumer
CUST-12008,Jonathan Cox,jonathan.cox340@gmail.com,+1-744-488-4017,4038 Lakeview Ave,Lafayette,LA,33638,United States,2023-11-02,Consumer
CUST-12009,Jason Cox,jason.cox91@bizmail.io,+1-926-329-6043,1912 Lakeview Ave,Los Angeles,CA,45901,United States,2023-07-17,Consumer
CUST-12010,Heather Guzman,heather.guzman332@bizmail.io,+1-488-798-1471,6394 Maple Rd,Trenton,NJ,54307,United States,2025-10-22,Corporate
CUST-12011,Dennis Brown,dennis.brown473@gmail.com,+1-444-981-4488,3731 Broadway,Raleigh,NC,58355,United States,2025-07-03,Consumer
CUST-12012,Alan Guzman,alan.guzman878@yahoo.com,+1-529-855-9811,2382 Sunset Way,norfolk,VA,39129,United States,2024-10-12,Consumer
CUST-12013,Emily Burns,emily.burns624@yahoo.com,+1-653-361-2625,8052 Pine St,Spokane,WA,90902,United States,2023-12-22,Small Business
CUST-12014,Kimberly Miller,kimberly.miller564@outlook.com,+1-322-567-4944,9772 Maple Rd,Austin,TX,70818,United States,2024-09-20,Corporate
CUST-12015,Rebecca Griffin,rebecca.griffin849@proton.me,+1-969-233-4529,2084 Cedar Blvd,Spokane,WA,26541,United States,2026-05-21,Consumer
CUST-12016,Nicole Ford,nicole.ford56@corporate.com,+1-297-887-1798,1840 Highland Dr,San Francisco,CA,29821,United States,2024-05-28,Consumer
CUST-12017,Janet Porter,janet.porter96@gmail.com,+1-202-259-1355,3111 Lakeview Ave,Clarksville,TN,73860,United States,2025-02-23,Consumer
CUST-12018,Margaret Long,margaret.long742@hotmail.com,+1-916-704-2048,8523 Lakeview Ave,Allentown,PA,59358,United States,2025-08-05,Consumer
CUST-12019,Emma Smith,emma.smith242@gmail.com,+1-492-998-6638,3658 Maple Rd,Bowie,MD,28694,United States,2023-11-23,Corporate
CUST-12020,Jerry Dixon,jerry.dixon301@proton.me,+1-585-496-8226,4817 Cedar Blvd,Lowell,MA,19891,United States,2023-10-15,Consumer
CUST-12021,Donald Simpson,donald.simpson703@yahoo.com,+1-282-886-8395,8274 Washington Ave,Reno,NV,35665,United States,2024-10-03,Small Business
CUST-12022,Debra Anderson,debra.anderson673@corporate.com,+1-268-328-1434,9528 Maple Rd,Scranton,PA,71725,United States,2024-06-25,Consumer
CUST-12023,Judy Chavez,judy.chavez688@yahoo.com,+1-938-839-1980,2653 Maple Rd,Kansas City,MO,63317,United States,2023-09-28,Consumer
CUST-12024,Tyler Wallace,tyler.wallace405@bizmail.io,+1-847-637-4350,5593 Cedar Blvd,Bloomington,MN,13151,United States,2023-05-07,Consumer
CUST-12025,Jeremy Young,jeremy.young83@outlook.com,+1-587-851-9467,4760 Broadway,Newport News,VA,30357,United States,2023-05-23,Consumer
CUST-12026,Megan Perez,megan.perez329@icloud.com,+1-222-241-1473,4111 Park Blvd,Grand Rapids,MI,89465,United States,2025-12-12,Corporate
CUST-12027,Gary Kennedy,gary.kennedy729@yahoo.com,+1-412-346-5254,7265 Elm St,Frederick,MD,41888,United States,2023-05-26,Consumer
CUST-12028,  Ruth Ross  ,ruth.ross740@hotmail.com,+1-305-702-4304,8241 Washington Ave,Joliet,IL,80172,United States,2025-03-30,Consumer
CUST-12029,Debra Turner,debra.turner110@hotmail.com,+1-883-231-7354,5885 Maple Rd,Chicago,IL,22353,United States,2023-06-24,Corporate
CUST-12030,Melissa Gonzales,melissa.gonzales75@outlook.com,+1-699-387-5581,5276 Elm St,Tulsa,OK,58339,United States,2023-12-02,Consumer
CUST-12031,Amy Cole,amy.cole962@corporate.com,+1-828-680-7729,4362 Sunset Way,Bloomington,MN,51158,United States,2024-05-13,Consumer
CUST-12032,Joyce Green,joyce.green735@proton.me,,6764 Broadway,Winston-Salem,NC,47745,United States,2025-06-28,Consumer
CUST-12033,Virginia Henry,virginia.henry402@proton.me,+1-312-346-1888,7009 Maple Rd,Gaithersburg,MD,52859,United States,2025-09-08,Corporate
CUST-12034,Randy Hayes,randy.hayes729@gmail.com,+1-828-651-4530,4317 Broadway,Madison,WI,51887,United States,2025-05-29,Corporate
CUST-12035,Charles King,charles.king390@gmail.com,+1-390-350-4209,4895 Park Blvd,Sterling Heights,MI,96080,United States,2025-10-18,Consumer
CUST-12036,Wayne Johnson,wayne.johnson750@bizmail.io,+1-340-582-2904,8615 Pine St,provo,UT,74585,United States,2024-10-21,Consumer
CUST-12037,Ryan Dixon,ryan.dixon473@outlook.com,+1-992-448-4163,7386 Broadway,Chicago,IL,48352,United States,2023-06-12,Corporate
CUST-12038,Joseph Kennedy,joseph.kennedy509@corporate.com,+1-984-947-8295,292 Washington Ave,Newark,NJ,61735,United States,2024-11-25,Consumer
CUST-12039,Amber Scott,amber.scott125@yahoo.com,+1-341-355-1443,902 Lakeview Ave,Tucson,AZ,10569,United States,2023-07-01,Consumer
CUST-12040,Jonathan Allen,jonathan.allen218@icloud.com,,7495 Broadway,Eugene,OR,81190,United States,2024-03-28,Consumer
CUST-12041,Christian Nelson,christian.nelson751@yahoo.com,+1-914-411-7245,242 Elm St,Kenosha,WI,75374,United States,2023-05-21,Consumer
CUST-12042,Brenda Fisher,brenda.fisher949@corporate.com,+1-486-781-1851,1963 Cedar Blvd,Sacramento,CA,58558,United States,2025-09-01,Consumer
CUST-12043,Rose White,rose.white61@gmail.com,+1-279-310-6436,4880 Washington Ave,West Valley City,UT,59047,United States,2023-04-03,Consumer
CUST-12044,Martha Snyder,martha.snyder984@gmail.com,+1-492-461-2116,1103 Pine St,Kansas City,MO,38408,United States,2026-01-29,Consumer
CUST-12045,Rachel Russell,rachel.russell87@icloud.com,+1-538-395-9559,1788 Pine St,Waterbury,CT,54555,United States,2024-04-03,Consumer
CUST-12046,Emma Alexander,emma.alexander211@gmail.com,+1-839-854-1196,1789 Washington Ave,Newport News,VA,16545,United States,2024-08-15,Consumer
CUST-12047,Larry Romero,larry.romero278@gmail.com,+1-293-822-1609,2635 Park Blvd,Chattanooga,TN,81947,United States,2025-10-18,Corporate
CUST-12048,Diane Crawford,diane.crawford730@icloud.com,+1-695-918-2684,7242 Oak Ave,Greenville,SC,94651,United States,2023-06-17,Consumer
CUST-12049,Maria Henderson,maria.henderson592@bizmail.io,+1-594-649-6836,9588 Lakeview Ave,Phoenix,AZ,21165,United States,2023-07-07,Corporate
CUST-12050,Ronald Green,ronald.green746@proton.me,+1-228-540-9786,3497 Elm St,Austin,TX,15463,United States,2024-02-04,Consumer
CUST-12051,Carl Moore,carl.moore732@outlook.com,+1-758-578-5045,6075 Cedar Blvd,Mesa,AZ,67636,United States,2024-06-18,Small Business
CUST-12052,Janice Ellis,janice.ellis419@outlook.com,+1-296-679-8896,5591 Sunset Way,Grand Rapids,MI,60842,United States,2025-07-01,Consumer
CUST-12053,Carl Morgan,carl.morgan629@icloud.com,+1-204-995-4316,205 Maple Rd,Scottsdale,AZ,73553,United States,2024-01-11,Corporate
CUST-12054,Kenneth Hamilton,kenneth.hamilton616@icloud.com,+1-461-524-2140,6178 Lakeview Ave,Chattanooga,TN,66360,United States,2025-05-30,Corporate
CUST-12055,Steven Medina,steven.medina119@icloud.com,+1-204-757-8653,3220 Main St,Reno,NV,65898,United States,2024-05-02,Consumer
CUST-12056,Walter Allen,walter.allen578@outlook.com,+1-695-686-8686,7569 Lakeview Ave,Fort Collins,CO,39328,United States,2026-05-15,Small Business
CUST-12057,  Bobby Herrera  ,bobby.herrera719@bizmail.io,+1-868-716-7388,3350 Main St,Naperville,IL,26812,United States,2024-10-09,Corporate
CUST-12058,Olivia Perez,olivia.perez743@hotmail.com,+1-344-398-5836,4855 Park Blvd,Houston,TX,28554,United States,2025-08-05,Consumer
CUST-12059,Susan Hughes,susan.hughes106@corporate.com,+1-323-894-8778,1874 Washington Ave,Broken Arrow,OK,71558,United States,2023-09-14,Consumer
CUST-12060,Rachel Perry,rachel.perry313@gmail.com,+1-821-824-7187,8685 Cedar Blvd,Lafayette,LA,63309,United States,2024-02-27,Consumer
CUST-12061,Robert Jones,robert.jones977@outlook.com,+1-890-588-6972,3315 Park Blvd,Aurora,IL,46903,United States,2024-05-11,Consumer
CUST-12062,George Allen,george.allen259@gmail.com,+1-669-221-6928,4761 Park Blvd,Baltimore,MD,43865,United States,2025-12-02,Consumer
CUST-12063,Rose Robinson,rose.robinson94@proton.me,+1-238-963-2575,818 Oak Ave,Clarksville,TN,24980,United States,2024-07-15,Consumer
CUST-12064,Joshua Butler,joshua.butler147@corporate.com,+1-557-773-4423,4386 Park Blvd,Sacramento,CA,14285,United States,2026-05-13,Small Business
CUST-12065,Sean Evans,sean.evans522@icloud.com,+1-566-703-2462,9932 Maple Rd,Paterson,NJ,76532,United States,2025-03-06,Consumer
CUST-12066,Walter Kennedy,walter.kennedy258@corporate.com,+1-848-596-5647,4033 Maple Rd,Eugene,OR,60384,United States,2025-11-26,Consumer
CUST-12067,Harold Scott,harold.scott807@outlook.com,+1-517-602-9826,5557 Pine St,Mesa,AZ,29169,United States,2024-02-17,Corporate
CUST-12068,Kevin Bryant,kevin.bryant840@gmail.com,+1-905-952-3314,440 Sunset Way,detroit,MI,15163,United States,2025-09-10,Consumer
CUST-12069,Isabella Long,isabella.long34@proton.me,+1-486-413-3346,8218 Oak Ave,Newark,NJ,87231,United States,2026-04-26,Consumer
CUST-12070,Vincent Anderson,vincent.anderson875@icloud.com,+1-590-812-4289,310 Oak Ave,columbus,GA,65156,United States,2025-04-21,Small Business
CUST-12071,Susan Stevens,susan.stevens543@yahoo.com,+1-944-203-6074,8811 Main St,Fort Worth,TX,68113,United States,2025-02-05,Consumer
CUST-12072,Cynthia Bennett,cynthia.bennett911@outlook.com,+1-839-899-1828,3870 Main St,Dallas,TX,81271,United States,2024-11-07,Small Business
CUST-12073,Albert Simmons,albert.simmons798@corporate.com,+1-603-374-9745,505 Sunset Way,Phoenix,AZ,41777,United States,2024-01-28,Corporate
CUST-12074,Emily Silva,emily.silva883@hotmail.com,+1-998-669-5201,7603 Main St,Indianapolis,IN,55716,United States,2024-01-04,Corporate
CUST-12075,Jeffrey Jackson,jeffrey.jackson571@icloud.com,+1-890-998-5006,237 Highland Dr,Rochester,NY,99244,United States,2025-12-02,Consumer
CUST-12076,Bryan Romero,bryan.romero581@yahoo.com,+1-964-515-3292,7017 Highland Dr,Grand Rapids,MI,22407,United States,2023-08-04,Consumer
CUST-12077,Brittany Alvarez,brittany.alvarez841@bizmail.io,+1-637-690-2610,8440 Park Blvd,New Orleans,LA,63154,United States,2026-04-03,Consumer
CUST-12078,Steven Murray,steven.murray959@icloud.com,+1-642-757-9617,5957 Main St,Lexington,KY,63630,United States,2023-05-16,Consumer
CUST-12079,Bradley Shaw,bradley.shaw616@outlook.com,+1-388-635-8082,7226 Park Blvd,Cambridge,MA,32530,United States,2025-07-05,Consumer
CUST-12080,John Kennedy,john.kennedy982@corporate.com,+1-532-373-4068,9116 Broadway,Cambridge,MA,21223,United States,2025-04-28,Consumer
CUST-12081,Jacqueline Crawford,jacqueline.crawford607@icloud.com,+1-525-779-9772,1839 Maple Rd,Springfield,MA,86124,United States,2026-05-30,Consumer
CUST-12082,Ethan Graham,ethan.graham866@bizmail.io,+1-589-503-1408,9095 Cedar Blvd,Mesa,AZ,89070,United States,2025-07-24,Small Business
CUST-12083,Natalie Ford,natalie.ford950@hotmail.com,+1-327-991-8222,1891 Washington Ave,Newark,NJ,19494,United States,2026-04-11,Consumer
CUST-12084,Edward Wells,edward.wells990@proton.me,+1-605-559-2520,8855 Sunset Way,Henderson,NV,87362,United States,2026-01-08,Consumer
CUST-12085,Brandon Stevens,brandon.stevens379@gmail.com,+1-204-935-4008,4390 Pine St,New York,NY,95391,United States,2024-01-05,Consumer
CUST-12086,Hannah Romero,hannah.romero664@bizmail.io,,372 Maple Rd,Gresham,OR,55820,United States,2023-04-08,Consumer
CUST-12087,Anthony Hill,anthony.hill669@corporate.com,+1-840-236-9083,4609 Maple Rd,Denver,CO,18363,United States,2024-07-04,Consumer
CUST-12088,Aaron Snyder,aaron.snyder242@icloud.com,+1-617-819-4454,2050 Broadway,Aurora,IL,31240,United States,2024-06-25,Consumer
CUST-12089,David Brown,david.brown972@outlook.com,+1-467-376-7306,7038 Maple Rd,Colorado Springs,CO,12596,United States,2023-08-15,Consumer
CUST-12090,Kelly Sanders,kelly.sanders724@proton.me,+1-706-906-2507,4639 Pine St,Knoxville,TN,13261,United States,2025-01-27,Consumer
CUST-12091,Dylan Patel,dylan.patel60@corporate.com,+1-755-704-4412,6029 Broadway,Bloomington,MN,43516,United States,2024-02-16,Consumer
CUST-12092,Jeffrey Rogers,jeffrey.rogers399@corporate.com,+1-762-749-7862,5898 Sunset Way,Huntsville,AL,46790,United States,2024-07-24,Consumer
CUST-12093,Jonathan Gibson,jonathan.gibson769@icloud.com,+1-877-561-9962,7128 Broadway,Bowling Green,KY,83605,United States,2025-04-20,Consumer
CUST-12094,Harold Parker,harold.parker330@icloud.com,,7845 Elm St,Tacoma,WA,77840,United States,2023-12-24,Consumer
CUST-12095,Christian Crawford,christian.crawford428@icloud.com,+1-872-864-5125,5027 Cedar Blvd,Augusta,GA,95255,United States,2024-10-13,Corporate
CUST-12096,Dylan Gray,dylan.gray791@hotmail.com,+1-526-261-6917,622 Highland Dr,Rochester,NY,13116,United States,2023-05-31,Consumer
CUST-12097,Kyle Nelson,kyle.nelson297@outlook.com,+1-976-817-4213,9392 Main St,Yonkers,NY,35830,United States,2026-05-15,Consumer
CUST-12098,  Natalie Cole  ,natalie.cole286@proton.me,+1-882-843-1078,4059 Sunset Way,Edmond,OK,51252,United States,2025-08-14,Small Business
CUST-12099,Emily Bennett,emily.bennett49@outlook.com,+1-905-913-1079,5013 Elm St,Virginia Beach,VA,56445,United States,2023-04-12,Consumer
CUST-12100,Ann Harris,ann.harris915@yahoo.com,+1-342-675-5338,3909 Cedar Blvd,Cincinnati,OH,39750,United States,2024-08-31,Corporate
CUST-12101,Bobby James,bobby.james124@outlook.com,+1-444-872-6776,9538 Main St,El Paso,TX,23181,United States,2025-05-11,Consumer
CUST-12102,Aaron Alvarez,aaron.alvarez162@corporate.com,+1-891-589-4001,5735 Oak Ave,Hartford,CT,44628,United States,2025-05-18,Consumer
CUST-12103,Harold Edwards,harold.edwards368@proton.me,+1-499-550-2314,4352 Broadway,Akron,OH,98722,United States,2023-06-14,Corporate
CUST-12104,Bryan Gordon,bryan.gordon106@yahoo.com,+1-688-881-5987,5736 Elm St,Frederick,MD,52490,United States,2025-12-17,Consumer
CUST-12105,Wayne Patterson,wayne.patterson495@outlook.com,+1-756-310-7811,7565 Cedar Blvd,West Jordan,UT,27788,United States,2026-03-28,Consumer
CUST-12106,Matthew Scott,matthew.scott393@corporate.com,+1-936-939-3732,7069 Pine St,Rochester,MN,72341,United States,2025-12-05,Corporate
CUST-12107,Henry Davis,henry.davis533@bizmail.io,+1-601-363-1231,9752 Highland Dr,Winston-Salem,NC,25535,United States,2023-07-14,Small Business
CUST-12108,Cynthia Perez,cynthia.perez955@proton.me,+1-275-646-9094,1071 Pine St,Atlanta,GA,40785,United States,2023-12-30,Consumer
CUST-12109,Eugene Simpson,eugene.simpson730@corporate.com,+1-651-433-2637,2938 Cedar Blvd,Aurora,IL,98759,United States,2023-05-22,Consumer
CUST-12110,Bradley Murray,bradley.murray524@proton.me,+1-292-873-5780,2594 Main St,Indianapolis,IN,50445,United States,2023-04-19,Consumer
CUST-12111,Gary Perry,gary.perry158@outlook.com,+1-939-443-2754,4135 Pine St,Virginia Beach,VA,99066,United States,2024-09-29,Consumer
CUST-12112,Jack Simmons,jack.simmons634@yahoo.com,+1-312-935-6426,4897 Highland Dr,Worcester,MA,89479,United States,2024-04-16,Consumer
CUST-12113,Eric Roberts,eric.roberts316@icloud.com,+1-646-829-7103,3786 Oak Ave,Fort Wayne,IN,94790,United States,2025-12-08,Corporate
CUST-12114,Kenneth Chen,kenneth.chen667@yahoo.com,+1-528-216-7684,2509 Broadway,Nashville,TN,98893,United States,2023-09-14,Consumer
CUST-12115,Lauren Burns,lauren.burns941@bizmail.io,+1-418-365-9343,1927 Washington Ave,Tacoma,WA,18418,United States,2025-09-14,Consumer
CUST-12116,Louis Wilson,louis.wilson169@outlook.com,+1-300-807-5033,6605 Highland Dr,Memphis,TN,91074,United States,2023-08-04,Corporate
CUST-12117,Olivia Parker,olivia.parker801@gmail.com,+1-567-340-9418,7492 Park Blvd,Chandler,AZ,24930,United States,2023-10-31,Consumer
CUST-12118,Frank Tucker,frank.tucker270@hotmail.com,+1-525-252-1169,3009 Main St,Norfolk,VA,17402,United States,2025-12-17,Consumer
CUST-12119,Louis Aguilar,louis.aguilar637@gmail.com,+1-418-962-6073,5772 Main St,Columbia,MO,82738,United States,2025-01-17,Consumer
CUST-12120,Aaron Jordan,aaron.jordan807@gmail.com,+1-478-208-4370,4575 Washington Ave,Buffalo,NY,95009,United States,2024-03-10,Consumer
CUST-12121,Rachel Kim,rachel.kim817@corporate.com,+1-754-717-2577,831 Oak Ave,St. Louis,MO,41469,United States,2026-01-11,Corporate
CUST-12122,Logan King,logan.king902@proton.me,+1-302-449-5006,4700 Washington Ave,Philadelphia,PA,16352,United States,2023-11-29,Consumer
CUST-12123,Kenneth Hill,kenneth.hill683@outlook.com,+1-570-441-3847,616 Sunset Way,Orlando,FL,80178,United States,2026-05-26,Corporate
CUST-12124,Karen Jimenez,karen.jimenez430@icloud.com,+1-625-209-4892,8905 Highland Dr,Tallahassee,FL,93515,United States,2023-06-25,Consumer
CUST-12125,Willie Wallace,willie.wallace22@bizmail.io,+1-967-722-6017,8064 Washington Ave,mobile,AL,88673,United States,2025-01-14,Consumer
CUST-12126,Kimberly Lee,kimberly.lee999@bizmail.io,+1-209-667-2870,7205 Cedar Blvd,Charleston,SC,16600,United States,2024-12-21,Consumer
CUST-12127,Linda Munoz,linda.munoz116@outlook.com,+1-421-669-1105,8768 Elm St,Hillsboro,OR,52027,United States,2023-06-05,Consumer
CUST-12128,Kayla Chen,kayla.chen321@proton.me,+1-465-572-7886,7843 Maple Rd,Green Bay,WI,94224,United States,2025-12-18,Consumer
CUST-12129,Maria Robinson,maria.robinson90@icloud.com,+1-649-656-2905,8308 Sunset Way,Cambridge,MA,75341,United States,2025-05-15,Consumer
CUST-12130,Henry Morris,henry.morris769@corporate.com,+1-983-590-8219,9011 Cedar Blvd,Seattle,WA,27625,United States,2024-06-05,Small Business
CUST-12131,Harold Turner,harold.turner876@bizmail.io,+1-965-493-1762,2817 Lakeview Ave,Orlando,FL,81364,United States,2023-11-04,Consumer
CUST-12132,Marie Kelly,marie.kelly314@corporate.com,,7051 Cedar Blvd,Las Vegas,NV,49574,United States,2024-04-12,Corporate
CUST-12133,Juan Lewis,juan.lewis807@yahoo.com,+1-900-505-3852,1775 Elm St,Owensboro,KY,64538,United States,2026-01-05,Consumer
CUST-12134,Mark Guzman,mark.guzman918@corporate.com,+1-468-690-1445,4200 Washington Ave,Columbia,MO,37159,United States,2024-03-10,Consumer
CUST-12135,Austin Jimenez,austin.jimenez231@corporate.com,+1-764-772-4790,148 Main St,Hartford,CT,12863,United States,2023-07-21,Consumer
CUST-12136,Juan Burns,juan.burns793@proton.me,+1-790-385-3375,9829 Oak Ave,Spokane,WA,20322,United States,2025-02-19,Consumer
CUST-12137,Joseph Foster,joseph.foster75@gmail.com,+1-470-251-7178,2478 Highland Dr,Madison,WI,46721,United States,2024-07-25,Consumer
CUST-12138,Carol Allen,carol.allen137@icloud.com,+1-220-289-9789,1971 Park Blvd,Allentown,PA,72890,United States,2023-07-15,Consumer
CUST-12139,Aaron Dixon,aaron.dixon703@bizmail.io,+1-738-827-9530,4229 Highland Dr,Broken Arrow,OK,53865,United States,2026-02-11,Consumer
CUST-12140,Madison Romero,madison.romero119@bizmail.io,+1-327-313-5573,9050 Washington Ave,Jersey City,NJ,27671,United States,2026-02-04,Corporate
CUST-12141,Catherine Medina,catherine.medina688@yahoo.com,+1-209-643-2261,8169 Cedar Blvd,Independence,MO,80062,United States,2025-11-18,Consumer
CUST-12142,Ralph Watson,ralph.watson427@icloud.com,+1-296-372-8552,6105 Elm St,Tulsa,OK,22414,United States,2024-02-19,Consumer
CUST-12143,Philip Coleman,philip.coleman633@corporate.com,+1-423-699-9308,1263 Oak Ave,Scottsdale,AZ,49988,United States,2025-11-01,Consumer
CUST-12144,Noah Webb,noah.webb724@gmail.com,+1-316-981-4394,312 Park Blvd,Bellevue,WA,31848,United States,2026-02-11,Consumer
CUST-12145,Rachel Carter,rachel.carter831@icloud.com,+1-631-323-4966,1359 Park Blvd,Jacksonville,FL,39072,United States,2025-06-14,Consumer
CUST-12146,Jonathan Henry,jonathan.henry715@gmail.com,+1-448-687-3676,9952 Elm St,New Orleans,LA,50694,United States,2026-03-17,Corporate
CUST-12147,Bradley Bennett,bradley.bennett935@icloud.com,+1-896-812-9981,2126 Maple Rd,Columbus,GA,65194,United States,2023-08-04,Consumer
CUST-12148,  Brittany Parker  ,brittany.parker118@bizmail.io,+1-478-271-4018,5386 Sunset Way,Naperville,IL,54829,United States,2025-07-20,Corporate
CUST-12149,Natalie Rogers,natalie.rogers936@yahoo.com,+1-920-386-4078,6748 Main St,Broken Arrow,OK,33527,United States,2023-08-25,Consumer
CUST-12150,Cynthia Wells,cynthia.wells854@icloud.com,+1-940-991-5123,5315 Cedar Blvd,Chesapeake,VA,22801,United States,2024-12-13,Consumer
CUST-12151,Bradley Wilson,bradley.wilson419@proton.me,+1-993-836-1755,9719 Washington Ave,San Jose,CA,88356,United States,2025-01-20,Consumer
CUST-12152,Lawrence Castro,lawrence.castro946@gmail.com,+1-775-967-3880,1863 Park Blvd,Springfield,IL,46381,United States,2023-10-23,Consumer
CUST-12153,Edward James,edward.james75@yahoo.com,+1-411-420-8708,3247 Washington Ave,Chandler,AZ,76613,United States,2025-11-22,Consumer
CUST-12154,Paul Walker,paul.walker21@outlook.com,+1-512-335-3812,2897 Lakeview Ave,Saint Paul,MN,48500,United States,2023-09-24,Corporate
CUST-12155,Wayne Simpson,wayne.simpson431@icloud.com,,7208 Elm St,New Haven,CT,18038,United States,2023-06-21,Consumer
CUST-12156,Frances Sanchez,frances.sanchez313@hotmail.com,+1-359-885-1504,2677 Lakeview Ave,Warren,MI,32045,United States,2024-09-04,Consumer
CUST-12157,Charlotte Patel,charlotte.patel459@corporate.com,+1-559-918-2488,2033 Broadway,Greenville,SC,50324,United States,2026-05-17,Corporate
CUST-12158,Thomas Gray,thomas.gray831@hotmail.com,+1-305-516-9109,5859 Cedar Blvd,Charlotte,NC,90306,United States,2024-01-29,Consumer
CUST-12159,Thomas Roberts,thomas.roberts860@outlook.com,+1-507-532-2529,1014 Sunset Way,Rochester,NY,50769,United States,2023-10-17,Small Business
CUST-12160,Karen Jackson,karen.jackson402@proton.me,+1-831-473-3969,9568 Highland Dr,Colorado Springs,CO,,United States,2026-04-06,Small Business
CUST-12161,Brian Morris,brian.morris607@corporate.com,+1-814-377-3750,9436 Elm St,Vancouver,WA,66725,United States,2023-09-21,Consumer
CUST-12162,Lisa Kennedy,lisa.kennedy852@icloud.com,+1-823-893-1266,3876 Pine St,Houston,TX,91934,United States,2025-01-04,Consumer
CUST-12163,Joshua Ramos,joshua.ramos191@icloud.com,+1-476-619-4134,3402 Pine St,Vancouver,WA,98257,United States,2026-05-27,Consumer
CUST-12164,Ryan Stewart,ryan.stewart114@corporate.com,+1-646-826-5168,710 Sunset Way,Toledo,OH,58618,United States,2024-12-20,Consumer
CUST-12165,Brenda Hall,brenda.hall190@corporate.com,+1-835-336-6402,5728 Main St,Athens,GA,83665,United States,2024-10-26,Consumer
CUST-12166,Jennifer Vargas,jennifer.vargas935@proton.me,+1-823-478-8857,235 Cedar Blvd,Reading,PA,93047,United States,2024-06-19,Consumer
CUST-12167,Bryan Henderson,bryan.henderson625@yahoo.com,+1-681-614-6376,834 Pine St,Jersey City,NJ,52299,United States,2024-10-28,Consumer
CUST-12168,Hannah Phillips,hannah.phillips358@hotmail.com,+1-339-763-9333,7560 Cedar Blvd,Syracuse,NY,87162,United States,2026-05-22,Small Business
CUST-12169,Natalie Olson,natalie.olson995@corporate.com,+1-640-660-9829,9592 Pine St,Bloomington,MN,77678,United States,2024-02-28,Consumer
CUST-12170,Betty Alexander,betty.alexander62@yahoo.com,+1-467-836-8214,1444 Oak Ave,Broken Arrow,OK,86577,United States,2026-04-16,Consumer
CUST-12171,Noah Gutierrez,noah.gutierrez501@proton.me,+1-628-642-6337,100 Broadway,Tampa,FL,61404,United States,2023-11-26,Consumer
CUST-12172,Cheryl Henderson,cheryl.henderson513@hotmail.com,+1-467-776-3960,3449 Pine St,Minneapolis,MN,60378,United States,2026-04-21,Consumer
CUST-12173,Jack Olson,jack.olson29@hotmail.com,+1-531-977-1272,5590 Washington Ave,Bowie,MD,52947,United States,2023-12-23,Consumer
CUST-12174,Ryan West,ryan.west854@hotmail.com,+1-382-774-8121,1281 Park Blvd,Detroit,MI,27788,United States,2024-06-28,Corporate
CUST-12175,Kevin James,kevin.james874@outlook.com,+1-538-257-4943,8929 Elm St,Tampa,FL,14363,United States,2023-12-01,Corporate
CUST-12176,Joyce Hall,joyce.hall818@yahoo.com,+1-844-621-5085,8575 Broadway,Norman,OK,77392,United States,2024-04-21,Consumer
CUST-12177,Isabella Sullivan,isabella.sullivan404@icloud.com,+1-530-724-6747,3716 Main St,Oklahoma City,OK,97972,United States,2023-04-12,Corporate
CUST-12178,Alexis Lee,alexis.lee396@proton.me,+1-286-825-4414,125 Pine St,Lowell,MA,85773,United States,2025-08-15,Consumer
CUST-12179,Jack Nguyen,jack.nguyen395@bizmail.io,+1-249-421-7345,5466 Washington Ave,Springfield,MA,78705,United States,2023-09-02,Consumer
CUST-12180,Isabella Henderson,isabella.henderson298@icloud.com,+1-843-809-5229,6702 Sunset Way,Greensboro,NC,99129,United States,2025-03-16,Corporate
CUST-12181,Natalie Morales,natalie.morales700@outlook.com,+1-400-427-7074,7304 Broadway,St. Petersburg,FL,19429,United States,2025-02-09,Consumer
CUST-12182,Louis Gonzalez,louis.gonzalez917@bizmail.io,+1-508-486-6854,7652 Park Blvd,New Haven,CT,26257,United States,2023-11-25,Corporate
CUST-12183,Virginia Wright,virginia.wright561@proton.me,+1-913-242-9346,9181 Highland Dr,Macon,GA,68261,United States,2024-03-28,Consumer
CUST-12184,Harold Myers,harold.myers255@hotmail.com,+1-714-929-6476,2366 Highland Dr,Rochester,MN,95205,United States,2024-11-19,Consumer
CUST-12185,Isabella Alexander,isabella.alexander497@corporate.com,+1-676-629-8787,4710 Main St,Bridgeport,CT,41460,United States,2024-12-28,Consumer
CUST-12186,Ethan Butler,ethan.butler621@bizmail.io,+1-559-404-5883,1546 Oak Ave,Virginia Beach,VA,50386,United States,2023-10-18,Consumer
CUST-12187,Rebecca Dixon,rebecca.dixon69@gmail.com,+1-858-934-1762,9454 Pine St,Syracuse,NY,87117,United States,2025-04-01,Corporate
CUST-12188,Janet Jenkins,janet.jenkins257@hotmail.com,+1-939-469-6626,4100 Sunset Way,Tuscaloosa,AL,29662,United States,2024-05-30,Small Business
CUST-12189,Grace Henderson,grace.henderson945@icloud.com,+1-893-333-7743,7142 Main St,Columbus,GA,33631,United States,2024-05-13,Consumer
CUST-12190,Amber Brown,amber.brown885@yahoo.com,+1-271-261-5022,5140 Highland Dr,Durham,NC,13788,United States,2026-03-17,Small Business
CUST-12191,Julie Martin,julie.martin591@corporate.com,+1-521-282-2421,9072 Oak Ave,Racine,WI,75780,United States,2025-12-21,Consumer
CUST-12192,Sharon Romero,sharon.romero329@hotmail.com,+1-681-659-7964,1623 Sunset Way,Vancouver,WA,20027,United States,2024-11-11,Consumer
CUST-12193,Christian West,christian.west431@corporate.com,,9071 Maple Rd,Durham,NC,86487,United States,2026-05-31,Corporate
CUST-12194,Janet Wright,janet.wright610@proton.me,+1-217-739-2110,4625 Lakeview Ave,Tacoma,WA,88695,United States,2024-05-06,Consumer
CUST-12195,Cynthia Smith,cynthia.smith442@hotmail.com,+1-217-523-5558,7983 Broadway,Frederick,MD,75061,United States,2025-05-27,Consumer
CUST-12196,Brian Flores,brian.flores78@icloud.com,+1-290-744-7365,6261 Main St,Charlotte,NC,56472,United States,2026-01-14,Consumer
CUST-12197,Gary Diaz,gary.diaz474@proton.me,,5002 Pine St,Baltimore,MD,43204,United States,2023-04-27,Corporate
CUST-12198,Katherine Crawford,katherine.crawford962@outlook.com,+1-939-431-9266,7978 Broadway,Detroit,MI,12187,United States,2024-12-10,Consumer
CUST-12199,Nancy Castro,nancy.castro500@hotmail.com,+1-297-408-2477,3435 Elm St,Mesa,AZ,75129,United States,2024-02-19,Consumer
CUST-12200,John Torres,john.torres283@corporate.com,+1-990-525-9757,1386 Elm St,Evansville,IN,35637,United States,2024-06-03,Consumer
CUST-12201,Noah Castro,noah.castro510@proton.me,+1-551-837-1948,9559 Sunset Way,Colorado Springs,CO,25588,United States,2024-05-15,Consumer
CUST-12202,Karen Baker,karen.baker837@yahoo.com,+1-585-671-6655,3013 Cedar Blvd,Tacoma,WA,57317,United States,2023-04-23,Consumer
CUST-12203,Matthew Freeman,matthew.freeman103@gmail.com,+1-949-256-4212,8830 Oak Ave,Ann Arbor,MI,84965,United States,2025-03-06,Corporate
CUST-12204,Edward Gutierrez,edward.gutierrez329@outlook.com,+1-305-905-7061,9508 Park Blvd,Greenville,SC,32681,United States,2025-09-13,Corporate
CUST-12205,Rose Wilson,rose.wilson331@outlook.com,+1-683-397-5836,1585 Oak Ave,Philadelphia,PA,77503,United States,2025-11-04,Consumer
CUST-12206,Ronald Murphy,ronald.murphy210@gmail.com,+1-264-528-4661,738 Cedar Blvd,Paterson,NJ,57506,United States,2025-12-11,Consumer
CUST-12207,John Jordan,john.jordan739@yahoo.com,+1-248-831-7672,6007 Highland Dr,Kansas City,MO,98043,United States,2023-12-10,Consumer
CUST-12208,Benjamin Brooks,benjamin.brooks253@hotmail.com,+1-533-510-2960,9248 Lakeview Ave,Glendale,AZ,66643,United States,2023-11-08,Small Business
CUST-12209,Margaret Torres,margaret.torres283@proton.me,+1-356-256-7831,5126 Broadway,Sparks,NV,88374,United States,2024-02-19,Consumer
CUST-12210,Brittany Clark,brittany.clark666@corporate.com,+1-906-830-2528,382 Main St,Phoenix,AZ,60127,United States,2026-04-15,Corporate
CUST-12211,Theresa Stevens,theresa.stevens147@yahoo.com,+1-614-748-3316,6938 Sunset Way,Scranton,PA,42775,United States,2025-09-02,Small Business
CUST-12212,Nancy Silva,nancy.silva675@corporate.com,+1-833-782-7249,2492 Main St,Richmond,VA,32347,United States,2023-08-13,Consumer
CUST-12213,Megan Wells,megan.wells363@icloud.com,+1-342-877-6762,8165 Maple Rd,Huntsville,AL,11457,United States,2025-12-06,Corporate
CUST-12214,Peter Gonzalez,peter.gonzalez57@bizmail.io,+1-473-772-6564,8182 Lakeview Ave,Pittsburgh,PA,13998,United States,2025-04-14,Consumer
CUST-12215,Sean Hamilton,sean.hamilton100@hotmail.com,+1-542-390-1732,5526 Broadway,Rockford,IL,55829,United States,2025-09-23,Small Business
CUST-12216,Bruce Garcia,bruce.garcia26@corporate.com,+1-244-494-1469,2942 Maple Rd,Orem,UT,62354,United States,2025-08-03,Consumer
CUST-12217,Catherine Kim,catherine.kim719@proton.me,+1-242-935-1381,4313 Oak Ave,Durham,NC,62315,United States,2023-09-27,Consumer
CUST-12218,Sara Gibson,sara.gibson219@gmail.com,+1-296-598-6394,5906 Washington Ave,Chandler,AZ,44024,United States,2024-07-24,Corporate
CUST-12219,Ann Cole,ann.cole755@corporate.com,+1-555-635-4893,1313 Cedar Blvd,Carmel,IN,68038,United States,2023-06-09,Consumer
CUST-12220,Adam Mason,adam.mason33@yahoo.com,+1-300-944-4170,9209 Washington Ave,New Haven,CT,87539,United States,2025-09-11,Consumer
CUST-12221,Jesse Peterson,jesse.peterson640@gmail.com,+1-419-721-1273,3496 Elm St,Bridgeport,CT,85683,United States,2023-11-28,Consumer
CUST-12222,Shirley Aguilar,shirley.aguilar182@hotmail.com,+1-515-275-2999,4353 Park Blvd,Birmingham,AL,83415,United States,2024-08-09,Corporate
CUST-12223,Raymond Reyes,raymond.reyes255@proton.me,+1-295-953-7698,7869 Cedar Blvd,Worcester,MA,83504,United States,2024-09-08,Consumer
CUST-12224,Gregory Cruz,gregory.cruz18@hotmail.com,+1-722-977-9471,6719 Broadway,Bloomington,MN,74674,United States,2025-09-15,Consumer
CUST-12225,Gregory Ross,gregory.ross802@outlook.com,+1-362-738-3699,8890 Main St,Frederick,MD,58176,United States,2025-07-30,Corporate
CUST-12226,Sharon Flores,sharon.flores457@proton.me,+1-637-748-5882,7020 Park Blvd,Norfolk,VA,15470,United States,2025-01-14,Small Business
CUST-12227,Keith Jones,keith.jones234@bizmail.io,+1-475-951-5599,9513 Elm St,Greensboro,NC,82307,United States,2024-03-05,Corporate
CUST-12228,Donna Lee,donna.lee970@bizmail.io,+1-530-552-6402,9925 Broadway,Norfolk,VA,20637,United States,2025-02-12,Consumer
CUST-12229,Doris Cole,doris.cole99@yahoo.com,+1-922-851-5769,8727 Washington Ave,Columbia,MO,46232,United States,2024-11-15,Consumer
CUST-12230,Kenneth Barnes,kenneth.barnes130@bizmail.io,+1-634-463-6482,3770 Pine St,Newark,NJ,95447,United States,2023-12-05,Consumer
CUST-12231,Samantha Jackson,samantha.jackson918@yahoo.com,+1-826-612-8218,8773 Highland Dr,Lafayette,LA,50721,United States,2024-05-28,Consumer
CUST-12232,John Gonzalez,john.gonzalez764@outlook.com,+1-262-312-7488,3240 Main St,Henderson,NV,56001,United States,2023-03-30,Consumer
CUST-12233,Kathryn Griffin,kathryn.griffin139@hotmail.com,+1-977-754-4522,5102 Broadway,Allentown,PA,28950,United States,2025-07-18,Consumer
CUST-12234,Virginia Fernandez,virginia.fernandez456@gmail.com,+1-284-848-9292,650 Pine St,Bowie,MD,43297,United States,2026-02-21,Consumer
CUST-12235,Scott Fernandez,scott.fernandez459@icloud.com,+1-583-739-7539,6657 Lakeview Ave,Dallas,TX,38727,United States,2026-05-21,Consumer
CUST-12236,Katherine Gutierrez,katherine.gutierrez260@outlook.com,+1-602-241-8166,8038 Pine St,Phoenix,AZ,55226,United States,2024-11-19,Small Business
CUST-12237,Diane Silva,diane.silva654@proton.me,+1-967-411-7473,4997 Highland Dr,Memphis,TN,16301,United States,2025-08-22,Consumer
CUST-12238,Wayne Flores,wayne.flores465@outlook.com,+1-713-573-1697,2896 Oak Ave,Eugene,OR,63578,United States,2023-06-10,Corporate
CUST-12239,Samuel Dixon,samuel.dixon699@bizmail.io,+1-664-548-6243,9095 Maple Rd,St. Louis,MO,12570,United States,2025-03-12,Consumer
CUST-12240,George Coleman,george.coleman417@bizmail.io,+1-856-724-5374,4827 Lakeview Ave,Akron,OH,58598,United States,2024-12-15,Consumer
CUST-12241,  Joe Garcia  ,joe.garcia692@yahoo.com,+1-821-716-2059,7572 Park Blvd,Eugene,OR,20772,United States,2023-09-20,Consumer
CUST-12242,Arthur Peterson,arthur.peterson809@outlook.com,+1-547-410-2643,7136 Pine St,Tampa,FL,89169,United States,2024-09-26,Consumer
CUST-12243,Bobby Morales,bobby.morales594@bizmail.io,+1-478-650-8289,7216 Elm St,Shreveport,LA,96895,United States,2023-07-07,Consumer
CUST-12244,Elizabeth Moreno,elizabeth.moreno752@hotmail.com,+1-864-925-4444,5112 Cedar Blvd,Chesapeake,VA,49713,United States,2026-04-23,Small Business
CUST-12245,Walter Hayes,walter.hayes188@outlook.com,+1-943-202-5352,980 Park Blvd,Elizabeth,NJ,83882,United States,2025-11-04,Consumer
CUST-12246,Kathleen Kim,kathleen.kim617@bizmail.io,+1-677-327-1834,882 Oak Ave,Norfolk,VA,57178,United States,2025-10-13,Consumer
CUST-12247,Nicholas Hamilton,nicholas.hamilton639@hotmail.com,+1-446-879-2175,4399 Lakeview Ave,Tulsa,OK,47714,United States,2023-11-12,Consumer
CUST-12248,Patrick Sanders,patrick.sanders420@hotmail.com,+1-306-428-6613,4529 Broadway,Sparks,NV,54140,United States,2023-10-15,Small Business
CUST-12249,Emma Harris,emma.harris393@bizmail.io,+1-419-834-6145,2584 Cedar Blvd,Springfield,MO,95026,United States,2024-03-17,Corporate
CUST-12250,Janet Hughes,janet.hughes814@proton.me,+1-697-964-5938,8092 Elm St,Fresno,CA,86293,United States,2023-04-26,Small Business
CUST-12251,Jose Russell,jose.russell653@yahoo.com,+1-995-398-7726,2846 Cedar Blvd,Rockford,IL,44405,United States,2026-03-02,Consumer
CUST-12252,Julia Cox,julia.cox486@yahoo.com,+1-457-610-8284,1673 Pine St,San Diego,CA,12391,United States,2023-12-04,Corporate
CUST-12253,Janice Cole,janice.cole367@proton.me,+1-785-548-1683,8590 Lakeview Ave,Detroit,MI,82872,United States,2025-01-14,Consumer
CUST-12254,Janet Russell,janet.russell205@corporate.com,+1-303-219-2275,7638 Elm St,Jacksonville,FL,,United States,2026-03-17,Consumer
CUST-12255,David Clark,david.clark481@hotmail.com,+1-788-234-9009,8996 Washington Ave,Huntsville,AL,60229,United States,2023-12-16,Corporate
CUST-12256,Martha Watson,martha.watson935@outlook.com,+1-312-967-6982,9574 Cedar Blvd,Minneapolis,MN,62149,United States,2024-08-27,Consumer
CUST-12257,Sara Henderson,sara.henderson212@corporate.com,+1-698-445-7029,5933 Lakeview Ave,Spokane,WA,56260,United States,2023-12-02,Consumer
CUST-12258,Judith Anderson,judith.anderson561@icloud.com,+1-476-997-2398,3600 Cedar Blvd,Aurora,IL,79989,United States,2023-11-13,Corporate
CUST-12259,Philip Roberts,philip.roberts58@bizmail.io,+1-517-368-9069,5175 Highland Dr,Dallas,TX,34846,United States,2026-05-17,Consumer
CUST-12260,Alan Edwards,alan.edwards462@yahoo.com,+1-911-474-9522,466 Cedar Blvd,Clarksville,TN,64269,United States,2024-08-27,Corporate
CUST-12261,Logan Williams,logan.williams748@icloud.com,+1-572-992-8159,6076 Sunset Way,West Jordan,UT,98282,United States,2026-02-15,Corporate
CUST-12262,Michael Tran,michael.tran981@corporate.com,+1-442-946-8714,9787 Pine St,Norman,OK,33786,United States,2025-06-09,Corporate
CUST-12263,Andrew Gibson,andrew.gibson116@yahoo.com,+1-329-888-3104,3313 Maple Rd,Vancouver,WA,86450,United States,2023-06-25,Consumer
CUST-12264,Kevin Chavez,kevin.chavez955@yahoo.com,+1-799-700-9954,9399 Maple Rd,Owensboro,KY,20827,United States,2025-07-10,Corporate
CUST-12265,Brandon Powell,brandon.powell654@hotmail.com,+1-586-581-4518,3063 Elm St,Springfield,MA,92467,United States,2024-08-17,Consumer
CUST-12266,Brenda Martin,brenda.martin691@proton.me,,7475 Cedar Blvd,Indianapolis,IN,79772,United States,2025-10-19,Consumer
CUST-12267,Alexander Torres,alexander.torres668@yahoo.com,+1-906-807-4545,7383 Lakeview Ave,Akron,OH,94943,United States,2026-02-02,Consumer
CUST-12268,Margaret Castro,margaret.castro276@corporate.com,+1-886-337-3716,557 Oak Ave,Broken Arrow,OK,20521,United States,2024-11-05,Consumer
CUST-12269,Ronald Morales,ronald.morales123@outlook.com,,3492 Washington Ave,Charlotte,NC,22772,United States,2024-08-07,Consumer
CUST-12270,Evelyn Jenkins,evelyn.jenkins759@gmail.com,+1-631-877-8916,7235 Oak Ave,Cambridge,MA,16056,United States,2024-10-12,Small Business
CUST-12271,Lauren Long,lauren.long12@bizmail.io,+1-631-869-8909,1176 Broadway,Tuscaloosa,AL,58912,United States,2025-08-09,Consumer
CUST-12272,Megan Nguyen,megan.nguyen875@corporate.com,+1-774-250-5911,1787 Sunset Way,Ann Arbor,MI,78623,United States,2026-03-07,Consumer
CUST-12273,Barbara Edwards,barbara.edwards346@corporate.com,+1-462-829-8035,7755 Pine St,Tacoma,WA,95765,United States,2025-07-04,Consumer
CUST-12274,Aaron Martinez,aaron.martinez708@gmail.com,+1-596-456-1543,9349 Lakeview Ave,Columbia,SC,89852,United States,2024-08-08,Corporate
CUST-12275,Patricia Collins,patricia.collins127@bizmail.io,+1-899-254-3021,9149 Oak Ave,Naperville,IL,96770,United States,2024-09-27,Corporate
CUST-12276,Arthur Sanchez,arthur.sanchez603@corporate.com,+1-675-211-8575,4642 Maple Rd,Bellevue,WA,28638,United States,2025-05-12,Consumer
CUST-12277,Amy Moore,amy.moore809@proton.me,+1-375-611-1056,2403 Maple Rd,Fort Collins,CO,28159,United States,2025-01-07,Consumer
CUST-12278,Charlotte Miller,charlotte.miller385@hotmail.com,+1-726-210-3319,9987 Cedar Blvd,Greenville,SC,69702,United States,2023-04-30,Consumer
CUST-12279,Frances Reyes,frances.reyes708@yahoo.com,+1-204-618-6932,7450 Cedar Blvd,Eugene,OR,35182,United States,2023-08-04,Corporate
CUST-12280,Nancy Wallace,nancy.wallace597@icloud.com,+1-990-906-6655,2100 Main St,Paterson,NJ,59464,United States,2024-09-01,Corporate
CUST-12281,Nicole Gonzalez,nicole.gonzalez203@yahoo.com,+1-785-538-7023,8508 Broadway,Rockford,IL,42052,United States,2025-12-01,Consumer
CUST-12282,Lawrence Brown,lawrence.brown112@bizmail.io,+1-704-283-8961,539 Cedar Blvd,Trenton,NJ,69479,United States,2025-03-06,Consumer
CUST-12283,Kelly Anderson,kelly.anderson941@corporate.com,+1-204-537-2527,6525 Pine St,San Antonio,TX,43246,United States,2024-09-17,Consumer
CUST-12284,Albert Mendez,albert.mendez254@bizmail.io,+1-594-772-5241,1989 Sunset Way,Rockville,MD,37372,United States,2023-04-20,Consumer
CUST-12285,Christina Hamilton,christina.hamilton407@hotmail.com,+1-429-517-6318,9719 Lakeview Ave,Oklahoma City,OK,11230,United States,2023-12-21,Consumer
CUST-12286,Cynthia Lee,cynthia.lee243@icloud.com,+1-381-470-7884,7492 Elm St,Baton Rouge,LA,15846,United States,2023-10-07,Small Business
CUST-12287,Angela Mendoza,angela.mendoza565@hotmail.com,+1-746-244-5972,7289 Lakeview Ave,New Orleans,LA,49609,United States,2025-10-05,Corporate
CUST-12288,Carl White,carl.white875@hotmail.com,+1-366-695-1843,7554 Highland Dr,Seattle,WA,54683,United States,2024-06-25,Corporate
CUST-12289,Raymond Henry,raymond.henry861@yahoo.com,+1-307-310-1839,8031 Highland Dr,Owensboro,KY,64205,United States,2024-09-26,Consumer
CUST-12290,Kelly Castillo,kelly.castillo359@bizmail.io,+1-353-724-8469,2585 Maple Rd,Rochester,MN,64831,United States,2024-10-15,Consumer
CUST-12291,Pamela Gibson,pamela.gibson603@gmail.com,+1-823-719-5224,6329 Sunset Way,Charlotte,NC,36636,United States,2024-07-09,Corporate
CUST-12292,John Fisher,john.fisher196@corporate.com,+1-269-423-9509,2266 Washington Ave,Tuscaloosa,AL,88310,United States,2024-04-15,Corporate
CUST-12293,Doris Simmons,doris.simmons620@proton.me,+1-679-241-4360,9430 Highland Dr,Hartford,CT,67544,United States,2023-12-11,Corporate
CUST-12294,Dennis Edwards,dennis.edwards910@bizmail.io,+1-271-886-2399,1003 Park Blvd,Lowell,MA,34082,United States,2023-08-18,Corporate
CUST-12295,Ashley King,ashley.king201@gmail.com,+1-616-752-3751,4809 Cedar Blvd,Kenosha,WI,32595,United States,2023-04-23,Consumer
CUST-12296,Bradley Morris,bradley.morris641@icloud.com,+1-458-486-7210,469 Washington Ave,Lexington,KY,38268,United States,2026-02-14,Corporate
CUST-12297,Dennis Washington,dennis.washington949@gmail.com,+1-608-826-6632,2238 Cedar Blvd,Columbia,SC,99135,United States,2024-12-18,Consumer
CUST-12298,Tyler Chavez,tyler.chavez149@proton.me,+1-448-693-1795,640 Washington Ave,Green Bay,WI,21841,United States,2025-08-17,Corporate
CUST-12299,Martha Mcdonald,martha.mcdonald808@proton.me,+1-451-309-2907,9580 Broadway,Ann Arbor,MI,72767,United States,2024-07-12,Corporate
CUST-12300,John Rogers,john.rogers936@outlook.com,+1-742-206-6308,4156 Park Blvd,Chesapeake,VA,50765,United States,2025-06-24,Consumer
CUST-12301,Kimberly Sanders,kimberly.sanders580@corporate.com,+1-763-742-8317,9018 Washington Ave,Louisville,KY,72871,United States,2024-07-18,Consumer
CUST-12302,Ryan Webb,ryan.webb919@yahoo.com,+1-692-235-2524,5441 Sunset Way,Philadelphia,PA,42650,United States,2025-09-07,Consumer
CUST-12303,Rebecca Webb,rebecca.webb547@bizmail.io,+1-363-731-9143,3425 Lakeview Ave,Columbia,MO,84168,United States,2025-09-04,Consumer
CUST-12304,Emma Kennedy,emma.kennedy600@yahoo.com,,5174 Pine St,Owensboro,KY,32764,United States,2024-05-20,Consumer
CUST-12305,Deborah Campbell,deborah.campbell492@gmail.com,+1-219-531-2287,777 Maple Rd,Independence,MO,10868,United States,2023-05-18,Consumer
CUST-12306,Beverly Lee,beverly.lee707@outlook.com,+1-948-920-1059,1447 Lakeview Ave,Las Vegas,NV,29285,United States,2025-07-28,Corporate
CUST-12307,Carolyn Cooper,carolyn.cooper520@outlook.com,+1-874-912-2116,1010 Pine St,Tacoma,WA,79445,United States,2026-01-15,Consumer
CUST-12308,Lauren Brooks,lauren.brooks185@corporate.com,+1-897-896-8328,4242 Pine St,NEW ORLEANS,LA,56597,United States,2026-04-25,Consumer
CUST-12309,Heather Anderson,heather.anderson762@icloud.com,+1-406-213-7102,8417 Park Blvd,Springfield,MO,48319,United States,2023-09-19,Consumer
CUST-12310,Sean Parker,sean.parker60@yahoo.com,+1-465-543-8297,9838 Maple Rd,Kansas City,MO,65868,United States,2024-03-08,Consumer
CUST-12311,Karen Morgan,karen.morgan645@bizmail.io,+1-207-297-6979,825 Lakeview Ave,Trenton,NJ,23070,United States,2023-06-08,Consumer
CUST-12312,Alice Moreno,alice.moreno368@yahoo.com,+1-785-333-1757,2052 Sunset Way,Sacramento,CA,26924,United States,2025-09-03,Consumer
CUST-12313,Patrick Allen,patrick.allen588@bizmail.io,+1-203-475-4239,7908 Highland Dr,Athens,GA,29581,United States,2025-01-29,Consumer
CUST-12314,Anthony Mendoza,anthony.mendoza840@yahoo.com,+1-279-639-4457,7368 Oak Ave,Reno,NV,52298,United States,2023-05-31,Consumer
CUST-12315,Robert Graham,robert.graham722@yahoo.com,+1-517-387-5899,9296 Park Blvd,Gresham,OR,49676,United States,2024-07-16,Corporate
CUST-12316,Kenneth Foster,kenneth.foster539@icloud.com,+1-909-271-3913,5021 Broadway,Newport News,VA,20450,United States,2025-09-07,Consumer
CUST-12317,Walter Jordan,walter.jordan501@outlook.com,+1-969-464-5867,3233 Broadway,Lafayette,LA,70435,United States,2025-02-03,Consumer
CUST-12318,Debra Cox,debra.cox628@corporate.com,+1-570-687-2807,5630 Washington Ave,South Bend,IN,31599,United States,2023-10-27,Corporate
CUST-12319,Laura Medina,laura.medina947@gmail.com,+1-981-431-5427,8848 Broadway,Salem,OR,90397,United States,2026-03-04,Consumer
CUST-12320,Pamela Reynolds,pamela.reynolds41@gmail.com,+1-781-493-1155,9953 Oak Ave,Las Vegas,NV,92114,United States,2024-01-25,Consumer
CUST-12321,Ryan Wallace,ryan.wallace425@corporate.com,+1-911-997-3267,2162 Elm St,Naperville,IL,31992,United States,2024-02-01,Consumer
CUST-12322,William Cruz,william.cruz64@yahoo.com,+1-935-474-1960,1742 Broadway,Covington,KY,40268,United States,2024-02-07,Consumer
CUST-12323,Betty Robinson,betty.robinson328@yahoo.com,,6999 Highland Dr,Pittsburgh,PA,61904,United States,2023-11-01,Small Business
CUST-12324,John Silva,john.silva950@icloud.com,+1-422-537-9642,4571 Park Blvd,Evansville,IN,26498,United States,2026-01-17,Corporate
CUST-12325,Kathryn Castro,kathryn.castro437@corporate.com,+1-910-692-8809,1450 Elm St,Eugene,OR,90800,United States,2025-01-20,Consumer
CUST-12326,Carol Nelson,carol.nelson486@icloud.com,+1-612-532-1173,799 Lakeview Ave,Baton Rouge,LA,49478,United States,2023-12-30,Consumer
CUST-12327,Robert Vargas,robert.vargas317@bizmail.io,+1-616-269-6107,5033 Maple Rd,Charleston,SC,66665,United States,2026-03-15,Consumer
CUST-12328,Russell Wood,russell.wood190@icloud.com,+1-327-610-9072,9908 Maple Rd,Charlotte,NC,47242,United States,2024-08-18,Corporate
CUST-12329,Russell Gonzales,russell.gonzales978@icloud.com,+1-836-401-6009,3887 Broadway,Reno,NV,45080,United States,2023-12-06,Consumer
CUST-12330,Stephen Brooks,stephen.brooks820@proton.me,+1-378-725-8680,9241 Lakeview Ave,Tuscaloosa,AL,34015,United States,2025-03-23,Consumer
CUST-12331,Amy Ellis,amy.ellis30@bizmail.io,+1-438-483-6576,4172 Broadway,New Haven,CT,42279,United States,2025-11-11,Corporate
CUST-12332,Richard Campbell,richard.campbell875@outlook.com,+1-356-500-8793,4253 Main St,Mesa,AZ,23299,United States,2025-02-14,Consumer
CUST-12333,Edward Alexander,edward.alexander365@gmail.com,+1-531-274-7549,889 Maple Rd,Buffalo,NY,40166,United States,2025-07-13,Consumer
CUST-12334,Matthew Davis,matthew.davis979@proton.me,+1-532-747-9169,987 Highland Dr,Charleston,SC,57924,United States,2023-09-06,Small Business
CUST-12335,Roy Wilson,roy.wilson847@hotmail.com,+1-549-602-6006,1266 Oak Ave,Aurora,IL,94886,United States,2024-11-18,Consumer
CUST-12336,Janet Thompson,janet.thompson830@gmail.com,+1-697-989-9468,1334 Highland Dr,Jersey City,NJ,76937,United States,2025-09-04,Consumer
CUST-12337,Brittany Ruiz,brittany.ruiz635@hotmail.com,+1-980-270-8707,1903 Elm St,Norfolk,VA,50640,United States,2026-04-18,Consumer
CUST-12338,Benjamin Alvarez,benjamin.alvarez452@icloud.com,+1-377-727-3153,4649 Washington Ave,Las Vegas,NV,61423,United States,2023-08-19,Consumer
CUST-12339,Nathan Walker,nathan.walker695@proton.me,+1-933-642-4890,5276 Maple Rd,Chicago,IL,97995,United States,2024-02-11,Consumer
CUST-12340,Christina Fisher,christina.fisher167@gmail.com,+1-521-821-7314,8307 Elm St,Newark,NJ,47901,United States,2026-01-02,Consumer
CUST-12341,Zachary Alexander,zachary.alexander230@corporate.com,+1-224-717-1688,9813 Main St,Grand Rapids,MI,99894,United States,2025-12-24,Consumer
CUST-12342,Larry Coleman,larry.coleman624@outlook.com,+1-697-725-9592,8305 Sunset Way,Oklahoma City,OK,38383,United States,2025-11-16,Consumer
CUST-12343,Elizabeth Bailey,elizabeth.bailey970@icloud.com,+1-768-735-2865,6778 Sunset Way,Minneapolis,MN,60577,United States,2024-03-22,Consumer
CUST-12344,Patrick Thompson,patrick.thompson963@gmail.com,+1-558-842-1576,9786 Washington Ave,Eugene,OR,65111,United States,2023-06-16,Consumer
CUST-12345,Sean Castro,sean.castro546@gmail.com,+1-212-690-3557,8099 Maple Rd,Vancouver,WA,33081,United States,2025-07-07,Corporate
CUST-12346,Gloria Lewis,gloria.lewis207@bizmail.io,+1-415-560-7880,4732 Main St,Worcester,MA,92873,United States,2024-10-14,Consumer
CUST-12347,Diana Davis,diana.davis628@bizmail.io,+1-732-978-7082,1791 Broadway,Atlanta,GA,62473,United States,2023-06-04,Consumer
CUST-12348,Alice Harrison,alice.harrison276@corporate.com,+1-692-469-1578,7223 Washington Ave,Chandler,AZ,20411,United States,2025-04-08,Consumer
CUST-12349,Kelly Myers,kelly.myers791@bizmail.io,+1-303-286-7962,5086 Elm St,Edmond,OK,54253,United States,2026-01-11,Consumer
CUST-12350,Alice Sanders,alice.sanders958@yahoo.com,,3532 Highland Dr,Cincinnati,OH,42629,United States,2024-02-28,Small Business
CUST-12351,William Wright,william.wright349@icloud.com,,7912 Park Blvd,Evansville,IN,66167,United States,2024-06-15,Corporate
CUST-12352,Stephanie Sanchez,stephanie.sanchez120@outlook.com,+1-625-310-7081,4739 Sunset Way,Clarksville,TN,73049,United States,2024-04-16,Consumer
CUST-12353,Anthony Torres,anthony.torres986@proton.me,+1-497-545-6263,489 Broadway,Minneapolis,MN,28152,United States,2024-12-10,Consumer
CUST-12354,Janice Rodriguez,janice.rodriguez587@icloud.com,+1-781-707-7577,7607 Cedar Blvd,Huntsville,AL,97268,United States,2023-07-28,Consumer
CUST-12355,Emma Long,emma.long217@hotmail.com,+1-454-738-4600,1073 Main St,Spokane,WA,11728,United States,2025-11-13,Consumer
CUST-12356,Laura Watson,laura.watson969@icloud.com,+1-218-703-5554,1842 Park Blvd,Green Bay,WI,91062,United States,2025-07-13,Small Business
CUST-12357,Bruce Bell,bruce.bell166@bizmail.io,+1-909-399-6885,1734 Sunset Way,Durham,NC,60788,United States,2024-08-26,Consumer
CUST-12358,Donna Gray,donna.gray423@gmail.com,+1-204-369-3087,4192 Main St,Springfield,MA,92816,United States,2025-07-18,Consumer
CUST-12359,Brenda Martinez,brenda.martinez883@yahoo.com,+1-388-568-2291,6145 Sunset Way,vancouver,WA,69193,United States,2024-04-29,Consumer
CUST-12360,Roger Mendez,roger.mendez354@yahoo.com,+1-622-612-8067,811 Lakeview Ave,Lake Charles,LA,11569,United States,2025-06-26,Consumer
CUST-12361,George Parker,george.parker310@hotmail.com,+1-697-850-1551,9663 Sunset Way,Clarksville,TN,82525,United States,2025-09-13,Consumer
CUST-12362,Nancy Wood,nancy.wood340@hotmail.com,+1-510-510-3544,342 Maple Rd,Chattanooga,TN,90150,United States,2025-08-17,Consumer
CUST-12363,Danielle Mcdonald,danielle.mcdonald866@corporate.com,+1-395-941-2155,4102 Park Blvd,Winston-Salem,NC,81331,United States,2025-07-30,Consumer
CUST-12364,Carolyn Hernandez,carolyn.hernandez945@gmail.com,+1-912-356-7230,6336 Broadway,Las Vegas,NV,24401,United States,2025-02-22,Consumer
CUST-12365,Angela Young,angela.young16@corporate.com,+1-287-225-5320,7541 Oak Ave,Duluth,MN,63577,United States,2025-01-07,Corporate
CUST-12366,Louis Young,louis.young138@proton.me,+1-587-873-3343,5077 Lakeview Ave,Hillsboro,OR,90692,United States,2025-11-04,Consumer
CUST-12367,Amber Diaz,amber.diaz278@yahoo.com,+1-487-295-4244,1242 Sunset Way,Houston,TX,38894,United States,2024-10-16,Consumer
CUST-12368,Ann Silva,ann.silva953@yahoo.com,+1-914-920-4792,2665 Elm St,Detroit,MI,54801,United States,2025-10-31,Consumer
CUST-12369,Jesse Smith,jesse.smith524@proton.me,+1-624-201-5503,882 Washington Ave,Sterling Heights,MI,15053,United States,2024-09-04,Consumer
CUST-12370,Keith Alexander,keith.alexander212@yahoo.com,+1-468-562-7385,4552 Elm St,Columbus,OH,12854,United States,2023-06-18,Consumer
CUST-12371,Michelle Alexander,michelle.alexander285@gmail.com,+1-665-943-5386,547 Cedar Blvd,Bloomington,MN,88596,United States,2024-07-29,Consumer
CUST-12372,Kelly Ortiz,kelly.ortiz953@bizmail.io,+1-203-818-4762,4145 Highland Dr,Racine,WI,90404,United States,2024-12-19,Consumer
CUST-12373,Isabella Simpson,isabella.simpson424@hotmail.com,+1-272-204-7312,377 Cedar Blvd,San Antonio,TX,92585,United States,2024-10-17,Consumer
CUST-12374,Kelly Hughes,kelly.hughes579@gmail.com,+1-556-700-7497,4055 Oak Ave,Las Vegas,NV,,United States,2025-02-07,Consumer
CUST-12375,Michael Ford,michael.ford426@yahoo.com,+1-369-529-4700,6590 Main St,Aurora,CO,48708,United States,2024-02-20,Consumer
CUST-12376,Jessica Bailey,jessica.bailey485@hotmail.com,+1-774-587-9500,9781 Pine St,Ann Arbor,MI,62429,United States,2023-12-11,Consumer
CUST-12377,Lauren Brown,lauren.brown64@bizmail.io,+1-679-204-2176,7382 Park Blvd,Seattle,WA,13323,United States,2025-01-12,Small Business
CUST-12378,Jeffrey Munoz,jeffrey.munoz619@icloud.com,+1-406-237-8276,8747 Oak Ave,Trenton,NJ,50624,United States,2023-09-20,Consumer
CUST-12379,Olivia Ramirez,olivia.ramirez294@gmail.com,+1-374-295-5391,4795 Pine St,Portland,OR,14785,United States,2024-01-16,Consumer
CUST-12380,Catherine Bennett,catherine.bennett247@icloud.com,+1-881-877-9503,5064 Broadway,Springfield,MA,39812,United States,2024-01-16,Consumer
CUST-12381,Theresa Mendoza,theresa.mendoza591@yahoo.com,+1-691-994-1434,3558 Lakeview Ave,Henderson,NV,39990,United States,2024-04-25,Consumer
CUST-12382,James Anderson,james.anderson194@corporate.com,+1-841-613-6701,3613 Lakeview Ave,Racine,WI,86494,United States,2024-09-01,Consumer
CUST-12383,Natalie Simpson,natalie.simpson116@bizmail.io,+1-421-781-5971,7105 Lakeview Ave,Fort Collins,CO,40848,United States,2023-09-26,Small Business
CUST-12384,Harold Hill,harold.hill876@corporate.com,+1-537-877-4991,2613 Park Blvd,Covington,KY,55743,United States,2025-04-25,Consumer
CUST-12385,Peter White,peter.white290@icloud.com,+1-327-983-8890,6498 Park Blvd,Charleston,SC,41644,United States,2024-12-13,Small Business
CUST-12386,Carolyn Sanders,carolyn.sanders903@icloud.com,+1-527-673-3052,2040 Lakeview Ave,Denver,CO,72611,United States,2023-04-12,Consumer
CUST-12387,Michael Powell,michael.powell778@hotmail.com,+1-602-509-7564,3518 Highland Dr,Madison,WI,58626,United States,2023-04-16,Consumer
CUST-12388,Patricia Clark,patricia.clark507@gmail.com,+1-436-813-4888,4204 Broadway,Rochester,MN,57267,United States,2024-10-02,Consumer
CUST-12389,Margaret Marshall,margaret.marshall380@proton.me,+1-329-818-1897,5494 Main St,Bellevue,WA,29780,United States,2024-03-13,Consumer
CUST-12390,Susan Johnson,susan.johnson693@gmail.com,+1-285-534-7948,1309 Washington Ave,Minneapolis,MN,24560,United States,2026-02-22,Consumer
CUST-12391,Deborah Woods,deborah.woods651@yahoo.com,+1-342-289-4784,119 Main St,Bowling Green,KY,91721,United States,2024-12-19,Consumer
CUST-12392,Emily Munoz,emily.munoz394@gmail.com,+1-982-896-7633,7932 Maple Rd,Evansville,IN,97295,United States,2025-05-01,Consumer
CUST-12393,Charles Thomas,charles.thomas137@bizmail.io,+1-892-677-5014,6861 Elm St,Rochester,MN,79366,United States,2024-12-07,Small Business
CUST-12394,Sarah Crawford,sarah.crawford570@outlook.com,+1-343-221-7728,3595 Oak Ave,Chicago,IL,79508,United States,2025-08-21,Consumer
CUST-12395,Brenda Young,brenda.young654@icloud.com,+1-229-359-4106,6874 Pine St,Seattle,WA,93633,United States,2023-09-20,Corporate
CUST-12396,Victoria Crawford,victoria.crawford334@yahoo.com,+1-623-673-8119,4587 Main St,Scottsdale,AZ,34808,United States,2025-01-28,Corporate
CUST-12397,Kathryn Moore,kathryn.moore193@proton.me,+1-343-746-3444,6691 Park Blvd,Birmingham,AL,96322,United States,2023-03-18,Small Business
CUST-12398,Bryan Morris,bryan.morris876@proton.me,+1-369-390-6128,3131 Highland Dr,Rockville,MD,89300,United States,2023-10-30,Consumer
CUST-12399,Nicole Aguilar,nicole.aguilar449@corporate.com,+1-719-315-2902,1318 Pine St,Baton Rouge,LA,92548,United States,2024-11-07,Corporate
CUST-12400,Barbara Barnes,barbara.barnes35@proton.me,+1-775-711-8846,1495 Elm St,Sacramento,CA,78123,United States,2024-12-20,Consumer
CUST-12401,Alan Anderson,alan.anderson553@bizmail.io,+1-824-253-3813,5938 Highland Dr,Columbia,SC,73108,United States,2024-03-27,Consumer
CUST-12402,Randy Morgan,randy.morgan182@yahoo.com,+1-622-382-7501,6576 Lakeview Ave,Henderson,NV,71336,United States,2024-03-23,Consumer
CUST-12403,Samuel Ellis,samuel.ellis189@proton.me,+1-552-873-9023,7774 Cedar Blvd,Fort Worth,TX,10879,United States,2024-09-30,Corporate
CUST-12404,Arthur Gomez,arthur.gomez791@proton.me,+1-269-777-3392,4275 Lakeview Ave,Clarksville,TN,51398,United States,2024-05-26,Consumer
CUST-12405,Charles Taylor,charles.taylor996@bizmail.io,+1-212-423-9645,7074 Maple Rd,Saint Paul,MN,61316,United States,2023-09-23,Small Business
CUST-12406,Grace Hamilton,grace.hamilton383@hotmail.com,+1-947-364-4363,3507 Main St,Miami,FL,31012,United States,2023-12-31,Corporate
CUST-12407,Raymond Jenkins,raymond.jenkins726@outlook.com,+1-791-370-5140,9252 Maple Rd,Albany,NY,76606,United States,2025-01-06,Consumer
CUST-12408,Carol Lewis,carol.lewis743@icloud.com,+1-285-375-8231,3860 Lakeview Ave,Hartford,CT,99515,United States,2026-03-12,Consumer
CUST-12409,Justin Owens,justin.owens493@outlook.com,+1-206-265-8359,468 Sunset Way,Aurora,IL,10349,United States,2024-06-16,Consumer
CUST-12410,Nicholas Moore,nicholas.moore637@corporate.com,+1-980-414-7480,5445 Oak Ave,Saint Paul,MN,74232,United States,2023-12-19,Consumer
CUST-12411,Katherine Price,katherine.price28@proton.me,+1-282-233-9409,1981 Highland Dr,El Paso,TX,12553,United States,2024-07-21,Consumer
CUST-12412,Shirley Allen,shirley.allen716@gmail.com,+1-213-414-7854,275 Park Blvd,Tucson,AZ,37261,United States,2025-09-10,Consumer
CUST-12413,Elizabeth Flores,elizabeth.flores695@hotmail.com,+1-899-345-5499,3335 Park Blvd,Atlanta,GA,34956,United States,2023-06-13,Consumer
CUST-12414,Sandra Fisher,sandra.fisher895@yahoo.com,+1-625-926-7494,3722 Oak Ave,Edmond,OK,13949,United States,2025-08-15,Consumer
CUST-12415,Joyce Olson,joyce.olson754@hotmail.com,+1-209-454-4380,123 Pine St,Hillsboro,OR,71767,United States,2024-04-02,Consumer
CUST-12416,Thomas Jones,thomas.jones280@bizmail.io,+1-204-231-9955,4808 Pine St,Jacksonville,FL,61244,United States,2024-03-25,Corporate
CUST-12417,Linda Sanchez,linda.sanchez426@hotmail.com,+1-346-794-7764,2884 Sunset Way,Huntsville,AL,74199,United States,2024-07-26,Consumer
CUST-12418,Matthew Walker,matthew.walker679@corporate.com,+1-830-786-7810,1717 Lakeview Ave,San Diego,CA,12380,United States,2024-05-27,Corporate
CUST-12419,Gregory Adams,gregory.adams723@outlook.com,+1-336-876-1786,5414 Sunset Way,Norfolk,VA,42052,United States,2024-07-22,Corporate
CUST-12420,Peter Mason,peter.mason368@hotmail.com,+1-957-258-6014,8241 Washington Ave,Aurora,CO,40803,United States,2023-12-02,Consumer
CUST-12421,Marilyn Gomez,marilyn.gomez128@proton.me,+1-994-362-6318,5332 Sunset Way,New York,NY,21395,United States,2024-05-16,Consumer
CUST-12422,Kyle Romero,kyle.romero421@gmail.com,+1-426-284-8293,4627 Sunset Way,Independence,MO,33221,United States,2023-05-15,Consumer
CUST-12423,Jennifer Rogers,jennifer.rogers17@bizmail.io,+1-320-756-8074,1204 Pine St,Covington,KY,76518,United States,2024-05-27,Corporate
CUST-12424,Alice Cruz,alice.cruz686@proton.me,+1-810-385-1740,5440 Lakeview Ave,Reno,NV,48668,United States,2024-05-08,Corporate
CUST-12425,Olivia Chavez,olivia.chavez883@yahoo.com,+1-309-896-4086,7459 Highland Dr,Clarksville,TN,89595,United States,2023-12-02,Corporate
CUST-12426,Sophia Ward,sophia.ward462@hotmail.com,+1-532-985-2705,1537 Washington Ave,Cambridge,MA,28716,United States,2024-07-22,Consumer
CUST-12427,Catherine Murray,catherine.murray909@proton.me,+1-875-371-3974,2005 Cedar Blvd,Boston,MA,24290,United States,2023-03-20,Consumer
CUST-12428,Dylan Long,dylan.long288@bizmail.io,+1-643-897-2152,2228 Broadway,Sacramento,CA,35658,United States,2026-01-27,Consumer
CUST-12429,Roger Freeman,roger.freeman297@corporate.com,+1-308-958-2914,4137 Lakeview Ave,Fresno,CA,74991,United States,2025-02-20,Corporate
CUST-12430,Julia Wallace,julia.wallace938@proton.me,+1-912-603-1796,3709 Cedar Blvd,Boston,MA,93021,United States,2025-09-14,Consumer
CUST-12431,Carl Medina,carl.medina384@corporate.com,+1-724-867-2718,9047 Pine St,New Haven,CT,77287,United States,2024-06-08,Corporate
CUST-12432,Lauren Jenkins,lauren.jenkins18@gmail.com,+1-681-442-9133,9723 Pine St,Albany,NY,84510,United States,2025-01-19,Consumer
CUST-12433,Vincent Munoz,vincent.munoz483@hotmail.com,+1-517-483-2807,808 Park Blvd,Bowling Green,KY,50977,United States,2024-09-30,Consumer
CUST-12434,Carol Barnes,carol.barnes679@icloud.com,+1-504-987-8404,5910 Highland Dr,Tacoma,WA,47330,United States,2025-08-27,Consumer
CUST-12435,Brittany Gutierrez,brittany.gutierrez951@icloud.com,+1-825-728-6396,9401 Lakeview Ave,Trenton,NJ,95492,United States,2025-01-06,Consumer
CUST-12436,Ralph Wells,ralph.wells471@icloud.com,+1-888-708-6404,6926 Broadway,Newport News,VA,51186,United States,2024-01-04,Small Business
CUST-12437,Dennis Wallace,dennis.wallace703@gmail.com,+1-700-910-4449,1030 Park Blvd,Grand Rapids,MI,50184,United States,2023-06-19,Consumer
CUST-12438,Beverly Graham,beverly.graham911@icloud.com,+1-523-873-1418,142 Park Blvd,North Las Vegas,NV,22310,United States,2023-10-21,Consumer
CUST-12439,Sara Green,sara.green339@hotmail.com,+1-213-441-4098,6797 Highland Dr,Cleveland,OH,75673,United States,2025-07-31,Consumer
CUST-12440,Gloria Bennett,gloria.bennett99@outlook.com,+1-899-602-6161,3304 Maple Rd,Birmingham,AL,39387,United States,2026-03-04,Consumer
CUST-12441,Amber James,amber.james169@hotmail.com,+1-808-906-1878,3186 Maple Rd,Ann Arbor,MI,69046,United States,2025-09-30,Small Business
CUST-12442,Evelyn West,evelyn.west347@gmail.com,+1-799-448-6848,5243 Elm St,Sterling Heights,MI,90265,United States,2025-12-29,Consumer
CUST-12443,David Hill,david.hill491@hotmail.com,+1-275-399-7850,5165 Pine St,Yonkers,NY,24882,United States,2026-03-17,Small Business
CUST-12444,Austin Peterson,austin.peterson794@outlook.com,+1-310-764-5084,9882 Oak Ave,Owensboro,KY,24569,United States,2023-10-12,Small Business
CUST-12445,Marilyn Brown,marilyn.brown762@corporate.com,+1-305-357-3766,2548 Sunset Way,Newark,NJ,67357,United States,2024-01-25,Consumer
CUST-12446,Abigail Miller,abigail.miller439@proton.me,+1-454-887-1071,4305 Elm St,Tacoma,WA,47130,United States,2024-05-15,Consumer
CUST-12447,Debra Henry,debra.henry227@proton.me,+1-638-206-9187,8266 Park Blvd,Buffalo,NY,63462,United States,2024-07-19,Corporate
CUST-12448,Alan Richardson,alan.richardson509@corporate.com,+1-396-790-2011,4406 Broadway,Athens,GA,,United States,2025-03-14,Corporate
CUST-12449,  Hannah Rivera  ,hannah.rivera748@outlook.com,+1-634-776-1284,3110 Broadway,Bellevue,WA,59418,United States,2025-01-16,Consumer
CUST-12450,Olivia Myers,olivia.myers116@bizmail.io,+1-991-820-1608,7172 Broadway,Minneapolis,MN,62482,United States,2024-07-10,Small Business
CUST-12451,Eugene Moore,eugene.moore49@gmail.com,+1-412-798-4420,4242 Pine St,Minneapolis,MN,32628,United States,2024-07-03,Consumer
CUST-12452,Jean Griffin,jean.griffin196@yahoo.com,+1-764-864-4172,3993 Broadway,Salt Lake City,UT,60120,United States,2025-06-30,Corporate
CUST-12453,Albert Jackson,albert.jackson634@outlook.com,+1-315-202-6524,3775 Main St,Gaithersburg,MD,95039,United States,2025-07-13,Consumer
CUST-12454,Adam Hernandez,adam.hernandez915@outlook.com,+1-723-438-8590,7382 Lakeview Ave,Waterbury,CT,26505,United States,2026-02-07,Consumer
CUST-12455,Susan Watson,susan.watson512@bizmail.io,+1-370-760-3380,1118 Washington Ave,Racine,WI,52487,United States,2024-10-23,Consumer
CUST-12456,Denise Medina,denise.medina441@gmail.com,+1-498-464-7815,6966 Elm St,Las Vegas,NV,31942,United States,2026-04-09,Consumer
CUST-12457,Natalie Cooper,natalie.cooper436@gmail.com,+1-862-636-5346,7308 Maple Rd,Phoenix,AZ,84431,United States,2023-08-30,Consumer
CUST-12458,Debra Rivera,debra.rivera573@bizmail.io,+1-911-456-8688,8207 Sunset Way,Worcester,MA,69381,United States,2024-05-21,Small Business
CUST-12459,Olivia Smith,olivia.smith489@bizmail.io,+1-994-254-8110,1515 Maple Rd,Mesa,AZ,72724,United States,2024-11-19,Small Business
CUST-12460,  Alice Patterson  ,alice.patterson418@gmail.com,+1-813-339-9399,2502 Washington Ave,Springfield,MO,30324,United States,2025-07-22,Consumer
CUST-12461,Bruce Long,bruce.long11@proton.me,+1-400-704-2221,8553 Washington Ave,Jacksonville,FL,13518,United States,2024-12-21,Consumer
CUST-12462,Marie Jenkins,marie.jenkins86@corporate.com,+1-587-512-8732,9557 Elm St,Indianapolis,IN,36380,United States,2023-05-16,Consumer
CUST-12463,Sara Stevens,sara.stevens789@hotmail.com,+1-336-770-6914,4003 Elm St,Bridgeport,CT,32832,United States,2025-05-06,Consumer
CUST-12464,Aaron Jones,aaron.jones641@hotmail.com,+1-769-220-9557,7308 Main St,Bowie,MD,21219,United States,2025-12-09,Small Business
CUST-12465,James Tran,james.tran184@gmail.com,+1-691-678-2695,998 Park Blvd,nashville,TN,58105,United States,2024-03-03,Corporate
CUST-12466,Henry Harrison,henry.harrison398@bizmail.io,+1-916-355-5811,6854 Oak Ave,Mobile,AL,88263,United States,2024-04-28,Consumer
CUST-12467,Sarah White,sarah.white62@bizmail.io,+1-252-308-9132,9197 Lakeview Ave,Orem,UT,10066,United States,2026-03-21,Consumer
CUST-12468,Patricia Myers,patricia.myers305@bizmail.io,+1-367-902-4762,2977 Main St,Naperville,IL,97179,United States,2026-02-22,Consumer
CUST-12469,Brian Porter,brian.porter494@hotmail.com,+1-863-671-6468,3869 Highland Dr,Newport News,VA,89042,United States,2023-10-11,Consumer
CUST-12470,Isabella Jordan,isabella.jordan164@corporate.com,+1-879-894-5225,2815 Main St,Raleigh,NC,55422,United States,2024-09-05,Consumer
CUST-12471,Mark Hughes,mark.hughes973@proton.me,+1-295-392-4905,7613 Highland Dr,Springfield,MA,15157,United States,2025-03-25,Corporate
CUST-12472,Henry Jenkins,henry.jenkins771@corporate.com,+1-985-204-9686,5346 Elm St,Bellevue,WA,25101,United States,2023-11-27,Consumer
CUST-12473,Christina Cox,christina.cox315@corporate.com,+1-728-721-2291,4606 Pine St,Bowling Green,KY,,United States,2026-02-25,Consumer
CUST-12474,Joseph Diaz,joseph.diaz300@gmail.com,+1-890-564-8277,4285 Pine St,South Bend,IN,32402,United States,2024-07-09,Consumer
CUST-12475,Kathryn Mcdonald,kathryn.mcdonald392@icloud.com,+1-524-348-8231,9785 Oak Ave,Cleveland,OH,43873,United States,2023-12-19,Consumer
CUST-12476,Danielle Anderson,danielle.anderson266@corporate.com,+1-893-634-9383,9175 Broadway,Virginia Beach,VA,80022,United States,2023-07-05,Small Business
CUST-12477,Jeffrey Nelson,jeffrey.nelson431@yahoo.com,+1-712-881-4434,957 Broadway,Columbus,GA,85612,United States,2025-12-26,Consumer
CUST-12478,Willie Peterson,willie.peterson161@corporate.com,,8215 Broadway,Los Angeles,CA,30473,United States,2023-06-07,Small Business
CUST-12479,Gregory Ramos,gregory.ramos539@bizmail.io,+1-761-304-3308,1152 Pine St,Salem,OR,85293,United States,2023-05-08,Consumer
CUST-12480,Alice Marshall,alice.marshall15@hotmail.com,+1-378-797-5061,7565 Oak Ave,Springfield,MA,60671,United States,2024-11-04,Consumer
CUST-12481,Nicholas Griffin,nicholas.griffin90@bizmail.io,+1-387-711-6504,8870 Main St,Dallas,TX,66332,United States,2025-05-27,Corporate
CUST-12482,Andrew Hunter,andrew.hunter644@bizmail.io,+1-803-754-9597,7653 Park Blvd,Chandler,AZ,66080,United States,2025-05-26,Consumer
CUST-12483,Andrea Gutierrez,andrea.gutierrez251@hotmail.com,+1-204-318-3231,9623 Lakeview Ave,Shreveport,LA,19079,United States,2023-11-18,Small Business
CUST-12484,James James,james.james350@yahoo.com,+1-915-795-4420,4215 Washington Ave,Scranton,PA,69464,United States,2023-12-23,Corporate
CUST-12485,Michael Lewis,michael.lewis303@hotmail.com,+1-690-818-4971,7012 Lakeview Ave,Eugene,OR,79204,United States,2025-07-22,Corporate
CUST-12486,Donald Moore,donald.moore149@outlook.com,+1-918-445-2017,7724 Main St,Scottsdale,AZ,62699,United States,2024-05-24,Consumer
CUST-12487,Nicholas Medina,nicholas.medina114@corporate.com,+1-235-334-3138,7464 Broadway,Norman,OK,40417,United States,2026-03-31,Small Business
CUST-12488,Susan Diaz,susan.diaz742@bizmail.io,+1-269-749-7780,2753 Pine St,Henderson,NV,95271,United States,2023-12-12,Consumer
CUST-12489,Patrick Butler,patrick.butler143@yahoo.com,+1-414-756-1234,8153 Sunset Way,Oklahoma City,OK,23780,United States,2025-05-11,Corporate
CUST-12490,Jeremy Marshall,jeremy.marshall89@proton.me,+1-913-505-6680,8466 Elm St,Hartford,CT,64551,United States,2026-02-23,Consumer
CUST-12491,Patrick Gonzales,patrick.gonzales545@gmail.com,+1-369-843-9556,2983 Elm St,North Charleston,SC,20473,United States,2024-08-02,Consumer
CUST-12492,Denise Aguilar,denise.aguilar52@proton.me,+1-828-479-7391,9755 Lakeview Ave,Vancouver,WA,86546,United States,2023-05-21,Consumer
CUST-12493,Brian Castro,brian.castro303@bizmail.io,+1-236-536-3525,828 Cedar Blvd,New Haven,CT,79810,United States,2023-08-08,Consumer
CUST-12494,Alan Nelson,alan.nelson821@outlook.com,+1-414-963-3610,374 Cedar Blvd,Columbia,MO,21949,United States,2023-05-21,Corporate
CUST-12495,Hannah Fisher,hannah.fisher568@corporate.com,+1-339-637-9873,5636 Maple Rd,Joliet,IL,72984,United States,2024-10-08,Consumer
CUST-12496,Natalie Long,natalie.long16@bizmail.io,+1-659-774-4710,4501 Park Blvd,Birmingham,AL,29600,United States,2026-04-02,Small Business
CUST-12497,Mary Sullivan,mary.sullivan853@icloud.com,+1-472-853-6684,6133 Park Blvd,Duluth,MN,39826,United States,2025-05-24,Consumer
CUST-12498,Brian Roberts,brian.roberts669@gmail.com,+1-257-460-6416,3589 Elm St,Broken Arrow,OK,75497,United States,2025-09-09,Consumer
CUST-12499,Walter Parker,walter.parker235@outlook.com,+1-374-763-6642,7442 Main St,Henderson,NV,70592,United States,2026-01-27,Consumer
CUST-12500,Shirley Hernandez,shirley.hernandez307@corporate.com,+1-733-818-4652,9583 Park Blvd,Paterson,NJ,54269,United States,2025-07-23,Corporate
CUST-12501,Willie Martinez,willie.martinez498@yahoo.com,+1-568-797-7903,4777 Washington Ave,Miami,FL,64469,United States,2024-10-08,Corporate
CUST-12502,Martha Powell,martha.powell314@hotmail.com,+1-727-887-5334,7165 Park Blvd,Bellevue,WA,11331,United States,2024-06-27,Corporate
CUST-12503,Randy Rivera,randy.rivera567@proton.me,+1-560-747-8622,7271 Main St,Henderson,NV,47148,United States,2026-01-07,Consumer
CUST-12504,Dorothy Morris,dorothy.morris870@hotmail.com,+1-363-631-5498,620 Park Blvd,Reno,NV,86373,United States,2024-12-11,Consumer
CUST-12505,Dylan Chavez,dylan.chavez976@gmail.com,+1-430-450-9382,574 Lakeview Ave,New York,NY,26878,United States,2025-04-04,Consumer
CUST-12506,Cheryl Bryant,cheryl.bryant567@icloud.com,+1-453-564-7951,9106 Highland Dr,Broken Arrow,OK,28845,United States,2025-11-26,Consumer
CUST-12507,Terry Martin,terry.martin384@icloud.com,,3339 Elm St,Kansas City,MO,25331,United States,2026-03-14,Consumer
CUST-12508,Albert Munoz,albert.munoz795@bizmail.io,+1-272-526-7241,6093 Highland Dr,Memphis,TN,77042,United States,2023-11-22,Consumer
CUST-12509,Kyle Henry,kyle.henry591@proton.me,+1-826-783-7076,6126 Main St,Richmond,VA,54646,United States,2024-10-03,Corporate
CUST-12510,Willie Morris,willie.morris94@bizmail.io,+1-317-507-9420,6072 Pine St,Rockford,IL,92777,United States,2024-03-30,Corporate
CUST-12511,Doris Ruiz,doris.ruiz766@proton.me,+1-346-263-8424,8776 Broadway,North Charleston,SC,27168,United States,2025-07-07,Small Business
CUST-12512,Bobby Martin,bobby.martin904@yahoo.com,+1-824-844-4030,1616 Pine St,Aurora,CO,22619,United States,2024-03-15,Corporate
CUST-12513,Pamela Ramos,pamela.ramos51@outlook.com,+1-684-845-7319,4393 Park Blvd,Chicago,IL,36805,United States,2024-08-15,Consumer
CUST-12514,Bradley Harrison,bradley.harrison852@proton.me,+1-899-447-3823,1600 Maple Rd,Detroit,MI,34713,United States,2025-08-15,Corporate
CUST-12515,Brenda Williams,brenda.williams249@hotmail.com,+1-859-222-5104,1578 Maple Rd,Frederick,MD,67213,United States,2025-06-11,Corporate
CUST-12516,Gloria Martinez,gloria.martinez499@proton.me,+1-796-781-2001,540 Pine St,Columbia,SC,56344,United States,2024-05-21,Small Business
CUST-12517,Nicholas Thompson,nicholas.thompson342@hotmail.com,+1-616-208-2414,9171 Highland Dr,Lexington,KY,30167,United States,2025-08-25,Consumer
CUST-12518,Sandra Evans,sandra.evans830@proton.me,+1-684-270-4311,3611 Highland Dr,Birmingham,AL,44339,United States,2024-09-19,Corporate
CUST-12519,Danielle Rivera,danielle.rivera99@outlook.com,+1-705-444-5757,2204 Oak Ave,Scottsdale,AZ,64527,United States,2023-10-29,Corporate
CUST-12520,Alexis Nelson,alexis.nelson95@icloud.com,+1-240-294-5751,9800 Pine St,New Haven,CT,75863,United States,2025-12-06,Consumer
CUST-12521,Noah Burns,noah.burns550@yahoo.com,+1-792-588-7752,5048 Elm St,Independence,MO,94505,United States,2026-02-17,Consumer
CUST-12522,Arthur Ramirez,arthur.ramirez696@icloud.com,+1-396-528-7431,9301 Lakeview Ave,Fort Wayne,IN,19188,United States,2026-03-19,Corporate
CUST-12523,Olivia Hill,olivia.hill418@bizmail.io,+1-255-507-2133,8034 Oak Ave,Lafayette,LA,92055,United States,2025-02-07,Consumer
CUST-12524,Wayne Harrison,wayne.harrison919@bizmail.io,+1-497-236-6260,594 Oak Ave,Fort Worth,TX,25093,United States,2023-04-04,Consumer
CUST-12525,Kenneth Garcia,kenneth.garcia386@corporate.com,+1-228-704-2255,4295 Sunset Way,Greensboro,NC,87651,United States,2025-01-07,Consumer
CUST-12526,Joseph Hayes,joseph.hayes734@bizmail.io,+1-355-431-2232,6282 Lakeview Ave,Norfolk,VA,56937,United States,2023-11-14,Consumer
CUST-12527,Ronald Bryant,ronald.bryant677@gmail.com,+1-523-989-8200,607 Cedar Blvd,Huntsville,AL,22166,United States,2023-08-04,Corporate
CUST-12528,Ruth Evans,ruth.evans33@gmail.com,+1-553-808-5602,6696 Highland Dr,Chandler,AZ,70510,United States,2026-01-28,Corporate
CUST-12529,Heather Burns,heather.burns233@bizmail.io,+1-260-229-9079,1871 Lakeview Ave,Tulsa,OK,42482,United States,2025-01-14,Consumer
CUST-12530,John Miller,john.miller681@gmail.com,+1-772-630-4242,4190 Maple Rd,Oklahoma City,OK,45959,United States,2023-08-21,Consumer
CUST-12531,Linda Russell,linda.russell310@hotmail.com,+1-912-754-9620,9144 Cedar Blvd,Waterbury,CT,74345,United States,2024-07-09,Consumer
CUST-12532,Gary Graham,gary.graham514@outlook.com,+1-345-737-6325,8975 Lakeview Ave,Milwaukee,WI,85729,United States,2024-07-14,Consumer
CUST-12533,Alexander Peterson,alexander.peterson645@yahoo.com,+1-789-630-1392,3618 Pine St,Newark,NJ,37731,United States,2024-06-01,Consumer
CUST-12534,Philip Stewart,philip.stewart940@icloud.com,+1-760-927-9012,3302 Washington Ave,Clarksville,TN,83504,United States,2024-01-05,Corporate
CUST-12535,Deborah Nguyen,deborah.nguyen274@icloud.com,+1-621-461-8192,6065 Sunset Way,Kansas City,MO,14265,United States,2025-01-24,Consumer
CUST-12536,Stephen Medina,stephen.medina110@corporate.com,+1-436-702-2447,2234 Main St,Mobile,AL,44832,United States,2023-12-31,Consumer
CUST-12537,Christine Ruiz,christine.ruiz419@gmail.com,+1-324-466-6871,8511 Pine St,Gaithersburg,MD,73017,United States,2025-06-20,Consumer
CUST-12538,  Isabella Morgan  ,isabella.morgan459@outlook.com,+1-757-315-6105,3609 Lakeview Ave,Louisville,KY,58479,United States,2024-12-29,Consumer
CUST-12539,Adam Castro,adam.castro405@gmail.com,+1-403-584-2247,1563 Sunset Way,Miami,FL,50228,United States,2024-04-11,Consumer
CUST-12540,Isabella Garcia,isabella.garcia286@corporate.com,+1-559-464-3874,6624 Sunset Way,Paterson,NJ,92653,United States,2024-07-19,Small Business
CUST-12541,Philip Rogers,philip.rogers283@gmail.com,+1-403-497-5467,5257 Pine St,Chattanooga,TN,21731,United States,2025-02-11,Small Business
CUST-12542,Patrick Bell,patrick.bell17@yahoo.com,+1-294-815-7777,2355 Maple Rd,Los Angeles,CA,40260,United States,2024-01-14,Consumer
CUST-12543,Jeffrey Aguilar,jeffrey.aguilar938@hotmail.com,+1-903-328-2621,7391 Lakeview Ave,Covington,KY,71810,United States,2024-04-21,Corporate
CUST-12544,Martha Reyes,martha.reyes342@bizmail.io,+1-221-799-4173,4337 Main St,Virginia Beach,VA,86143,United States,2023-06-01,Corporate
CUST-12545,Nancy Sullivan,nancy.sullivan81@icloud.com,+1-621-909-5253,415 Cedar Blvd,Syracuse,NY,24876,United States,2024-05-23,Consumer
CUST-12546,Nicholas Woods,nicholas.woods842@bizmail.io,+1-234-215-7880,2929 Park Blvd,Dayton,OH,72109,United States,2024-11-20,Small Business
CUST-12547,Denise Vargas,denise.vargas840@outlook.com,+1-808-563-5179,4770 Highland Dr,Bridgeport,CT,49961,United States,2024-07-14,Corporate
CUST-12548,Gregory Ramos,gregory.ramos872@proton.me,+1-645-333-8776,5716 Maple Rd,Portland,OR,72387,United States,2025-08-21,Consumer
CUST-12549,Mark Coleman,mark.coleman287@hotmail.com,+1-672-793-5662,5325 Highland Dr,Fort Collins,CO,36829,United States,2026-01-15,Consumer
CUST-12550,Donald Sullivan,donald.sullivan442@hotmail.com,+1-949-726-8969,1592 Broadway,St. Louis,MO,31273,United States,2025-03-22,Small Business
CUST-12551,  Susan White  ,susan.white999@yahoo.com,+1-328-899-5650,5635 Park Blvd,San Jose,CA,82900,United States,2023-12-02,Consumer
CUST-12552,Natalie Morris,natalie.morris318@hotmail.com,+1-292-915-5725,2946 Broadway,Norman,OK,84223,United States,2026-03-09,Corporate
CUST-12553,Gary Watson,gary.watson216@icloud.com,+1-694-373-9763,7831 Lakeview Ave,Baton Rouge,LA,81017,United States,2024-06-12,Consumer
CUST-12554,Judith Wells,judith.wells59@outlook.com,+1-624-533-7199,4587 Broadway,Tallahassee,FL,37278,United States,2023-04-21,Consumer
CUST-12555,Matthew Perez,matthew.perez914@yahoo.com,+1-737-679-1614,8648 Highland Dr,Carmel,IN,27025,United States,2024-07-01,Consumer
CUST-12556,James West,james.west87@hotmail.com,+1-610-463-5171,6355 Lakeview Ave,Jacksonville,FL,25631,United States,2025-09-26,Consumer
CUST-12557,Sara Gibson,sara.gibson381@hotmail.com,+1-376-949-5947,8119 Cedar Blvd,Syracuse,NY,69962,United States,2025-01-23,Small Business
CUST-12558,Amber Medina,amber.medina256@bizmail.io,+1-938-885-8911,4890 Sunset Way,Norman,OK,34212,United States,2023-05-08,Consumer
CUST-12559,Harold Alexander,harold.alexander583@yahoo.com,+1-847-350-6580,4069 Maple Rd,Yonkers,NY,83441,United States,2026-05-22,Consumer
CUST-12560,Daniel Dixon,daniel.dixon177@outlook.com,+1-615-694-1989,6802 Broadway,Portland,OR,82168,United States,2023-04-21,Consumer
CUST-12561,Donna Marshall,donna.marshall230@proton.me,+1-670-264-7715,5137 Washington Ave,Norfolk,VA,81999,United States,2024-01-01,Corporate
CUST-12562,Paul Ramirez,paul.ramirez709@bizmail.io,+1-209-975-1346,7423 Main St,Portland,OR,34761,United States,2026-05-29,Corporate
CUST-12563,Bradley Thomas,bradley.thomas951@corporate.com,+1-969-793-4683,2790 Main St,Lakewood,CO,64645,United States,2023-06-16,Consumer
CUST-12564,Philip Rodriguez,philip.rodriguez289@hotmail.com,+1-808-358-8130,8156 Lakeview Ave,Sparks,NV,40746,United States,2023-03-20,Consumer
CUST-12565,Jose Rivera,jose.rivera827@hotmail.com,+1-889-475-6575,6571 Elm St,Virginia Beach,VA,72229,United States,2024-02-12,Consumer
CUST-12566,Heather Castillo,heather.castillo174@yahoo.com,,8265 Park Blvd,Fort Worth,TX,76824,United States,2024-11-12,Consumer
CUST-12567,David Roberts,david.roberts72@outlook.com,+1-647-383-7507,3798 Main St,Jersey City,NJ,29551,United States,2024-09-09,Consumer
CUST-12568,Maria Rogers,maria.rogers238@icloud.com,+1-210-826-1540,7660 Pine St,Allentown,PA,,United States,2024-06-23,Corporate
CUST-12569,Ruth Collins,ruth.collins361@outlook.com,+1-862-352-5452,7718 Washington Ave,Austin,TX,77494,United States,2024-07-14,Corporate
CUST-12570,Steven Mendoza,steven.mendoza598@gmail.com,+1-263-937-6868,3539 Washington Ave,Toledo,OH,92952,United States,2023-04-15,Corporate
CUST-12571,Jean Turner,jean.turner246@icloud.com,+1-464-332-3448,8829 Elm St,Joliet,IL,66947,United States,2025-04-29,Consumer
CUST-12572,Alexis Aguilar,alexis.aguilar519@outlook.com,+1-390-545-4406,1771 Main St,Worcester,MA,38719,United States,2025-02-13,Consumer
CUST-12573,Walter Wilson,walter.wilson155@icloud.com,+1-457-234-4349,7403 Main St,Independence,MO,50919,United States,2026-05-17,Consumer
CUST-12574,Bobby Gomez,bobby.gomez225@hotmail.com,+1-575-608-2351,2195 Elm St,Lakewood,CO,77454,United States,2025-09-20,Consumer
CUST-12575,Billy Brown,billy.brown113@proton.me,+1-970-903-2862,7923 Washington Ave,Worcester,MA,67657,United States,2024-11-26,Consumer
CUST-12576,Robert Munoz,robert.munoz324@hotmail.com,+1-945-907-3360,1670 Elm St,Warren,MI,56732,United States,2024-04-01,Consumer
CUST-12577,Jeffrey Hamilton,jeffrey.hamilton340@icloud.com,+1-930-348-8377,3347 Broadway,Mesa,AZ,13947,United States,2025-07-13,Small Business
CUST-12578,Joyce Aguilar,joyce.aguilar279@outlook.com,+1-738-769-4496,9474 Main St,Newport News,VA,36762,United States,2023-06-12,Consumer
CUST-12579,Alice Graham,alice.graham226@yahoo.com,+1-910-581-1374,3999 Maple Rd,Tulsa,OK,98830,United States,2023-07-06,Consumer
CUST-12580,Charlotte Henry,charlotte.henry808@yahoo.com,+1-897-901-1489,2193 Elm St,Reno,NV,57553,United States,2024-01-21,Consumer
CUST-12581,Russell Dixon,russell.dixon671@bizmail.io,+1-428-504-9097,6941 Park Blvd,Seattle,WA,62857,United States,2023-06-23,Consumer
CUST-12582,Teresa Vargas,teresa.vargas582@proton.me,+1-941-830-2458,115 Cedar Blvd,Tucson,AZ,28654,United States,2023-06-07,Consumer
CUST-12583,Donna Reynolds,donna.reynolds343@proton.me,+1-779-977-7560,4065 Broadway,Pittsburgh,PA,23521,United States,2024-04-11,Consumer
CUST-12584,Marilyn Coleman,marilyn.coleman639@proton.me,+1-810-495-1118,3394 Sunset Way,Racine,WI,43707,United States,2025-02-19,Consumer
CUST-12585,Louis Kelly,louis.kelly678@proton.me,+1-403-276-8699,1053 Sunset Way,Richmond,VA,,United States,2024-02-02,Consumer
CUST-12586,Joshua White,joshua.white972@icloud.com,+1-589-887-7161,3728 Broadway,Saint Paul,MN,71307,United States,2026-04-29,Corporate
CUST-12587,Russell Jimenez,russell.jimenez184@icloud.com,+1-491-717-8405,4489 Highland Dr,Dayton,OH,34364,United States,2023-10-30,Consumer
CUST-12588,Joyce Powell,joyce.powell136@gmail.com,+1-817-210-5953,9090 Sunset Way,Louisville,KY,86055,United States,2026-05-21,Consumer
CUST-12589,Vincent Garcia,vincent.garcia433@hotmail.com,+1-511-973-8328,9236 Highland Dr,Dayton,OH,30218,United States,2023-12-08,Consumer
CUST-12590,Walter Tran,walter.tran971@hotmail.com,+1-293-695-8057,1054 Highland Dr,Green Bay,WI,92588,United States,2024-05-30,Consumer
CUST-12591,Harold Harris,harold.harris982@yahoo.com,+1-214-492-6735,8141 Cedar Blvd,Warren,MI,93689,United States,2024-02-02,Corporate
CUST-12592,Kathryn Kim,kathryn.kim715@icloud.com,+1-752-651-9996,1033 Lakeview Ave,West Jordan,UT,37971,United States,2024-12-25,Corporate
CUST-12593,Randy Wood,randy.wood685@proton.me,+1-598-647-6648,1539 Sunset Way,Carmel,IN,13931,United States,2025-09-06,Consumer
CUST-12594,Nicole Jordan,nicole.jordan954@icloud.com,+1-655-480-5022,4425 Elm St,Fort Worth,TX,79293,United States,2023-12-07,Consumer
CUST-12595,Christian Brooks,christian.brooks171@proton.me,+1-259-353-4927,838 Sunset Way,Indianapolis,IN,61782,United States,2025-03-19,Corporate
CUST-12596,Alan Jimenez,alan.jimenez179@hotmail.com,+1-427-505-4804,5970 Pine St,Bellevue,WA,93857,United States,2024-11-03,Consumer
CUST-12597,Amanda Lewis,amanda.lewis374@corporate.com,+1-232-440-9264,7503 Oak Ave,Portland,OR,99919,United States,2025-05-14,Consumer
CUST-12598,Rebecca James,rebecca.james400@corporate.com,+1-200-506-1960,3572 Park Blvd,Scottsdale,AZ,48107,United States,2024-09-03,Consumer
CUST-12599,Christina Gonzales,christina.gonzales93@outlook.com,+1-381-318-6538,825 Cedar Blvd,Minneapolis,MN,65840,United States,2025-09-23,Corporate
CUST-12600,Diane Watson,diane.watson738@yahoo.com,+1-853-776-1727,794 Pine St,Columbia,MO,75891,United States,2024-06-11,Consumer
CUST-12601,Jeffrey Parker,jeffrey.parker435@corporate.com,,8547 Elm St,Norfolk,VA,81278,United States,2025-03-14,Consumer
CUST-12602,Michael Nelson,michael.nelson818@gmail.com,+1-308-231-2123,3120 Pine St,Owensboro,KY,35299,United States,2024-07-07,Corporate
CUST-12603,Matthew Marshall,matthew.marshall66@corporate.com,+1-965-869-2484,9893 Pine St,Provo,UT,83260,United States,2025-11-23,Consumer
CUST-12604,Sandra Carter,sandra.carter908@proton.me,+1-544-323-2554,9817 Cedar Blvd,Aurora,CO,14742,United States,2024-03-01,Corporate
CUST-12605,Gerald Vasquez,gerald.vasquez514@yahoo.com,+1-694-207-9786,287 Broadway,South Bend,IN,96542,United States,2025-12-16,Consumer
CUST-12606,Dylan Evans,dylan.evans27@bizmail.io,+1-918-303-7923,1471 Maple Rd,Lake Charles,LA,57925,United States,2025-07-02,Small Business
CUST-12607,Emily Martin,emily.martin177@outlook.com,+1-243-776-5344,777 Broadway,Winston-Salem,NC,56270,United States,2025-04-28,Consumer
CUST-12608,Jason Wallace,jason.wallace381@proton.me,+1-594-358-8355,4276 Sunset Way,West Jordan,UT,75015,United States,2026-01-02,Consumer
CUST-12609,Sarah Campbell,sarah.campbell675@icloud.com,+1-260-597-7071,1303 Washington Ave,Lexington,KY,14302,United States,2024-02-03,Consumer
CUST-12610,Carol Lewis,carol.lewis861@yahoo.com,+1-755-283-2989,2258 Broadway,Columbia,MO,16300,United States,2025-10-02,Corporate
CUST-12611,Marilyn Simpson,marilyn.simpson342@proton.me,+1-797-963-9322,8215 Highland Dr,Columbus,OH,33869,United States,2025-03-04,Corporate
CUST-12612,Joyce Hill,joyce.hill359@corporate.com,+1-768-873-9272,1827 Main St,Tampa,FL,96867,United States,2025-03-05,Corporate
CUST-12613,Albert Ramirez,albert.ramirez59@hotmail.com,+1-567-231-6632,2775 Oak Ave,Lafayette,LA,81771,United States,2023-03-20,Consumer
CUST-12614,Sharon Henderson,sharon.henderson814@hotmail.com,+1-994-305-1218,4247 Pine St,Indianapolis,IN,63077,United States,2026-05-19,Corporate
CUST-12615,David Marshall,david.marshall938@yahoo.com,+1-462-239-4868,4575 Washington Ave,Greenville,SC,75478,United States,2025-12-28,Consumer
CUST-12616,Austin Price,austin.price614@proton.me,+1-713-235-7782,2257 Lakeview Ave,Gresham,OR,11514,United States,2026-03-31,Small Business
CUST-12617,Heather Gonzales,heather.gonzales662@proton.me,+1-785-869-1665,8080 Pine St,Athens,GA,91033,United States,2023-04-16,Consumer
CUST-12618,Christopher Ward,christopher.ward26@hotmail.com,+1-835-567-8443,7359 Washington Ave,Duluth,MN,96235,United States,2025-08-11,Consumer
CUST-12619,Alan Gordon,alan.gordon780@corporate.com,+1-819-287-6658,3298 Main St,Sterling Heights,MI,63246,United States,2023-06-04,Consumer
CUST-12620,Brenda Hayes,brenda.hayes490@hotmail.com,,8599 Elm St,South Bend,IN,26182,United States,2025-08-20,Consumer
CUST-12621,Beverly Jimenez,beverly.jimenez96@yahoo.com,+1-976-599-7339,2346 Lakeview Ave,Kenosha,WI,60867,United States,2025-09-08,Consumer
CUST-12622,Johnny Carter,johnny.carter286@corporate.com,+1-761-808-7767,8015 Broadway,Racine,WI,26708,United States,2024-09-07,Consumer
CUST-12623,Dennis Green,dennis.green312@gmail.com,+1-361-264-6962,8246 Maple Rd,Mobile,AL,99629,United States,2023-08-16,Consumer
CUST-12624,Donna Chavez,donna.chavez358@outlook.com,+1-549-960-7394,654 Main St,Raleigh,NC,36617,United States,2025-08-01,Consumer
CUST-12625,Hannah Porter,hannah.porter473@outlook.com,+1-310-570-1926,5662 Maple Rd,Kenosha,WI,18194,United States,2024-09-06,Consumer
CUST-12626,Brittany Collins,brittany.collins746@yahoo.com,+1-727-478-7086,6878 Main St,Columbus,OH,34696,United States,2024-07-24,Consumer
CUST-12627,Doris Collins,doris.collins163@outlook.com,+1-943-935-3024,208 Highland Dr,Saint Paul,MN,41745,United States,2024-10-18,Consumer
CUST-12628,Lawrence Cooper,lawrence.cooper821@hotmail.com,+1-915-856-2230,4704 Main St,New Haven,CT,24287,United States,2024-12-19,Corporate
CUST-12629,Jeremy Tran,jeremy.tran873@bizmail.io,+1-693-805-9912,2576 Lakeview Ave,raleigh,NC,99248,United States,2025-03-02,Corporate
CUST-12630,Sandra Barnes,sandra.barnes232@bizmail.io,,1423 Sunset Way,Aurora,IL,22154,United States,2023-06-09,Consumer
CUST-12631,David Kennedy,david.kennedy428@proton.me,+1-674-731-8130,3656 Broadway,Naperville,IL,31315,United States,2024-04-07,Consumer
CUST-12632,Kelly Reed,kelly.reed228@hotmail.com,+1-714-735-9735,2454 Cedar Blvd,Tulsa,OK,64658,United States,2024-06-20,Corporate
CUST-12633,Billy Hill,billy.hill141@proton.me,+1-407-534-2912,1207 Park Blvd,Warren,MI,34337,United States,2024-08-25,Small Business
CUST-12634,Charlotte Mitchell,charlotte.mitchell265@hotmail.com,+1-544-574-4774,9177 Lakeview Ave,San Diego,CA,16037,United States,2023-04-24,Consumer
CUST-12635,Walter Green,walter.green494@corporate.com,+1-588-587-1725,8820 Maple Rd,Durham,NC,61997,United States,2026-05-17,Consumer
CUST-12636,Scott Chavez,scott.chavez142@gmail.com,+1-840-683-6134,3501 Oak Ave,Boston,MA,97179,United States,2023-08-10,Consumer
CUST-12637,Marie Jimenez,marie.jimenez115@proton.me,+1-995-968-3232,6590 Maple Rd,Newport News,VA,34848,United States,2023-04-20,Consumer
CUST-12638,Evelyn Ramos,evelyn.ramos13@yahoo.com,+1-215-596-2337,4644 Pine St,Greensboro,NC,38818,United States,2025-12-14,Consumer
CUST-12639,Dylan Ross,dylan.ross287@icloud.com,+1-418-270-8845,1684 Oak Ave,Richmond,VA,50879,United States,2024-09-12,Consumer
CUST-12640,Ryan Morales,ryan.morales178@corporate.com,+1-830-678-1466,1611 Main St,Covington,KY,69103,United States,2024-11-11,Corporate
CUST-12641,Albert Cox,albert.cox624@bizmail.io,+1-573-956-9892,5931 Sunset Way,Warren,MI,88611,United States,2025-02-22,Corporate
CUST-12642,Brittany Murray,brittany.murray534@corporate.com,+1-254-927-3143,1994 Elm St,Indianapolis,IN,72411,United States,2023-06-24,Consumer
CUST-12643,Alice Rogers,alice.rogers537@outlook.com,+1-702-495-1737,3551 Cedar Blvd,Cambridge,MA,38782,United States,2025-03-12,Consumer
CUST-12644,Ryan Burns,ryan.burns961@bizmail.io,+1-214-496-8380,3487 Broadway,Winston-Salem,NC,15368,United States,2024-08-11,Consumer
CUST-12645,Russell Stevens,russell.stevens484@hotmail.com,+1-670-682-9132,4291 Main St,Owensboro,KY,82820,United States,2025-03-10,Consumer
CUST-12646,Jerry Bell,jerry.bell698@bizmail.io,+1-586-934-3281,2755 Sunset Way,Seattle,WA,10489,United States,2024-06-07,Corporate
CUST-12647,George Mason,george.mason858@icloud.com,+1-715-625-9801,2803 Park Blvd,Chicago,IL,86156,United States,2023-05-24,Consumer
CUST-12648,Douglas Wright,douglas.wright220@icloud.com,+1-211-506-6900,9704 Washington Ave,Raleigh,NC,88472,United States,2024-01-09,Consumer
CUST-12649,Elizabeth Perry,elizabeth.perry918@hotmail.com,+1-756-560-4794,1648 Maple Rd,Bloomington,MN,14254,United States,2024-03-01,Consumer
CUST-12650,Angela Evans,angela.evans909@yahoo.com,+1-315-733-6067,7194 Elm St,Evansville,IN,85796,United States,2024-07-04,Consumer
CUST-12651,George Walker,george.walker488@yahoo.com,+1-685-975-1310,5128 Sunset Way,Broken Arrow,OK,40807,United States,2026-04-02,Corporate
CUST-12652,Dennis Cook,dennis.cook754@proton.me,+1-793-558-6921,9151 Broadway,Miami,FL,63840,United States,2023-06-13,Corporate
CUST-12653,Eric Nelson,eric.nelson597@icloud.com,+1-306-413-7719,3269 Lakeview Ave,Madison,WI,75488,United States,2026-01-01,Consumer
CUST-12654,Amanda Cole,amanda.cole514@bizmail.io,+1-699-574-4434,6012 Sunset Way,Cambridge,MA,78113,United States,2024-03-04,Consumer
CUST-12655,Bradley Richardson,bradley.richardson84@proton.me,+1-425-993-1384,9073 Broadway,Knoxville,TN,88068,United States,2025-11-30,Consumer
CUST-12656,Nathan Cole,nathan.cole631@gmail.com,+1-895-701-7652,1983 Elm St,Cleveland,OH,,United States,2025-09-07,Corporate
CUST-12657,Karen Lee,karen.lee325@gmail.com,+1-515-489-4005,3357 Washington Ave,Milwaukee,WI,53818,United States,2025-02-27,Small Business
CUST-12658,Kenneth Martin,kenneth.martin99@gmail.com,+1-943-737-7451,1693 Washington Ave,Bowie,MD,11673,United States,2024-12-12,Corporate
CUST-12659,Nicholas Alexander,nicholas.alexander988@yahoo.com,+1-550-692-4672,8788 Broadway,Ann Arbor,MI,84801,United States,2026-04-24,Small Business
CUST-12660,Joe Wells,joe.wells472@outlook.com,+1-237-798-7461,2036 Main St,Worcester,MA,60738,United States,2024-04-11,Corporate
CUST-12661,Christina Campbell,christina.campbell187@gmail.com,+1-572-721-7339,9399 Highland Dr,Grand Rapids,MI,98424,United States,2023-12-28,Consumer
CUST-12662,Jonathan Castillo,jonathan.castillo382@proton.me,+1-898-654-4202,2671 Park Blvd,Tallahassee,FL,94620,United States,2023-10-14,Consumer
CUST-12663,Juan Bennett,juan.bennett863@bizmail.io,+1-892-711-4368,3096 Lakeview Ave,Duluth,MN,22566,United States,2024-09-07,Corporate
CUST-12664,Jesse Henderson,jesse.henderson575@corporate.com,+1-972-264-1572,8681 Elm St,Elizabeth,NJ,76635,United States,2023-07-26,Consumer
CUST-12665,Frank Herrera,frank.herrera310@icloud.com,+1-913-399-7729,4586 Pine St,north las vegas,NV,87484,United States,2024-04-16,Corporate
CUST-12666,Joshua Cole,joshua.cole444@proton.me,+1-808-603-5322,5585 Sunset Way,Gresham,OR,96226,United States,2024-03-12,Consumer
CUST-12667,Jerry Porter,jerry.porter281@bizmail.io,+1-962-280-6715,5893 Broadway,Hillsboro,OR,92970,United States,2024-12-16,Corporate
CUST-12668,Olivia Cook,olivia.cook142@hotmail.com,+1-224-993-6972,4054 Park Blvd,Denver,CO,93692,United States,2024-08-15,Consumer
CUST-12669,Mary Woods,mary.woods417@proton.me,+1-432-857-5238,5552 Main St,Duluth,MN,90103,United States,2024-11-19,Consumer
CUST-12670,Rachel Bailey,rachel.bailey547@gmail.com,+1-583-435-9717,3637 Cedar Blvd,Oklahoma City,OK,73181,United States,2023-04-23,Corporate
CUST-12671,Diane Henry,diane.henry133@icloud.com,+1-616-815-7222,5063 Lakeview Ave,Scranton,PA,89582,United States,2025-05-10,Consumer
CUST-12672,Stephen Davis,stephen.davis66@hotmail.com,+1-289-560-1021,6429 Cedar Blvd,Macon,GA,37398,United States,2023-10-02,Consumer
CUST-12673,Shirley Davis,shirley.davis427@proton.me,+1-728-435-9732,7504 Broadway,Miami,FL,28501,United States,2024-08-26,Consumer
CUST-12674,Justin Jenkins,justin.jenkins718@corporate.com,+1-642-963-1611,4157 Cedar Blvd,Durham,NC,44927,United States,2023-10-18,Corporate
CUST-12675,  Jeremy Gomez  ,jeremy.gomez124@proton.me,+1-808-350-1879,9530 Pine St,Kenosha,WI,44662,United States,2023-03-20,Corporate
CUST-12676,Daniel Garcia,daniel.garcia55@bizmail.io,+1-746-312-6372,1983 Washington Ave,Fort Collins,CO,67175,United States,2025-05-30,Consumer
CUST-12677,Janice Hamilton,janice.hamilton540@icloud.com,+1-441-222-7997,1528 Pine St,Gaithersburg,MD,36500,United States,2023-09-30,Consumer
CUST-12678,Zachary Munoz,zachary.munoz614@icloud.com,+1-549-223-6635,3105 Washington Ave,Durham,NC,79219,United States,2024-05-01,Consumer
CUST-12679,Linda Russell,linda.russell784@bizmail.io,+1-261-692-2395,8976 Broadway,Knoxville,TN,66716,United States,2023-06-15,Small Business
CUST-12680,Jean Campbell,jean.campbell893@icloud.com,+1-783-312-3086,3173 Park Blvd,Hartford,CT,22432,United States,2025-01-27,Consumer
CUST-12681,Judy Freeman,judy.freeman114@icloud.com,+1-454-710-7737,8300 Park Blvd,Reno,NV,98102,United States,2023-06-30,Consumer
CUST-12682,Cheryl Williams,cheryl.williams653@corporate.com,+1-856-572-2951,590 Washington Ave,Baltimore,MD,15881,United States,2023-09-02,Consumer
CUST-12683,Peter Murray,peter.murray670@hotmail.com,+1-651-743-5405,8493 Cedar Blvd,Lake Charles,LA,99224,United States,2025-04-07,Corporate
CUST-12684,Roger Hughes,roger.hughes685@hotmail.com,+1-906-894-1118,4868 Pine St,Toledo,OH,53065,United States,2023-10-27,Consumer
CUST-12685,Andrea Anderson,andrea.anderson577@icloud.com,+1-879-599-5199,4125 Lakeview Ave,Columbus,OH,69203,United States,2026-05-11,Small Business
CUST-12686,Louis Medina,louis.medina858@hotmail.com,+1-467-473-1682,9124 Sunset Way,Tuscaloosa,AL,75873,United States,2024-08-03,Consumer
CUST-12687,Louis Freeman,louis.freeman650@gmail.com,+1-672-841-7090,7238 Main St,San Francisco,CA,34404,United States,2025-03-16,Corporate
CUST-12688,Michelle Henderson,michelle.henderson172@icloud.com,+1-864-238-3135,9899 Broadway,Tallahassee,FL,57396,United States,2026-02-10,Consumer
CUST-12689,Jeffrey Garcia,jeffrey.garcia880@corporate.com,+1-561-471-1052,4111 Main St,West Valley City,UT,56952,United States,2025-06-27,Consumer
CUST-12690,Donald Price,donald.price709@bizmail.io,+1-413-367-1421,2024 Maple Rd,Louisville,KY,33593,United States,2024-11-14,Corporate
CUST-12691,Catherine Parker,catherine.parker32@hotmail.com,+1-331-405-2284,8811 Maple Rd,Springfield,MO,10573,United States,2025-11-21,Consumer
CUST-12692,Danielle Foster,danielle.foster551@yahoo.com,+1-909-233-4891,1016 Elm St,Chicago,IL,49446,United States,2023-07-07,Consumer
CUST-12693,Zachary Parker,zachary.parker624@bizmail.io,+1-409-800-9608,2563 Pine St,Richmond,VA,73624,United States,2023-07-09,Corporate
CUST-12694,Juan Wood,juan.wood888@yahoo.com,+1-748-360-8962,2481 Broadway,Indianapolis,IN,59118,United States,2025-02-01,Consumer
CUST-12695,Emily Fisher,emily.fisher373@yahoo.com,+1-716-551-4025,6036 Elm St,Tulsa,OK,86923,United States,2024-11-15,Consumer
CUST-12696,Bradley Murray,bradley.murray936@proton.me,+1-805-242-4992,978 Sunset Way,Minneapolis,MN,54111,United States,2023-06-19,Consumer
CUST-12697,Vincent Porter,vincent.porter769@bizmail.io,+1-596-305-6547,344 Lakeview Ave,Norman,OK,44314,United States,2024-07-28,Corporate
CUST-12698,Larry Chen,larry.chen532@outlook.com,+1-870-461-5720,6771 Lakeview Ave,Stamford,CT,13991,United States,2025-10-08,Consumer
CUST-12699,Christine Miller,christine.miller962@proton.me,+1-554-560-4446,6133 Elm St,West Jordan,UT,88074,United States,2023-12-05,Consumer
CUST-12700,Jessica Gibson,jessica.gibson459@proton.me,+1-507-657-8405,8237 Park Blvd,Saint Paul,MN,68541,United States,2025-08-30,Consumer
CUST-12701,George Patel,george.patel232@bizmail.io,+1-351-495-5068,8005 Highland Dr,Bridgeport,CT,,United States,2024-10-27,Consumer
CUST-12702,Harold Thomas,harold.thomas624@hotmail.com,+1-760-517-7816,7666 Pine St,Norman,OK,57734,United States,2024-10-25,Small Business
CUST-12703,Betty Fisher,betty.fisher587@proton.me,+1-631-874-9004,2023 Maple Rd,Aurora,IL,98833,United States,2024-01-09,Consumer
CUST-12704,Debra Davis,debra.davis467@hotmail.com,+1-839-951-1341,6253 Pine St,Lafayette,LA,66482,United States,2025-06-20,Consumer
CUST-12705,Bradley Flores,bradley.flores416@proton.me,+1-402-264-5637,6126 Oak Ave,Springfield,IL,73265,United States,2023-08-30,Consumer
CUST-12706,Anthony Bryant,anthony.bryant993@proton.me,+1-544-769-4942,4847 Elm St,Rochester,NY,47082,United States,2026-02-19,Consumer
CUST-12707,Carolyn Fisher,carolyn.fisher581@icloud.com,+1-408-581-8924,6893 Washington Ave,Las Vegas,NV,65569,United States,2025-05-13,Consumer
CUST-12708,Joe Alvarez,joe.alvarez40@corporate.com,+1-977-934-1832,4912 Cedar Blvd,Ann Arbor,MI,22013,United States,2026-05-16,Consumer
CUST-12709,Gregory Reynolds,gregory.reynolds650@bizmail.io,+1-797-437-4654,6505 Sunset Way,JERSEY CITY,NJ,22253,United States,2023-04-12,Consumer
CUST-12710,Juan Morales,juan.morales546@proton.me,+1-861-895-1400,1541 Main St,Bloomington,MN,14724,United States,2026-01-11,Consumer
CUST-12711,Gloria Gomez,gloria.gomez871@icloud.com,+1-377-244-3650,6750 Pine St,Houston,TX,58421,United States,2025-12-22,Consumer
CUST-12712,Edward Stewart,edward.stewart258@bizmail.io,+1-801-243-4030,139 Broadway,Sparks,NV,66810,United States,2025-03-13,Consumer
CUST-12713,Ann Silva,ann.silva984@yahoo.com,+1-773-745-4461,8754 Pine St,Fort Wayne,IN,95836,United States,2023-11-27,Consumer
CUST-12714,Hannah Sanchez,hannah.sanchez423@icloud.com,+1-965-479-3213,229 Sunset Way,Lafayette,LA,66659,United States,2024-02-07,Consumer
CUST-12715,Lisa Mitchell,lisa.mitchell455@hotmail.com,+1-692-484-3439,6867 Pine St,Scranton,PA,,United States,2024-10-06,Consumer
CUST-12716,Kyle Mason,kyle.mason789@bizmail.io,+1-813-644-7659,4025 Park Blvd,Dayton,OH,31817,United States,2023-04-13,Consumer
CUST-12717,Roger White,roger.white289@outlook.com,+1-518-597-9625,7405 Broadway,Chattanooga,TN,49629,United States,2023-05-02,Consumer
CUST-12718,Shirley Foster,shirley.foster730@proton.me,+1-455-294-6358,5511 Washington Ave,Covington,KY,90819,United States,2025-03-13,Consumer
CUST-12719,Ronald Simpson,ronald.simpson397@gmail.com,+1-768-778-7144,4495 Highland Dr,San Francisco,CA,92130,United States,2024-11-06,Consumer
CUST-12720,Roger Taylor,roger.taylor869@outlook.com,+1-790-349-4981,2334 Pine St,Duluth,MN,33863,United States,2025-09-24,Consumer
CUST-12721,Melissa Wilson,melissa.wilson507@hotmail.com,+1-254-596-2053,3438 Sunset Way,Worcester,MA,40199,United States,2025-02-22,Consumer
CUST-12722,Ralph Aguilar,ralph.aguilar62@hotmail.com,+1-537-535-7308,5433 Broadway,Clarksville,TN,42061,United States,2024-07-31,Corporate
CUST-12723,Willie Myers,willie.myers703@gmail.com,+1-255-561-6526,1199 Lakeview Ave,South Bend,IN,83612,United States,2023-11-01,Consumer
CUST-12724,Isabella Wallace,isabella.wallace280@icloud.com,+1-624-429-3713,7749 Main St,Greensboro,NC,88860,United States,2024-01-13,Consumer
CUST-12725,Victoria Price,victoria.price191@gmail.com,+1-262-498-3472,1538 Broadway,Stamford,CT,43186,United States,2025-05-01,Consumer
CUST-12726,Peter Sanchez,peter.sanchez343@yahoo.com,+1-846-788-2518,9465 Sunset Way,Chicago,IL,42710,United States,2024-05-06,Consumer
CUST-12727,Jennifer Mendoza,jennifer.mendoza239@proton.me,+1-760-527-1813,9003 Oak Ave,Virginia Beach,VA,40858,United States,2024-02-14,Consumer
CUST-12728,Melissa Mitchell,melissa.mitchell430@icloud.com,+1-390-701-1780,4673 Maple Rd,South Bend,IN,65484,United States,2023-04-05,Consumer
CUST-12729,James Perry,james.perry89@bizmail.io,+1-244-239-6957,2575 Maple Rd,Orem,UT,90688,United States,2026-03-09,Consumer
CUST-12730,Rachel Alexander,rachel.alexander642@gmail.com,+1-541-335-8750,410 Lakeview Ave,Gaithersburg,MD,57428,United States,2024-10-03,Consumer
CUST-12731,Joyce Harris,joyce.harris334@icloud.com,+1-245-519-1102,8029 Park Blvd,Bowling Green,KY,38255,United States,2025-10-12,Corporate
CUST-12732,Carolyn Young,carolyn.young21@outlook.com,+1-343-311-7577,9107 Highland Dr,Yonkers,NY,20067,United States,2025-03-05,Consumer
CUST-12733,Stephanie Alexander,stephanie.alexander999@outlook.com,+1-244-490-5027,1454 Highland Dr,Sterling Heights,MI,41353,United States,2025-10-18,Consumer
CUST-12734,Daniel Rivera,daniel.rivera417@gmail.com,+1-379-426-4297,6681 Oak Ave,Chandler,AZ,56057,United States,2024-02-04,Small Business
CUST-12735,Alexander Ellis,alexander.ellis474@proton.me,+1-539-546-3454,6997 Park Blvd,Tucson,AZ,42839,United States,2026-04-16,Small Business
CUST-12736,Alan Morris,alan.morris157@bizmail.io,+1-941-521-2847,226 Main St,Fort Collins,CO,17529,United States,2024-02-22,Corporate
CUST-12737,Isabella Fisher,isabella.fisher602@gmail.com,+1-526-673-2245,1263 Maple Rd,Nashville,TN,65871,United States,2023-05-01,Consumer
CUST-12738,Jerry Patterson,jerry.patterson383@icloud.com,+1-788-435-4790,373 Broadway,Lexington,KY,41578,United States,2025-04-12,Corporate
CUST-12739,Larry Chen,larry.chen348@bizmail.io,+1-257-652-5862,3185 Maple Rd,Las Vegas,NV,64867,United States,2024-08-15,Corporate
CUST-12740,Ryan Rodriguez,ryan.rodriguez709@hotmail.com,+1-622-967-9656,5577 Broadway,Raleigh,NC,61897,United States,2025-08-02,Small Business
CUST-12741,Mark Wells,mark.wells321@yahoo.com,+1-993-868-2061,5391 Lakeview Ave,Springfield,IL,14524,United States,2026-04-11,Consumer
CUST-12742,Kayla Watson,kayla.watson204@hotmail.com,+1-600-993-6980,4160 Cedar Blvd,Syracuse,NY,39013,United States,2025-11-11,Small Business
CUST-12743,Jacob Johnson,jacob.johnson208@bizmail.io,+1-917-254-1047,9564 Sunset Way,Knoxville,TN,49669,United States,2024-08-23,Corporate
CUST-12744,Alexis Ortiz,alexis.ortiz665@outlook.com,+1-298-673-1175,4516 Park Blvd,Cambridge,MA,14326,United States,2025-02-08,Consumer
CUST-12745,Debra Hunter,debra.hunter952@bizmail.io,+1-294-659-9832,6229 Washington Ave,St. Louis,MO,37809,United States,2025-06-18,Consumer
CUST-12746,Bryan Simmons,bryan.simmons106@bizmail.io,+1-957-442-4915,600 Lakeview Ave,rochester,NY,89207,United States,2024-04-24,Consumer
CUST-12747,Raymond Freeman,raymond.freeman797@icloud.com,+1-453-934-2206,8097 Highland Dr,Lafayette,LA,89505,United States,2025-12-11,Consumer
CUST-12748,Brenda Snyder,brenda.snyder740@hotmail.com,+1-940-507-1707,6419 Elm St,Sacramento,CA,88926,United States,2023-08-12,Corporate
CUST-12749,Pamela Price,pamela.price217@proton.me,+1-678-221-9150,6361 Elm St,Montgomery,AL,84833,United States,2025-07-30,Consumer
CUST-12750,George Brown,george.brown160@outlook.com,+1-660-313-3623,6828 Main St,Springfield,MO,65755,United States,2023-10-14,Corporate
CUST-12751,Abigail Foster,abigail.foster534@gmail.com,+1-957-320-1432,3709 Washington Ave,St. Petersburg,FL,67161,United States,2026-01-19,Corporate
CUST-12752,Sarah Freeman,sarah.freeman844@yahoo.com,+1-869-678-1802,902 Cedar Blvd,Edmond,OK,10457,United States,2024-11-07,Small Business
CUST-12753,Diane Baker,diane.baker692@bizmail.io,+1-676-702-9122,915 Oak Ave,San Diego,CA,97598,United States,2023-06-16,Consumer
CUST-12754,Paul Foster,paul.foster586@proton.me,+1-637-863-7573,5112 Washington Ave,Chicago,IL,23786,United States,2023-07-29,Consumer
CUST-12755,Stephanie Silva,stephanie.silva409@yahoo.com,+1-807-371-3446,704 Elm St,Sparks,NV,57450,United States,2024-08-18,Corporate
CUST-12756,Donald Evans,donald.evans966@bizmail.io,+1-489-948-9694,2962 Elm St,Spokane,WA,84571,United States,2024-05-07,Consumer
CUST-12757,Betty Henderson,betty.henderson436@bizmail.io,+1-393-571-9869,2076 Sunset Way,Montgomery,AL,78805,United States,2023-10-18,Consumer
CUST-12758,Vincent Bryant,vincent.bryant521@bizmail.io,+1-821-444-7124,5557 Broadway,South Bend,IN,46982,United States,2024-12-11,Consumer
CUST-12759,  Jacob Myers  ,jacob.myers490@yahoo.com,+1-381-559-3369,691 Oak Ave,Racine,WI,87365,United States,2024-03-31,Consumer
CUST-12760,Ruth Rogers,ruth.rogers162@corporate.com,+1-702-314-2458,9415 Washington Ave,Lakewood,CO,26133,United States,2024-01-10,Small Business
CUST-12761,Rebecca Patel,rebecca.patel652@yahoo.com,+1-451-983-8837,9222 Cedar Blvd,Minneapolis,MN,37903,United States,2025-01-27,Consumer
CUST-12762,Martha King,martha.king247@icloud.com,+1-537-539-3915,7039 Lakeview Ave,Owensboro,KY,59009,United States,2023-07-11,Consumer
CUST-12763,Alan Peterson,alan.peterson501@yahoo.com,+1-316-390-3582,6706 Highland Dr,North Las Vegas,NV,43237,United States,2023-05-03,Corporate
CUST-12764,Justin Patel,justin.patel179@outlook.com,+1-340-792-4621,1455 Park Blvd,Worcester,MA,84787,United States,2025-09-23,Consumer
CUST-12765,Christine Williams,christine.williams748@bizmail.io,+1-582-976-1908,5281 Elm St,Rockville,MD,99870,United States,2025-01-16,Small Business
CUST-12766,Harold Moreno,harold.moreno218@yahoo.com,+1-328-885-5935,3568 Pine St,Austin,TX,49407,United States,2023-04-05,Consumer
CUST-12767,Amy Herrera,amy.herrera516@proton.me,+1-232-801-3305,7627 Maple Rd,El Paso,TX,53309,United States,2025-12-26,Consumer
CUST-12768,William Carter,william.carter669@proton.me,+1-627-390-5203,3328 Cedar Blvd,Rockville,MD,69075,United States,2024-04-12,Consumer
CUST-12769,Dennis Alexander,dennis.alexander332@proton.me,+1-216-609-5460,3832 Highland Dr,Covington,KY,80399,United States,2026-05-22,Consumer
CUST-12770,Betty Thomas,betty.thomas888@bizmail.io,+1-998-966-8765,4367 Highland Dr,San Diego,CA,29124,United States,2026-01-13,Consumer
CUST-12771,Sara Hill,sara.hill881@yahoo.com,+1-717-758-7810,1961 Cedar Blvd,Salt Lake City,UT,23999,United States,2025-10-09,Small Business
CUST-12772,Billy Freeman,billy.freeman225@hotmail.com,+1-714-849-2270,1750 Oak Ave,Richmond,VA,52068,United States,2025-01-14,Consumer
CUST-12773,Edward Kim,edward.kim668@yahoo.com,+1-621-493-3643,6397 Maple Rd,Richmond,VA,16974,United States,2023-11-05,Consumer
CUST-12774,Samuel Reed,samuel.reed994@yahoo.com,+1-436-549-5106,6479 Highland Dr,Philadelphia,PA,33313,United States,2024-01-30,Corporate
CUST-12775,Denise Murphy,denise.murphy866@yahoo.com,+1-968-655-5032,4934 Cedar Blvd,Detroit,MI,74250,United States,2023-03-22,Consumer
CUST-12776,Jessica Hunter,jessica.hunter711@gmail.com,+1-938-877-1829,6934 Main St,Eugene,OR,71903,United States,2024-07-03,Corporate
CUST-12777,Arthur Stevens,arthur.stevens802@proton.me,+1-310-600-4111,5626 Maple Rd,Yonkers,NY,85771,United States,2025-12-25,Consumer
CUST-12778,Russell Perez,russell.perez308@yahoo.com,+1-699-546-7543,1203 Washington Ave,San Francisco,CA,31686,United States,2025-06-02,Consumer
CUST-12779,Alexander Fisher,alexander.fisher759@proton.me,+1-476-324-4141,3677 Broadway,Minneapolis,MN,79308,United States,2024-12-29,Consumer
CUST-12780,Brittany Brown,brittany.brown829@yahoo.com,+1-536-641-6234,9142 Oak Ave,Evansville,IN,88286,United States,2025-08-17,Consumer
CUST-12781,Logan Myers,logan.myers70@proton.me,+1-381-955-5981,9809 Maple Rd,St. Louis,MO,84163,United States,2023-10-05,Consumer
CUST-12782,Sandra Snyder,sandra.snyder594@hotmail.com,+1-715-315-5754,1904 Pine St,Aurora,CO,30975,United States,2025-11-02,Consumer
CUST-12783,Andrea Castillo,andrea.castillo204@yahoo.com,+1-491-372-7753,5366 Maple Rd,Waterbury,CT,86163,United States,2024-03-10,Consumer
CUST-12784,Dorothy Davis,dorothy.davis165@gmail.com,+1-834-718-5959,5133 Washington Ave,Springfield,MA,15630,United States,2025-10-22,Consumer
CUST-12785,Hannah Powell,hannah.powell566@yahoo.com,+1-907-755-3406,7691 Maple Rd,Newport News,VA,48967,United States,2024-02-26,Small Business
CUST-12786,Amy Foster,amy.foster984@yahoo.com,+1-626-519-5474,9548 Oak Ave,Stamford,CT,89517,United States,2023-11-07,Small Business
CUST-12787,Edward Hill,edward.hill110@icloud.com,+1-263-729-6155,2351 Cedar Blvd,Kansas City,MO,22465,United States,2025-10-11,Consumer
CUST-12788,Gerald Baker,gerald.baker266@gmail.com,+1-944-328-3417,4225 Washington Ave,Grand Rapids,MI,81191,United States,2025-02-03,Consumer
CUST-12789,Christopher Mendez,christopher.mendez152@proton.me,+1-452-975-5147,2703 Cedar Blvd,Baton Rouge,LA,11314,United States,2025-01-19,Consumer
CUST-12790,David Romero,david.romero801@outlook.com,+1-833-949-4242,9767 Sunset Way,Seattle,WA,50755,United States,2023-10-04,Consumer
CUST-12791,Joyce Jenkins,joyce.jenkins727@bizmail.io,+1-698-337-2229,750 Park Blvd,Detroit,MI,80658,United States,2023-10-12,Consumer
CUST-12792,Justin Wilson,justin.wilson913@proton.me,+1-274-219-9078,2469 Pine St,Augusta,GA,14691,United States,2026-04-20,Corporate
CUST-12793,Emily Ruiz,emily.ruiz306@yahoo.com,+1-647-962-9713,9809 Broadway,Erie,PA,55397,United States,2024-11-11,Consumer
CUST-12794,Victoria Reyes,victoria.reyes578@yahoo.com,+1-764-373-9376,9546 Cedar Blvd,Jersey City,NJ,38774,United States,2023-04-29,Small Business
CUST-12795,Amber Gordon,amber.gordon676@corporate.com,+1-728-221-8833,750 Pine St,Lafayette,LA,81995,United States,2025-06-25,Consumer
CUST-12796,Patrick Patterson,patrick.patterson626@proton.me,+1-792-440-2159,1421 Lakeview Ave,Fort Worth,TX,90503,United States,2025-02-12,Consumer
CUST-12797,Melissa Lee,melissa.lee734@bizmail.io,+1-937-258-6671,212 Park Blvd,Jersey City,NJ,50954,United States,2025-05-05,Small Business
CUST-12798,James Hayes,james.hayes574@hotmail.com,+1-779-489-7545,3341 Elm St,Virginia Beach,VA,83215,United States,2023-09-23,Consumer
CUST-12799,Ralph Coleman,ralph.coleman569@gmail.com,+1-533-792-6872,1295 Highland Dr,New Orleans,LA,41153,United States,2025-09-17,Corporate
CUST-12800,Anna Alvarez,anna.alvarez931@proton.me,+1-796-540-6515,1751 Cedar Blvd,Birmingham,AL,31349,United States,2024-11-08,Corporate
CUST-12801,Sophia Rodriguez,sophia.rodriguez311@yahoo.com,+1-795-623-4410,5906 Oak Ave,Milwaukee,WI,56008,United States,2024-07-30,Small Business
CUST-12802,Margaret Miller,margaret.miller119@icloud.com,+1-639-434-7584,5924 Lakeview Ave,Knoxville,TN,54908,United States,2024-02-10,Consumer
CUST-12803,Christine Davis,christine.davis518@outlook.com,+1-344-442-5273,2300 Washington Ave,Austin,TX,41110,United States,2025-01-01,Corporate
CUST-12804,  Keith Graham  ,keith.graham186@icloud.com,+1-848-758-2835,2392 Sunset Way,Columbia,SC,98923,United States,2026-03-12,Consumer
CUST-12805,Noah Hunter,noah.hunter977@hotmail.com,+1-890-653-6245,2377 Oak Ave,Baton Rouge,LA,56308,United States,2023-03-21,Consumer
CUST-12806,Isabella Brooks,isabella.brooks82@yahoo.com,+1-513-820-4372,4009 Oak Ave,Macon,GA,38502,United States,2024-01-16,Corporate
CUST-12807,Keith Russell,keith.russell759@proton.me,+1-795-465-1431,538 Cedar Blvd,Atlanta,GA,66621,United States,2025-07-04,Corporate
CUST-12808,Christian Jones,christian.jones570@proton.me,+1-932-294-1613,829 Maple Rd,Mount Pleasant,SC,49038,United States,2025-01-18,Consumer
CUST-12809,Karen Cook,karen.cook56@outlook.com,+1-730-468-7924,1126 Washington Ave,Kansas City,MO,68686,United States,2026-04-13,Consumer
CUST-12810,Zachary Snyder,zachary.snyder591@bizmail.io,+1-211-414-3103,437 Pine St,Philadelphia,PA,46903,United States,2025-05-04,Consumer
CUST-12811,Harold Rogers,harold.rogers322@outlook.com,+1-306-244-7739,6018 Oak Ave,Birmingham,AL,50211,United States,2025-03-21,Corporate
CUST-12812,Pamela Jenkins,pamela.jenkins309@yahoo.com,+1-404-324-4840,5608 Elm St,Houston,TX,92445,United States,2026-05-28,Consumer
CUST-12813,Arthur Cox,arthur.cox788@outlook.com,+1-901-897-3095,3901 Highland Dr,Albany,NY,71912,United States,2025-09-01,Small Business
CUST-12814,Danielle Hamilton,danielle.hamilton396@yahoo.com,+1-927-735-9139,9172 Park Blvd,Minneapolis,MN,74110,United States,2025-09-06,Consumer
CUST-12815,Douglas Patel,douglas.patel485@yahoo.com,+1-331-418-9798,1476 Sunset Way,Akron,OH,72964,United States,2026-01-21,Small Business
CUST-12816,Peter Snyder,peter.snyder497@icloud.com,+1-239-481-6918,2015 Highland Dr,Rochester,NY,76411,United States,2025-07-06,Consumer
CUST-12817,Keith Sullivan,keith.sullivan764@bizmail.io,+1-941-428-5596,1959 Sunset Way,Louisville,KY,94567,United States,2023-07-22,Consumer
CUST-12818,Megan Henry,megan.henry51@icloud.com,+1-841-848-2752,5798 Park Blvd,Shreveport,LA,98779,United States,2024-02-27,Corporate
CUST-12819,Jordan Roberts,jordan.roberts343@icloud.com,+1-877-600-3297,640 Elm St,St. Petersburg,FL,93566,United States,2023-03-24,Small Business
CUST-12820,Jean Carter,jean.carter93@proton.me,+1-457-231-7726,3833 Sunset Way,Frederick,MD,68727,United States,2025-02-03,Consumer
CUST-12821,Peter Williams,peter.williams996@yahoo.com,+1-986-563-4231,7614 Sunset Way,Albany,NY,71375,United States,2025-08-17,Consumer
CUST-12822,Beverly Ruiz,beverly.ruiz783@icloud.com,+1-889-527-5374,4727 Main St,Rochester,MN,54115,United States,2024-05-26,Consumer
CUST-12823,Roger Webb,roger.webb905@outlook.com,+1-859-932-3218,1834 Main St,Cambridge,MA,75973,United States,2024-02-05,Corporate
CUST-12824,Emily Williams,emily.williams516@yahoo.com,+1-327-377-5834,6695 Oak Ave,Sacramento,CA,50678,United States,2024-11-10,Consumer
CUST-12825,Judith Castro,judith.castro975@gmail.com,+1-910-518-8004,6798 Park Blvd,Stamford,CT,22422,United States,2026-04-30,Consumer
CUST-12826,Helen Hill,helen.hill853@bizmail.io,+1-260-912-5239,9323 Sunset Way,Naperville,IL,49402,United States,2023-12-26,Consumer
CUST-12827,Robert Walker,robert.walker246@icloud.com,+1-360-534-8589,870 Lakeview Ave,Cambridge,MA,11806,United States,2023-08-07,Consumer
CUST-12828,Charlotte Davis,charlotte.davis870@corporate.com,+1-875-633-9685,9378 Highland Dr,Augusta,GA,50364,United States,2023-10-25,Corporate
CUST-12829,Shirley Guzman,shirley.guzman804@gmail.com,+1-467-433-9411,1756 Park Blvd,Baton Rouge,LA,93766,United States,2026-01-29,Consumer
CUST-12830,Natalie Herrera,natalie.herrera174@hotmail.com,+1-678-222-5628,8740 Oak Ave,Durham,NC,85184,United States,2025-08-12,Consumer
CUST-12831,Deborah Thomas,deborah.thomas260@outlook.com,+1-453-285-5330,5953 Lakeview Ave,South Bend,IN,47802,United States,2025-11-22,Consumer
CUST-12832,Christian Young,christian.young92@bizmail.io,+1-258-222-5026,4543 Cedar Blvd,Springfield,MA,87945,United States,2025-06-25,Small Business
CUST-12833,Ronald Flores,ronald.flores490@hotmail.com,+1-229-905-6416,3540 Washington Ave,Hartford,CT,99473,United States,2024-06-05,Consumer
CUST-12834,Willie Flores,willie.flores274@yahoo.com,+1-852-268-2860,9797 Main St,Miami,FL,,United States,2025-04-06,Consumer
CUST-12835,John Cole,john.cole675@icloud.com,+1-254-233-6906,2206 Maple Rd,Athens,GA,62692,United States,2025-11-03,Consumer
CUST-12836,Angela Adams,angela.adams978@icloud.com,+1-966-972-6988,3379 Sunset Way,Owensboro,KY,95719,United States,2024-01-14,Consumer
CUST-12837,Bradley Henderson,bradley.henderson996@proton.me,+1-884-982-6096,4525 Lakeview Ave,Jacksonville,FL,24243,United States,2025-09-28,Consumer
CUST-12838,Nancy Ford,nancy.ford224@bizmail.io,+1-981-992-6189,8870 Maple Rd,Norman,OK,51233,United States,2024-11-14,Consumer
CUST-12839,Bruce Hunter,bruce.hunter286@hotmail.com,+1-232-387-4137,2288 Cedar Blvd,Syracuse,NY,23954,United States,2024-05-06,Consumer
CUST-12840,Ryan Hughes,ryan.hughes981@proton.me,+1-860-375-9322,8584 Main St,Albany,NY,37034,United States,2023-07-20,Consumer
CUST-12841,Harold Watson,harold.watson530@yahoo.com,+1-799-902-8390,3570 Elm St,Broken Arrow,OK,97248,United States,2026-02-27,Consumer
CUST-12842,Pamela King,pamela.king514@bizmail.io,+1-694-459-5673,4580 Highland Dr,Allentown,PA,72044,United States,2024-05-28,Consumer
CUST-12843,Gary Rodriguez,gary.rodriguez59@corporate.com,+1-208-595-9717,8472 Maple Rd,Mesa,AZ,16929,United States,2024-09-12,Consumer
CUST-12844,Steven Alexander,steven.alexander518@bizmail.io,,4855 Broadway,Bowling Green,KY,37248,United States,2024-05-16,Corporate
CUST-12845,Margaret Scott,margaret.scott489@outlook.com,+1-569-459-6803,3345 Highland Dr,San Diego,CA,13192,United States,2025-09-25,Consumer
CUST-12846,Victoria Thomas,victoria.thomas489@gmail.com,+1-650-777-3348,6606 Maple Rd,Springfield,IL,43144,United States,2025-03-02,Consumer
CUST-12847,Anthony Wallace,anthony.wallace413@gmail.com,+1-422-334-7090,1062 Broadway,Columbus,OH,99867,United States,2024-10-01,Corporate
CUST-12848,Danielle Chen,danielle.chen621@hotmail.com,+1-473-358-8535,9222 Highland Dr,Athens,GA,93181,United States,2024-09-30,Consumer
CUST-12849,Gary Barnes,gary.barnes942@hotmail.com,+1-783-624-5301,5607 Pine St,Owensboro,KY,87533,United States,2025-11-27,Consumer
CUST-12850,Patrick Hunter,patrick.hunter906@yahoo.com,+1-377-659-4162,1889 Park Blvd,Gresham,OR,76463,United States,2024-06-05,Corporate
CUST-12851,Vincent Torres,vincent.torres244@outlook.com,+1-348-899-5585,487 Maple Rd,Huntsville,AL,79348,United States,2023-12-14,Consumer
CUST-12852,Tyler King,tyler.king428@hotmail.com,+1-927-231-5534,762 Pine St,Seattle,WA,70511,United States,2023-09-30,Corporate
CUST-12853,Denise Sanders,denise.sanders396@icloud.com,+1-716-281-3011,360 Elm St,San Antonio,TX,82408,United States,2025-11-09,Consumer
CUST-12854,Kimberly Ford,kimberly.ford308@proton.me,+1-801-565-3780,8716 Lakeview Ave,Yonkers,NY,95177,United States,2025-07-04,Small Business
CUST-12855,Julie Cole,julie.cole221@icloud.com,+1-525-915-5341,3655 Cedar Blvd,Bowling Green,KY,33928,United States,2023-09-18,Corporate
CUST-12856,Peter Roberts,peter.roberts996@icloud.com,,1407 Elm St,Mount Pleasant,SC,78161,United States,2025-09-01,Consumer
CUST-12857,Ruth Smith,ruth.smith273@icloud.com,+1-843-841-5118,8651 Washington Ave,Worcester,MA,18875,United States,2023-09-02,Small Business
CUST-12858,Ruth Mendoza,ruth.mendoza379@proton.me,+1-687-454-2825,531 Elm St,Broken Arrow,OK,18950,United States,2025-03-14,Consumer
CUST-12859,Ann Roberts,ann.roberts41@proton.me,+1-252-687-4433,3916 Park Blvd,Columbia,MO,39095,United States,2026-01-17,Consumer
CUST-12860,Ryan Clark,ryan.clark920@hotmail.com,+1-287-959-6101,8573 Elm St,Kenosha,WI,35266,United States,2025-09-07,Consumer
CUST-12861,Kenneth Patterson,kenneth.patterson162@corporate.com,+1-757-933-1303,104 Highland Dr,Milwaukee,WI,78876,United States,2024-04-27,Consumer
CUST-12862,Linda Woods,linda.woods544@hotmail.com,+1-555-384-5019,9868 Broadway,San Antonio,TX,25890,United States,2023-09-26,Consumer
CUST-12863,Alexis Martinez,alexis.martinez842@proton.me,+1-835-998-9455,7711 Elm St,Augusta,GA,19881,United States,2025-09-04,Consumer
CUST-12864,Jordan Davis,jordan.davis848@gmail.com,+1-644-203-5636,1198 Park Blvd,Pittsburgh,PA,11803,United States,2025-04-22,Consumer
CUST-12865,Brittany Bailey,brittany.bailey58@bizmail.io,+1-725-840-9949,7033 Park Blvd,Henderson,NV,13148,United States,2025-09-24,Consumer
CUST-12866,Jeremy Wood,jeremy.wood982@gmail.com,+1-801-546-2588,5075 Elm St,Duluth,MN,54313,United States,2024-07-03,Consumer
CUST-12867,Douglas Rivera,douglas.rivera308@corporate.com,+1-331-656-3916,8319 Washington Ave,Vancouver,WA,91530,United States,2025-01-08,Small Business
CUST-12868,Ashley Kelly,ashley.kelly676@hotmail.com,+1-983-878-6307,853 Broadway,Rochester,NY,39617,United States,2025-08-29,Small Business
CUST-12869,Aaron Nguyen,aaron.nguyen688@icloud.com,+1-502-819-4296,9504 Pine St,Chattanooga,TN,44182,United States,2025-10-26,Consumer
CUST-12870,Marie Long,marie.long579@corporate.com,+1-777-723-6896,8831 Elm St,Charlotte,NC,67883,United States,2023-11-24,Consumer
CUST-12871,Philip Thompson,philip.thompson666@outlook.com,+1-639-496-2501,8357 Park Blvd,Vancouver,WA,69995,United States,2026-02-09,Consumer
CUST-12872,Kelly Castro,kelly.castro63@yahoo.com,+1-363-485-4485,1894 Washington Ave,Toledo,OH,71958,United States,2024-08-20,Corporate
CUST-12873,Amber Tucker,amber.tucker968@bizmail.io,+1-759-214-5430,7315 Main St,Naperville,IL,42354,United States,2023-06-28,Consumer
CUST-12874,Jesse Phillips,jesse.phillips868@bizmail.io,+1-582-603-3923,7179 Lakeview Ave,Virginia Beach,VA,76710,United States,2024-03-26,Small Business
CUST-12875,Richard Cruz,richard.cruz804@bizmail.io,+1-320-344-6967,6479 Park Blvd,Memphis,TN,54864,United States,2025-07-10,Small Business
CUST-12876,Michelle Murphy,michelle.murphy478@proton.me,+1-801-317-7019,3935 Maple Rd,Sacramento,CA,54749,United States,2026-05-22,Corporate
CUST-12877,Bradley Jimenez,bradley.jimenez562@gmail.com,+1-541-702-9809,3587 Washington Ave,LOS ANGELES,CA,86065,United States,2024-04-12,Consumer
CUST-12878,Linda Phillips,linda.phillips425@proton.me,+1-869-393-3048,9738 Sunset Way,San Antonio,TX,93476,United States,2024-11-27,Consumer
CUST-12879,Jacqueline Morgan,jacqueline.morgan764@bizmail.io,+1-244-636-1720,507 Park Blvd,Broken Arrow,OK,13619,United States,2023-12-05,Consumer
CUST-12880,Anna Morris,anna.morris62@hotmail.com,+1-950-805-2299,8098 Pine St,Broken Arrow,OK,14113,United States,2025-01-10,Corporate
CUST-12881,Maria Woods,maria.woods855@corporate.com,+1-444-715-8510,7254 Maple Rd,El Paso,TX,93483,United States,2023-12-17,Corporate
CUST-12882,Ethan Cole,ethan.cole271@proton.me,+1-713-647-8030,2097 Sunset Way,Portland,OR,52602,United States,2024-09-22,Consumer
CUST-12883,Diana Bryant,diana.bryant510@proton.me,+1-439-842-2040,4207 Oak Ave,Dallas,TX,32326,United States,2024-09-09,Corporate
CUST-12884,Keith Reynolds,keith.reynolds712@outlook.com,+1-284-848-3638,2334 Cedar Blvd,Tucson,AZ,43847,United States,2025-06-11,Corporate
CUST-12885,Sara Stevens,sara.stevens814@gmail.com,,3567 Maple Rd,Tampa,FL,83818,United States,2025-07-09,Consumer
CUST-12886,Marie Cooper,marie.cooper474@bizmail.io,+1-272-572-5356,1909 Lakeview Ave,Greensboro,NC,65038,United States,2023-07-19,Small Business
CUST-12887,Ruth Jimenez,ruth.jimenez571@icloud.com,+1-790-286-2617,6684 Broadway,Warren,MI,64747,United States,2026-05-17,Corporate
CUST-12888,Douglas Munoz,douglas.munoz964@proton.me,+1-685-936-8094,6405 Washington Ave,Chattanooga,TN,62363,United States,2024-03-02,Corporate
CUST-12889,Tyler Lopez,tyler.lopez522@proton.me,+1-856-343-8139,5192 Elm St,Norfolk,VA,11103,United States,2023-04-06,Corporate
CUST-12890,Charles Cole,charles.cole648@bizmail.io,+1-741-337-9212,8089 Maple Rd,Rochester,NY,85133,United States,2024-05-17,Consumer
CUST-12891,Stephen Torres,stephen.torres713@proton.me,+1-908-241-7785,2888 Highland Dr,San Jose,CA,20093,United States,2025-06-24,Corporate
CUST-12892,Marilyn Reyes,marilyn.reyes45@gmail.com,+1-589-690-3288,5101 Washington Ave,Glendale,AZ,46127,United States,2023-06-19,Corporate
CUST-12893,Sara Martinez,sara.martinez263@gmail.com,+1-398-291-9912,3211 Highland Dr,Philadelphia,PA,43678,United States,2025-01-13,Corporate
CUST-12894,Jennifer Lee,jennifer.lee279@gmail.com,+1-610-562-5122,8320 Sunset Way,Salt Lake City,UT,76625,United States,2025-10-21,Consumer
CUST-12895,Samantha Myers,samantha.myers167@corporate.com,+1-306-551-2225,4629 Cedar Blvd,North Charleston,SC,56593,United States,2025-08-31,Consumer
CUST-12896,Nicholas Ruiz,nicholas.ruiz334@yahoo.com,+1-663-785-9949,3372 Broadway,Greenville,SC,37672,United States,2023-11-12,Consumer
CUST-12897,Daniel Morris,daniel.morris945@corporate.com,+1-453-872-4331,8990 Lakeview Ave,Richmond,VA,65602,United States,2024-07-28,Corporate
CUST-12898,Louis Castro,louis.castro485@outlook.com,+1-534-898-7341,852 Lakeview Ave,Rochester,MN,18951,United States,2023-12-18,Consumer
CUST-12899,Sara Lewis,sara.lewis966@hotmail.com,+1-849-681-7896,2854 Highland Dr,Naperville,IL,65649,United States,2023-12-28,Consumer
CUST-12900,Beverly Castro,beverly.castro890@proton.me,+1-319-696-8496,3233 Washington Ave,Joliet,IL,78840,United States,2024-10-27,Consumer
CUST-12901,Alice Gonzalez,alice.gonzalez680@bizmail.io,+1-278-821-1952,5225 Lakeview Ave,Portland,OR,27185,United States,2025-11-27,Corporate
CUST-12902,John Carter,john.carter113@outlook.com,+1-327-994-6985,1332 Highland Dr,North Las Vegas,NV,30820,United States,2023-05-22,Consumer
CUST-12903,Patrick Ross,patrick.ross437@outlook.com,+1-354-236-2537,6501 Elm St,Eugene,OR,45476,United States,2025-06-14,Consumer
CUST-12904,Jacob Burns,jacob.burns544@outlook.com,+1-494-393-3154,6379 Maple Rd,Rochester,MN,14780,United States,2025-03-23,Consumer
CUST-12905,Lisa Peterson,lisa.peterson516@proton.me,+1-520-809-9635,4750 Oak Ave,Atlanta,GA,94306,United States,2026-05-02,Consumer
CUST-12906,Jessica Torres,jessica.torres781@proton.me,+1-250-699-5587,6146 Main St,Evansville,IN,34854,United States,2024-10-29,Corporate
CUST-12907,Jason Murphy,jason.murphy665@bizmail.io,+1-225-343-5341,4520 Main St,Indianapolis,IN,86579,United States,2025-05-19,Consumer
CUST-12908,Daniel Miller,daniel.miller695@outlook.com,+1-441-893-6382,4057 Maple Rd,Cambridge,MA,22608,United States,2026-05-07,Corporate
CUST-12909,Abigail Snyder,abigail.snyder361@hotmail.com,+1-651-607-2062,7269 Maple Rd,Chattanooga,TN,56477,United States,2025-03-06,Consumer
CUST-12910,Laura Gray,laura.gray305@bizmail.io,+1-299-384-7383,6756 Washington Ave,Ann Arbor,MI,23990,United States,2024-08-13,Consumer
CUST-12911,Amy Henry,amy.henry631@hotmail.com,+1-383-673-1835,2374 Oak Ave,Covington,KY,26716,United States,2025-03-13,Consumer
CUST-12912,Margaret Turner,margaret.turner265@gmail.com,+1-647-361-8742,8940 Highland Dr,Salem,OR,93438,United States,2024-12-26,Consumer
CUST-12913,George Kelly,george.kelly731@yahoo.com,+1-334-817-1711,3721 Park Blvd,Memphis,TN,38209,United States,2023-11-29,Small Business
CUST-12914,Mark Nguyen,mark.nguyen590@proton.me,+1-522-673-2434,4815 Maple Rd,Newport News,VA,41774,United States,2023-12-09,Consumer
CUST-12915,Julie Mitchell,julie.mitchell886@proton.me,+1-812-290-1751,163 Lakeview Ave,Albany,NY,61327,United States,2025-06-02,Consumer
CUST-12916,Tyler Cook,tyler.cook267@icloud.com,+1-364-966-7855,9737 Oak Ave,Tacoma,WA,48024,United States,2025-03-16,Consumer
CUST-12917,Bobby Johnson,bobby.johnson951@bizmail.io,+1-607-935-9195,4015 Elm St,Worcester,MA,31646,United States,2026-02-05,Consumer
CUST-12918,Billy Gibson,billy.gibson694@bizmail.io,+1-308-257-4576,3186 Sunset Way,Orem,UT,51891,United States,2023-11-30,Corporate
CUST-12919,Patricia Lopez,patricia.lopez443@icloud.com,+1-849-343-6605,8529 Lakeview Ave,Bridgeport,CT,97241,United States,2026-03-04,Corporate
CUST-12920,Joan Romero,joan.romero574@corporate.com,+1-323-690-3714,9156 Broadway,Sterling Heights,MI,58454,United States,2024-07-23,Consumer
CUST-12921,Linda Morris,linda.morris231@icloud.com,+1-388-928-5702,6302 Elm St,Durham,NC,93587,United States,2024-10-16,Consumer
CUST-12922,Amber Bell,amber.bell313@corporate.com,+1-952-405-6454,2083 Park Blvd,Detroit,MI,53802,United States,2023-06-14,Consumer
CUST-12923,Charlotte Moore,charlotte.moore415@corporate.com,+1-567-920-6913,9601 Washington Ave,Virginia Beach,VA,75496,United States,2023-07-12,Consumer
CUST-12924,David Shaw,david.shaw771@proton.me,+1-357-386-7474,4557 Sunset Way,Columbia,SC,68681,United States,2025-02-17,Consumer
CUST-12925,John Washington,john.washington104@hotmail.com,+1-546-561-8863,9731 Broadway,Pittsburgh,PA,52738,United States,2025-07-08,Consumer
CUST-12926,Peter Snyder,peter.snyder433@gmail.com,+1-479-271-5665,2458 Washington Ave,MACON,GA,61969,United States,2025-09-06,Consumer
CUST-12927,Walter Lopez,walter.lopez168@outlook.com,+1-804-772-3338,2096 Main St,San Antonio,TX,73791,United States,2023-05-11,Consumer
CUST-12928,Julia Hill,julia.hill166@outlook.com,+1-821-853-7050,639 Oak Ave,New Haven,CT,89444,United States,2024-09-01,Corporate
CUST-12929,Brandon Kennedy,brandon.kennedy276@gmail.com,+1-671-642-6380,3346 Highland Dr,New Haven,CT,83006,United States,2024-03-15,Consumer
CUST-12930,Jacqueline Diaz,jacqueline.diaz478@gmail.com,+1-251-648-9286,2653 Pine St,Lafayette,LA,62805,United States,2024-10-06,Consumer
CUST-12931,Tyler Long,tyler.long451@gmail.com,+1-896-778-6067,3546 Sunset Way,Greenville,SC,39095,United States,2024-09-06,Consumer
CUST-12932,Juan Alvarez,juan.alvarez603@outlook.com,+1-542-848-7998,2806 Highland Dr,Evansville,IN,53960,United States,2026-04-28,Consumer
CUST-12933,Ruth Washington,ruth.washington468@outlook.com,+1-699-450-5983,6864 Sunset Way,Cleveland,OH,52912,United States,2025-08-05,Corporate
CUST-12934,Kevin Griffin,kevin.griffin191@icloud.com,+1-999-888-4947,4250 Broadway,Montgomery,AL,71279,United States,2026-02-08,Consumer
CUST-12935,Nathan Coleman,nathan.coleman112@hotmail.com,+1-813-946-7329,1524 Sunset Way,Miami,FL,56325,United States,2024-03-08,Consumer
CUST-12936,Andrea Jenkins,andrea.jenkins785@bizmail.io,+1-830-373-5453,4205 Highland Dr,Carmel,IN,60608,United States,2025-06-20,Corporate
CUST-12937,Robert Morales,robert.morales646@proton.me,+1-627-288-4760,5010 Pine St,Fort Worth,TX,65999,United States,2024-05-24,Consumer
CUST-12938,  Carl Collins  ,carl.collins263@gmail.com,+1-324-604-4123,4488 Park Blvd,Oklahoma City,OK,81363,United States,2025-02-04,Consumer
CUST-12939,Paul Mason,paul.mason813@icloud.com,+1-846-824-1038,1591 Broadway,Chattanooga,TN,88966,United States,2025-04-10,Corporate
CUST-12940,Linda Martin,linda.martin792@proton.me,+1-384-231-1096,2611 Cedar Blvd,Columbus,OH,75689,United States,2024-04-02,Consumer
CUST-12941,Sharon Jackson,sharon.jackson788@icloud.com,+1-895-268-5769,179 Highland Dr,Macon,GA,93513,United States,2025-04-27,Consumer
CUST-12942,Jeremy Lopez,jeremy.lopez619@corporate.com,+1-695-391-1572,1941 Maple Rd,Atlanta,GA,81993,United States,2025-05-21,Consumer
CUST-12943,Gary Sanchez,gary.sanchez935@gmail.com,+1-207-915-1093,1823 Broadway,Knoxville,TN,62278,United States,2023-11-09,Consumer
CUST-12944,Isabella Lee,isabella.lee850@outlook.com,+1-501-516-9676,4006 Pine St,Tacoma,WA,37861,United States,2023-10-26,Small Business
CUST-12945,Christian Moreno,christian.moreno301@bizmail.io,+1-511-645-2888,1960 Park Blvd,VIRGINIA BEACH,VA,50975,United States,2025-10-11,Small Business
CUST-12946,Gloria Jordan,gloria.jordan555@outlook.com,+1-233-460-1872,863 Highland Dr,Joliet,IL,28432,United States,2026-05-09,Consumer
CUST-12947,Eugene Aguilar,eugene.aguilar299@yahoo.com,,1955 Washington Ave,Edmond,OK,36490,United States,2026-05-12,Consumer
CUST-12948,Janet Guzman,janet.guzman569@icloud.com,+1-342-899-6739,3162 Lakeview Ave,Allentown,PA,19971,United States,2025-03-18,Consumer
CUST-12949,Donna Munoz,donna.munoz235@yahoo.com,+1-301-647-8656,9340 Elm St,New Haven,CT,21568,United States,2026-03-05,Corporate
CUST-12950,Louis Parker,louis.parker705@gmail.com,+1-303-967-2367,6668 Park Blvd,Hartford,CT,74763,United States,2025-06-23,Consumer
CUST-12951,Nathan Graham,nathan.graham985@gmail.com,+1-383-527-2570,5557 Cedar Blvd,Glendale,AZ,27786,United States,2023-05-28,Consumer
CUST-12952,Charlotte Baker,charlotte.baker184@outlook.com,+1-241-829-5896,1470 Park Blvd,Worcester,MA,12063,United States,2023-12-28,Consumer
CUST-12953,Alexander Turner,alexander.turner820@icloud.com,+1-279-822-9550,4704 Oak Ave,Detroit,MI,57318,United States,2026-04-14,Consumer
CUST-12954,Zachary Chavez,zachary.chavez523@proton.me,+1-367-760-5771,6864 Park Blvd,Sacramento,CA,44007,United States,2024-08-15,Consumer
CUST-12955,Megan Gibson,megan.gibson513@gmail.com,+1-951-207-4722,488 Broadway,Chandler,AZ,89950,United States,2025-01-03,Consumer
CUST-12956,Pamela Hernandez,pamela.hernandez339@proton.me,+1-935-207-2379,8251 Maple Rd,Orem,UT,40447,United States,2024-07-05,Consumer
CUST-12957,Dylan Simmons,dylan.simmons201@gmail.com,+1-320-906-9964,3970 Maple Rd,West Valley City,UT,81892,United States,2025-01-20,Consumer
CUST-12958,Philip Green,philip.green38@corporate.com,+1-400-592-9751,608 Oak Ave,Salem,OR,43504,United States,2026-01-22,Corporate
CUST-12959,Carolyn Davis,carolyn.davis332@yahoo.com,+1-267-890-8685,4575 Park Blvd,Detroit,MI,62589,United States,2025-05-30,Corporate
CUST-12960,Christina Gonzalez,christina.gonzalez971@bizmail.io,+1-780-646-9359,9211 Washington Ave,Winston-Salem,NC,56090,United States,2024-03-18,Small Business
CUST-12961,Daniel Adams,daniel.adams765@gmail.com,+1-515-849-5878,8996 Broadway,Portland,OR,68698,United States,2024-12-26,Consumer
CUST-12962,Gabriel Aguilar,gabriel.aguilar112@hotmail.com,+1-543-915-7666,8289 Lakeview Ave,Baltimore,MD,26291,United States,2025-09-27,Consumer
CUST-12963,Charles Chen,charles.chen418@gmail.com,+1-298-695-1639,9410 Maple Rd,Naperville,IL,83989,United States,2024-07-08,Corporate
CUST-12964,Brandon James,brandon.james786@gmail.com,+1-332-356-4369,9195 Main St,West Jordan,UT,71171,United States,2025-12-29,Consumer
CUST-12965,Ryan Ward,ryan.ward481@outlook.com,+1-530-394-3437,1071 Highland Dr,Fort Wayne,IN,67727,United States,2023-11-18,Small Business
CUST-12966,Bruce Campbell,bruce.campbell578@bizmail.io,+1-441-569-9225,8273 Maple Rd,Winston-Salem,NC,83928,United States,2023-06-07,Small Business
CUST-12967,Jordan Crawford,jordan.crawford727@bizmail.io,+1-900-842-1260,2777 Lakeview Ave,Dayton,OH,,United States,2025-05-07,Small Business
CUST-12968,Joe Morales,joe.morales741@hotmail.com,+1-984-593-5688,8844 Pine St,Vancouver,WA,35617,United States,2023-08-05,Consumer
CUST-12969,Amy Chen,amy.chen825@proton.me,+1-334-927-4928,9976 Oak Ave,Columbus,GA,61498,United States,2023-04-16,Consumer
CUST-12970,Denise Patterson,denise.patterson264@proton.me,+1-431-440-6107,148 Washington Ave,pittsburgh,PA,72039,United States,2024-02-22,Consumer
CUST-12971,Henry Roberts,henry.roberts278@outlook.com,+1-294-583-7526,3315 Pine St,Charlotte,NC,25294,United States,2025-01-13,Corporate
CUST-12972,Amanda Coleman,amanda.coleman579@corporate.com,+1-386-422-4194,6070 Park Blvd,Spokane,WA,79229,United States,2025-03-24,Consumer
CUST-12973,Carolyn Castillo,carolyn.castillo287@hotmail.com,+1-350-286-2269,1824 Park Blvd,Montgomery,AL,36658,United States,2025-10-03,Consumer
CUST-12974,Angela Ramos,angela.ramos305@outlook.com,+1-983-282-9707,5003 Maple Rd,Elizabeth,NJ,94088,United States,2023-03-26,Corporate
CUST-12975,Dennis Stewart,dennis.stewart175@yahoo.com,+1-325-617-5474,8146 Broadway,Tampa,FL,19777,United States,2023-07-31,Consumer
CUST-12976,Denise Jimenez,denise.jimenez909@bizmail.io,+1-377-459-8224,3447 Elm St,Reading,PA,88149,United States,2024-10-18,Consumer
CUST-12977,Jordan Murray,jordan.murray378@icloud.com,+1-202-262-8613,5278 Oak Ave,Newport News,VA,25499,United States,2023-08-20,Consumer
CUST-12978,Willie Martin,willie.martin914@outlook.com,+1-903-440-1798,5664 Park Blvd,Columbus,GA,72928,United States,2023-06-13,Corporate
CUST-12979,Eric Wood,eric.wood103@outlook.com,+1-457-614-5912,4009 Lakeview Ave,Houston,TX,75951,United States,2025-04-24,Consumer
CUST-12980,Jerry Baker,jerry.baker847@yahoo.com,+1-475-847-7811,317 Washington Ave,Dayton,OH,16218,United States,2024-09-07,Consumer
CUST-12981,Maria Robinson,maria.robinson433@icloud.com,+1-967-656-6071,1778 Maple Rd,Bellevue,WA,92136,United States,2026-04-07,Corporate
CUST-12982,Roger Cole,roger.cole444@yahoo.com,+1-991-472-8172,1468 Elm St,Tacoma,WA,11173,United States,2026-03-17,Consumer
CUST-12983,Kevin Brooks,kevin.brooks93@corporate.com,+1-245-201-5166,963 Maple Rd,Springfield,IL,35036,United States,2026-05-27,Small Business
CUST-12984,Sean Porter,sean.porter664@outlook.com,+1-315-376-1984,9179 Washington Ave,Scottsdale,AZ,39731,United States,2023-05-19,Corporate
CUST-12985,Theresa Simpson,theresa.simpson47@bizmail.io,+1-833-604-7237,7516 Sunset Way,Grand Rapids,MI,58749,United States,2023-05-05,Corporate
CUST-12986,Jessica Mason,jessica.mason868@hotmail.com,+1-339-463-7426,326 Broadway,Detroit,MI,46472,United States,2026-01-13,Consumer
CUST-12987,Carol Murphy,carol.murphy745@proton.me,+1-792-577-3779,8600 Lakeview Ave,West Jordan,UT,18877,United States,2023-06-04,Small Business
CUST-12988,Jean Guzman,jean.guzman491@corporate.com,+1-418-971-9024,8354 Maple Rd,Springfield,MA,,United States,2024-11-18,Consumer
CUST-12989,Benjamin Bryant,benjamin.bryant850@icloud.com,+1-599-654-8119,359 Park Blvd,Gaithersburg,MD,96517,United States,2023-09-26,Consumer
CUST-12990,David Patel,david.patel558@yahoo.com,+1-524-204-5599,3866 Highland Dr,Green Bay,WI,98165,United States,2025-03-10,Consumer
CUST-12991,Victoria Miller,victoria.miller657@corporate.com,+1-833-847-7276,7071 Lakeview Ave,Evansville,IN,82291,United States,2025-08-31,Consumer
CUST-12992,Jason Alvarez,jason.alvarez27@bizmail.io,+1-534-283-3808,1526 Main St,Bloomington,MN,61484,United States,2024-09-09,Consumer
CUST-12993,  Maria Nelson  ,maria.nelson302@yahoo.com,+1-739-223-3140,4645 Elm St,Tacoma,WA,95904,United States,2025-08-24,Consumer
CUST-12994,Rachel Crawford,rachel.crawford256@proton.me,+1-361-483-5000,7810 Park Blvd,Elizabeth,NJ,58955,United States,2025-02-06,Corporate
CUST-12995,Gregory Martinez,gregory.martinez958@proton.me,+1-992-992-6287,7616 Cedar Blvd,Mobile,AL,99365,United States,2023-11-28,Consumer
CUST-12996,Ann Price,ann.price184@proton.me,+1-962-764-5758,6969 Park Blvd,Newark,NJ,32342,United States,2025-07-19,Corporate
CUST-12997,Susan Perez,susan.perez882@outlook.com,+1-691-803-3869,4585 Highland Dr,Bowling Green,KY,32268,United States,2023-08-28,Consumer
CUST-12998,Joyce Wood,joyce.wood518@hotmail.com,+1-894-798-1864,2429 Main St,Akron,OH,62089,United States,2025-07-04,Corporate
CUST-12999,Alexander Morgan,alexander.morgan583@hotmail.com,+1-977-291-6611,9444 Lakeview Ave,Boston,MA,17713,United States,2026-03-15,Consumer
CUST-13000,Andrew Coleman,andrew.coleman920@proton.me,+1-426-911-9902,5682 Oak Ave,Montgomery,AL,71575,United States,2023-04-02,Corporate
CUST-13001,Alice Moreno,alice.moreno174@hotmail.com,+1-627-272-6116,2243 Lakeview Ave,Columbia,SC,53739,United States,2024-04-23,Consumer
CUST-13002,Helen Thomas,helen.thomas417@icloud.com,+1-409-469-7678,1348 Oak Ave,Norfolk,VA,12938,United States,2023-07-20,Consumer
CUST-13003,Harold Carter,harold.carter676@corporate.com,+1-557-817-4089,3680 Lakeview Ave,Rockford,IL,33535,United States,2023-11-24,Consumer
CUST-13004,Randy Olson,randy.olson59@icloud.com,+1-407-955-4791,1101 Sunset Way,Nashville,TN,60409,United States,2026-01-16,Corporate
CUST-13005,Daniel Murray,daniel.murray833@corporate.com,+1-255-880-3961,360 Broadway,Macon,GA,95549,United States,2024-09-21,Consumer
CUST-13006,Jeffrey Reynolds,jeffrey.reynolds710@yahoo.com,+1-232-794-4936,6907 Park Blvd,Kansas City,MO,30754,United States,2023-04-24,Corporate
CUST-13007,Virginia Bryant,virginia.bryant255@corporate.com,+1-550-983-8473,6284 Pine St,Owensboro,KY,69627,United States,2023-11-06,Consumer
CUST-13008,Jordan Anderson,jordan.anderson638@proton.me,+1-912-456-4310,5969 Lakeview Ave,Winston-Salem,NC,24526,United States,2025-03-31,Corporate
CUST-13009,Richard Scott,richard.scott332@proton.me,+1-410-440-1807,8904 Highland Dr,Madison,WI,85261,United States,2024-04-10,Corporate
CUST-13010,Wayne Murphy,wayne.murphy383@yahoo.com,+1-518-870-9520,5259 Elm St,Denver,CO,,United States,2025-05-10,Corporate
CUST-13011,Jennifer Torres,jennifer.torres151@corporate.com,+1-214-594-8209,4711 Lakeview Ave,Charlotte,NC,66644,United States,2024-04-20,Consumer
CUST-13012,Ashley Kim,ashley.kim457@outlook.com,+1-309-630-5680,9315 Cedar Blvd,Hillsboro,OR,72588,United States,2024-09-12,Corporate
CUST-13013,Paul Patterson,paul.patterson607@hotmail.com,+1-254-647-6360,7931 Maple Rd,Atlanta,GA,32841,United States,2023-11-15,Consumer
CUST-13014,Kenneth Collins,kenneth.collins474@bizmail.io,+1-986-314-3634,6231 Sunset Way,Carmel,IN,37032,United States,2024-05-22,Consumer
CUST-13015,Johnny Woods,johnny.woods860@proton.me,+1-284-593-6469,9641 Oak Ave,Bowie,MD,49342,United States,2025-12-09,Corporate
CUST-13016,Stephen Watson,stephen.watson452@hotmail.com,+1-985-529-3365,4003 Highland Dr,Rochester,MN,49128,United States,2024-03-16,Consumer
CUST-13017,Jack Baker,jack.baker394@bizmail.io,+1-751-574-6410,4288 Park Blvd,Tulsa,OK,78985,United States,2024-09-18,Corporate
CUST-13018,Keith Freeman,keith.freeman713@proton.me,+1-982-246-3046,5035 Washington Ave,LAFAYETTE,LA,88527,United States,2023-10-12,Consumer
CUST-13019,Marilyn Collins,marilyn.collins985@proton.me,+1-245-960-3100,8349 Lakeview Ave,Memphis,TN,94106,United States,2024-01-15,Consumer
CUST-13020,Emma Martin,emma.martin517@icloud.com,+1-476-917-7936,802 Broadway,Nashville,TN,93262,United States,2023-10-29,Consumer
CUST-13021,Jeffrey Kim,jeffrey.kim642@outlook.com,+1-901-963-2438,6413 Pine St,Mobile,AL,86992,United States,2026-05-06,Consumer
CUST-13022,Amanda West,amanda.west738@icloud.com,+1-328-978-7547,8126 Broadway,Grand Rapids,MI,75907,United States,2024-06-23,Corporate
CUST-13023,Lisa Price,lisa.price967@yahoo.com,+1-555-567-8669,1899 Lakeview Ave,Chandler,AZ,78297,United States,2026-02-14,Consumer
CUST-13024,Marilyn Coleman,marilyn.coleman583@hotmail.com,+1-244-779-4924,6990 Lakeview Ave,Broken Arrow,OK,64340,United States,2025-12-17,Consumer
CUST-13025,Julia Brown,julia.brown132@corporate.com,+1-319-273-4589,3492 Highland Dr,Rockville,MD,51102,United States,2024-07-01,Consumer
CUST-13026,Melissa King,melissa.king533@outlook.com,+1-582-604-7620,1203 Highland Dr,Provo,UT,19783,United States,2024-12-13,Consumer
CUST-13027,Bruce Barnes,bruce.barnes869@corporate.com,+1-793-697-5983,8711 Park Blvd,Springfield,MA,83143,United States,2023-03-26,Consumer
CUST-13028,Billy Crawford,billy.crawford595@corporate.com,+1-429-259-6693,2754 Park Blvd,Birmingham,AL,21177,United States,2024-02-15,Consumer
CUST-13029,Timothy Jimenez,timothy.jimenez790@proton.me,,7013 Pine St,New Haven,CT,33649,United States,2023-03-20,Consumer
CUST-13030,Donald Wright,donald.wright948@gmail.com,+1-313-699-7397,3439 Oak Ave,Sterling Heights,MI,86861,United States,2023-09-16,Corporate
CUST-13031,Keith Henderson,keith.henderson381@proton.me,,6982 Maple Rd,Boston,MA,78703,United States,2025-01-17,Consumer
CUST-13032,Edward Hughes,edward.hughes764@proton.me,+1-702-665-7122,6515 Highland Dr,Memphis,TN,94039,United States,2024-01-28,Corporate
CUST-13033,Alice Aguilar,alice.aguilar828@hotmail.com,+1-208-926-1578,3656 Lakeview Ave,Louisville,KY,10244,United States,2024-09-05,Consumer
CUST-13034,Sharon Allen,sharon.allen736@bizmail.io,+1-511-911-7241,3491 Lakeview Ave,Lake Charles,LA,32821,United States,2024-09-07,Corporate
CUST-13035,Diana Collins,diana.collins128@outlook.com,+1-213-448-9848,154 Broadway,Gresham,OR,20598,United States,2024-07-01,Corporate
CUST-13036,Alan Chen,alan.chen687@yahoo.com,+1-775-542-4274,1149 Lakeview Ave,South Bend,IN,28184,United States,2024-07-26,Consumer
CUST-13037,Dorothy Herrera,dorothy.herrera40@icloud.com,+1-852-600-7945,6406 Washington Ave,Cambridge,MA,89022,United States,2025-12-22,Consumer
CUST-13038,Madison Cox,madison.cox675@icloud.com,,9627 Sunset Way,Reading,PA,19651,United States,2023-09-21,Consumer
CUST-13039,Stephanie Cole,stephanie.cole689@hotmail.com,+1-231-430-9037,6018 Cedar Blvd,Columbia,SC,97535,United States,2026-02-20,Consumer
CUST-13040,Logan Ramirez,logan.ramirez767@proton.me,+1-329-905-8343,5507 Washington Ave,Springfield,IL,42890,United States,2025-04-15,Consumer
CUST-13041,Abigail Mendoza,abigail.mendoza388@corporate.com,+1-713-665-2009,7572 Oak Ave,Salem,OR,17145,United States,2026-02-23,Consumer
CUST-13042,Heather James,heather.james824@yahoo.com,+1-712-564-3621,9920 Sunset Way,Ann Arbor,MI,48287,United States,2025-07-25,Consumer
CUST-13043,Carol Johnson,carol.johnson611@bizmail.io,+1-652-708-7777,4494 Highland Dr,Newark,NJ,46246,United States,2025-12-31,Consumer
CUST-13044,Nancy Sullivan,nancy.sullivan150@outlook.com,+1-337-920-7336,1878 Highland Dr,Cambridge,MA,55400,United States,2024-06-10,Consumer
CUST-13045,Sophia Washington,sophia.washington322@hotmail.com,+1-794-997-5857,3208 Broadway,New Haven,CT,83757,United States,2026-04-13,Corporate
CUST-13046,Natalie Brooks,natalie.brooks88@icloud.com,+1-755-748-8158,5723 Broadway,Chattanooga,TN,61784,United States,2023-11-05,Consumer
CUST-13047,William Chen,william.chen364@corporate.com,+1-962-654-9447,3172 Maple Rd,North Charleston,SC,87901,United States,2025-11-27,Small Business
CUST-13048,Willie Sanders,willie.sanders603@hotmail.com,+1-289-357-8531,602 Washington Ave,Seattle,WA,25338,United States,2025-05-11,Consumer
CUST-13049,Katherine Collins,katherine.collins514@gmail.com,+1-648-339-1011,2391 Main St,Albany,NY,79606,United States,2024-02-12,Small Business
CUST-13050,Albert Diaz,albert.diaz976@yahoo.com,+1-361-211-7994,6588 Park Blvd,Sparks,NV,23133,United States,2023-04-30,Consumer
CUST-13051,Dorothy Jones,dorothy.jones312@hotmail.com,+1-715-429-7149,6024 Washington Ave,Fort Collins,CO,39300,United States,2025-04-18,Consumer
CUST-13052,Margaret Henry,margaret.henry887@proton.me,+1-702-493-4175,9749 Washington Ave,Richmond,VA,,United States,2026-05-26,Consumer
CUST-13053,Eric Powell,eric.powell87@corporate.com,+1-457-943-1092,9772 Lakeview Ave,Akron,OH,41980,United States,2023-11-21,Small Business
CUST-13054,Henry Harrison,henry.harrison61@proton.me,+1-729-714-8024,8845 Oak Ave,Memphis,TN,96649,United States,2023-06-06,Consumer
CUST-13055,Jason Harris,jason.harris442@corporate.com,+1-330-523-5458,8215 Sunset Way,Sparks,NV,33081,United States,2025-08-25,Corporate
CUST-13056,Austin Wood,austin.wood879@yahoo.com,+1-998-500-7325,2101 Elm St,Rochester,NY,11851,United States,2023-07-10,Consumer
CUST-13057,Brittany Brown,brittany.brown697@gmail.com,+1-235-661-4434,8604 Sunset Way,Los Angeles,CA,86009,United States,2026-03-09,Small Business
CUST-13058,Douglas Reyes,douglas.reyes259@corporate.com,+1-971-786-4800,9500 Broadway,Mobile,AL,47100,United States,2024-09-06,Small Business
CUST-13059,Stephen Clark,stephen.clark335@corporate.com,+1-709-269-9579,3688 Maple Rd,St. Petersburg,FL,79616,United States,2025-03-26,Consumer
CUST-13060,Rachel Ramos,rachel.ramos269@outlook.com,+1-567-845-2110,1796 Oak Ave,Orem,UT,93545,United States,2025-09-16,Small Business
CUST-13061,David Gomez,david.gomez601@hotmail.com,+1-370-877-5631,1133 Maple Rd,Green Bay,WI,11887,United States,2024-06-07,Consumer
CUST-13062,Doris Freeman,doris.freeman262@bizmail.io,+1-895-628-8671,6476 Washington Ave,Birmingham,AL,28287,United States,2026-03-18,Consumer
CUST-13063,Kevin Stevens,kevin.stevens809@hotmail.com,+1-217-863-4480,9343 Highland Dr,Bridgeport,CT,36478,United States,2024-08-14,Corporate
CUST-13064,Sharon Ford,sharon.ford726@icloud.com,+1-221-740-2637,8464 Cedar Blvd,Warren,MI,97703,United States,2023-10-30,Consumer
CUST-13065,Charlotte Kennedy,charlotte.kennedy848@bizmail.io,+1-922-208-3955,6405 Washington Ave,Lakewood,CO,99664,United States,2025-04-08,Consumer
CUST-13066,Mary Reynolds,mary.reynolds91@proton.me,+1-320-427-4657,1827 Oak Ave,Chesapeake,VA,83300,United States,2025-09-23,Corporate
CUST-13067,Joseph Mendoza,joseph.mendoza872@bizmail.io,+1-705-273-3237,9253 Sunset Way,Gresham,OR,63214,United States,2023-12-17,Consumer
CUST-13068,Ryan Thomas,ryan.thomas833@bizmail.io,+1-476-234-6857,8349 Highland Dr,South Bend,IN,51889,United States,2025-07-16,Corporate
CUST-13069,Marilyn Brown,marilyn.brown458@bizmail.io,+1-742-693-2814,9842 Broadway,Phoenix,AZ,59554,United States,2025-03-29,Consumer
CUST-13070,Walter Hall,walter.hall75@icloud.com,+1-614-488-7786,7909 Pine St,Paterson,NJ,70992,United States,2024-04-17,Consumer
CUST-13071,Louis Richardson,louis.richardson793@outlook.com,+1-563-654-5922,4968 Broadway,Macon,GA,56713,United States,2024-08-22,Corporate
CUST-13072,Gerald Nguyen,gerald.nguyen680@gmail.com,+1-924-315-9529,6085 Oak Ave,Springfield,IL,64953,United States,2024-08-08,Corporate
CUST-13073,Mark Watson,mark.watson566@proton.me,+1-276-527-8535,7109 Pine St,Memphis,TN,40437,United States,2023-12-27,Corporate
CUST-13074,  Elizabeth Dixon  ,elizabeth.dixon778@gmail.com,+1-823-757-4314,8357 Lakeview Ave,Albany,NY,64225,United States,2024-05-07,Consumer
CUST-13075,Sara Edwards,sara.edwards191@bizmail.io,+1-527-721-8017,945 Cedar Blvd,Mesa,AZ,17934,United States,2024-12-17,Small Business
CUST-13076,Louis Ruiz,louis.ruiz884@icloud.com,+1-996-753-3469,4101 Pine St,Dayton,OH,41594,United States,2024-04-20,Consumer
CUST-13077,Emily Bailey,emily.bailey88@proton.me,+1-545-939-8708,8791 Broadway,Boston,MA,54433,United States,2024-08-12,Consumer
CUST-13078,Frances Johnson,frances.johnson703@outlook.com,+1-675-290-7185,1903 Broadway,Lexington,KY,45303,United States,2025-04-12,Consumer
CUST-13079,Alexis Adams,alexis.adams967@bizmail.io,+1-953-456-8887,6947 Lakeview Ave,West Jordan,UT,86022,United States,2023-07-19,Corporate
CUST-13080,Sharon Mendez,sharon.mendez579@proton.me,+1-867-485-8693,9279 Park Blvd,San Francisco,CA,99722,United States,2023-10-13,Corporate
CUST-13081,Virginia Stevens,virginia.stevens825@outlook.com,+1-383-941-5596,1579 Lakeview Ave,Frederick,MD,26102,United States,2025-11-16,Small Business
CUST-13082,Theresa Edwards,theresa.edwards199@proton.me,+1-446-901-5107,1653 Sunset Way,Indianapolis,IN,61348,United States,2025-08-19,Consumer
CUST-13083,Anna Taylor,anna.taylor561@icloud.com,+1-287-467-1058,938 Cedar Blvd,Madison,WI,51719,United States,2023-05-23,Consumer
CUST-13084,Stephanie Green,stephanie.green205@proton.me,+1-883-510-1148,5152 Park Blvd,Joliet,IL,72238,United States,2023-08-01,Consumer
CUST-13085,Ruth Castillo,ruth.castillo608@corporate.com,+1-869-342-2513,3289 Maple Rd,Jacksonville,FL,76026,United States,2023-12-06,Corporate
CUST-13086,Jessica Stevens,jessica.stevens938@proton.me,+1-595-499-4445,4983 Park Blvd,Reading,PA,63448,United States,2024-01-27,Consumer
CUST-13087,Noah Castro,noah.castro184@proton.me,+1-757-649-3901,8630 Highland Dr,Columbus,OH,85578,United States,2025-06-07,Corporate
CUST-13088,Heather Graham,heather.graham416@icloud.com,+1-449-216-5808,6447 Main St,Spokane,WA,20228,United States,2025-03-20,Consumer
CUST-13089,Tyler Hill,tyler.hill977@icloud.com,+1-917-614-6105,904 Sunset Way,New Orleans,LA,40882,United States,2023-07-14,Corporate
CUST-13090,  Logan Bryant  ,logan.bryant102@corporate.com,+1-445-460-4646,666 Cedar Blvd,Baltimore,MD,92796,United States,2024-11-01,Small Business
CUST-13091,Wayne Sanchez,wayne.sanchez451@outlook.com,+1-969-347-9587,4591 Elm St,Tucson,AZ,59197,United States,2024-03-27,Corporate
CUST-13092,Justin Smith,justin.smith640@corporate.com,+1-355-366-6767,1344 Oak Ave,Aurora,CO,69469,United States,2023-06-04,Consumer
CUST-13093,Noah Barnes,noah.barnes775@gmail.com,+1-957-875-1985,3092 Washington Ave,Yonkers,NY,64338,United States,2025-12-19,Corporate
CUST-13094,Janice Jones,janice.jones685@proton.me,+1-404-723-2735,6321 Maple Rd,Springfield,MA,90279,United States,2025-10-31,Small Business
CUST-13095,Michael Coleman,michael.coleman567@hotmail.com,+1-527-681-4618,2516 Oak Ave,fort collins,CO,81524,United States,2024-03-26,Consumer
CUST-13096,  Juan Peterson  ,juan.peterson595@icloud.com,+1-554-472-5165,329 Park Blvd,New Haven,CT,78790,United States,2025-07-22,Consumer
CUST-13097,Patricia Hamilton,patricia.hamilton34@outlook.com,+1-449-877-1418,5769 Broadway,Racine,WI,,United States,2025-06-14,Small Business
CUST-13098,Henry Fisher,henry.fisher357@icloud.com,+1-427-872-4263,2099 Park Blvd,Tampa,FL,80895,United States,2023-12-03,Corporate
CUST-13099,Kathryn Brooks,kathryn.brooks586@outlook.com,+1-499-971-3912,2665 Main St,Charlotte,NC,32374,United States,2024-05-31,Corporate
CUST-13100,Amber Harrison,amber.harrison531@proton.me,+1-342-313-8216,6530 Sunset Way,Norfolk,VA,16233,United States,2026-01-04,Consumer
CUST-13101,Kenneth Coleman,kenneth.coleman881@proton.me,+1-977-258-8818,3835 Lakeview Ave,Allentown,PA,15962,United States,2024-01-02,Consumer
CUST-13102,Jean Taylor,jean.taylor254@gmail.com,+1-452-904-3765,6086 Main St,Waterbury,CT,48711,United States,2025-02-11,Corporate
CUST-13103,Nicholas Guzman,nicholas.guzman584@icloud.com,+1-717-488-5844,874 Broadway,Salem,OR,41419,United States,2024-03-09,Corporate
CUST-13104,Tyler Price,tyler.price616@hotmail.com,+1-358-948-6838,8694 Main St,Akron,OH,86550,United States,2024-12-21,Consumer
CUST-13105,Hannah Bell,hannah.bell579@corporate.com,+1-871-451-3097,9779 Broadway,Portland,OR,47680,United States,2024-12-26,Consumer
CUST-13106,Jennifer Bennett,jennifer.bennett533@bizmail.io,+1-876-308-6481,9677 Main St,Shreveport,LA,97958,United States,2026-02-03,Corporate
CUST-13107,Steven Diaz,steven.diaz70@gmail.com,+1-694-459-5733,4313 Park Blvd,Memphis,TN,23732,United States,2023-10-19,Consumer
CUST-13108,Betty Jackson,betty.jackson884@gmail.com,+1-230-405-5197,5941 Washington Ave,Jacksonville,FL,42954,United States,2023-10-09,Consumer
CUST-13109,Wayne Peterson,wayne.peterson965@bizmail.io,+1-972-413-8845,4913 Pine St,Tacoma,WA,98369,United States,2023-06-11,Consumer
CUST-13110,Mary Simmons,mary.simmons757@gmail.com,+1-985-499-8699,4414 Oak Ave,Macon,GA,59603,United States,2025-08-28,Consumer
CUST-13111,Frances Smith,frances.smith225@outlook.com,+1-564-335-9740,9694 Broadway,Scottsdale,AZ,87884,United States,2025-05-01,Consumer
CUST-13112,Lawrence Murphy,lawrence.murphy150@corporate.com,+1-822-992-6383,8015 Park Blvd,Jacksonville,FL,12387,United States,2024-05-14,Consumer
CUST-13113,Nathan Butler,nathan.butler232@yahoo.com,+1-637-401-7559,7798 Sunset Way,Ann Arbor,MI,16726,United States,2023-04-09,Consumer
CUST-13114,Eric Mason,eric.mason259@bizmail.io,+1-594-474-3567,8540 Cedar Blvd,San Antonio,TX,54342,United States,2023-04-24,Corporate
CUST-13115,Rebecca Hunter,rebecca.hunter148@corporate.com,+1-242-734-9803,5764 Cedar Blvd,Savannah,GA,58063,United States,2024-05-29,Consumer
CUST-13116,Lauren Stewart,lauren.stewart96@hotmail.com,+1-834-816-9009,5090 Park Blvd,Charleston,SC,22188,United States,2024-10-14,Small Business
CUST-13117,Judith Phillips,judith.phillips292@gmail.com,+1-789-627-8517,8849 Oak Ave,Broken Arrow,OK,14841,United States,2023-11-23,Consumer
CUST-13118,Maria Gray,maria.gray634@corporate.com,+1-296-998-1513,3386 Broadway,North Las Vegas,NV,40541,United States,2023-09-23,Consumer
CUST-13119,Timothy Perry,timothy.perry954@gmail.com,+1-731-963-1330,4906 Oak Ave,Waterbury,CT,22657,United States,2023-05-19,Corporate
CUST-13120,Benjamin Barnes,benjamin.barnes495@outlook.com,+1-306-901-9238,8394 Park Blvd,New Haven,CT,14154,United States,2024-11-08,Consumer
CUST-13121,Marilyn Henderson,marilyn.henderson483@outlook.com,+1-437-620-5050,5149 Oak Ave,Tacoma,WA,76361,United States,2025-11-06,Consumer
CUST-13122,Gregory Vasquez,gregory.vasquez965@yahoo.com,+1-348-594-6368,7916 Lakeview Ave,West Jordan,UT,68884,United States,2023-04-19,Consumer
CUST-13123,Gloria Torres,gloria.torres648@proton.me,+1-864-368-5231,9560 Broadway,Erie,PA,83690,United States,2025-10-03,Consumer
CUST-13124,Diane Miller,diane.miller703@proton.me,+1-576-397-8621,3817 Main St,Detroit,MI,55570,United States,2023-06-11,Corporate
CUST-13125,Peter Coleman,peter.coleman387@corporate.com,+1-705-222-9078,2119 Washington Ave,St. Petersburg,FL,52056,United States,2025-04-10,Corporate
CUST-13126,Shirley Harrison,shirley.harrison14@gmail.com,+1-964-951-5452,693 Park Blvd,greensboro,NC,10297,United States,2025-11-17,Consumer
CUST-13127,Ashley Wilson,ashley.wilson797@bizmail.io,+1-362-798-7735,8686 Lakeview Ave,Detroit,MI,68265,United States,2024-01-17,Consumer
CUST-13128,Keith James,keith.james770@hotmail.com,+1-464-802-8953,9532 Lakeview Ave,Joliet,IL,37018,United States,2024-09-13,Consumer
CUST-13129,Janet Robinson,janet.robinson427@proton.me,+1-482-656-7000,8435 Park Blvd,Columbia,SC,63876,United States,2023-09-21,Corporate
CUST-13130,Logan Morales,logan.morales869@proton.me,+1-392-801-3340,5909 Broadway,salt lake city,UT,17843,United States,2023-09-13,Corporate
CUST-13131,Harold Alexander,harold.alexander741@corporate.com,+1-202-986-2750,7890 Pine St,Springfield,MO,35564,United States,2025-09-27,Small Business
CUST-13132,Shirley Thomas,shirley.thomas57@hotmail.com,+1-323-405-2631,6801 Broadway,Richmond,VA,17716,United States,2025-07-12,Consumer
CUST-13133,Patrick Nguyen,patrick.nguyen123@outlook.com,+1-658-789-8679,1780 Park Blvd,New Orleans,LA,67385,United States,2023-09-21,Consumer
CUST-13134,Katherine Williams,katherine.williams723@bizmail.io,+1-361-783-1385,4918 Cedar Blvd,Norman,OK,33389,United States,2024-02-11,Consumer
CUST-13135,Jeremy Sullivan,jeremy.sullivan878@bizmail.io,+1-235-347-6697,5211 Cedar Blvd,Spokane,WA,32013,United States,2023-10-29,Small Business
CUST-13136,Cynthia Vargas,cynthia.vargas441@hotmail.com,+1-694-329-6496,6957 Main St,Trenton,NJ,50498,United States,2026-01-15,Corporate
CUST-13137,Lauren Tran,lauren.tran219@corporate.com,+1-835-221-7402,1861 Elm St,Denver,CO,99398,United States,2025-07-13,Corporate
CUST-13138,William Mitchell,william.mitchell273@gmail.com,+1-918-838-8721,3809 Oak Ave,Salt Lake City,UT,41137,United States,2024-03-18,Corporate
CUST-13139,Alexis Anderson,alexis.anderson425@proton.me,+1-493-871-1069,5413 Cedar Blvd,Vancouver,WA,67072,United States,2023-12-29,Corporate
CUST-13140,  Kenneth Gordon  ,kenneth.gordon294@icloud.com,+1-542-429-3730,8301 Lakeview Ave,Mount Pleasant,SC,84081,United States,2025-10-10,Consumer
CUST-13141,Terry Brown,terry.brown541@gmail.com,+1-540-663-4675,3160 Oak Ave,Kansas City,MO,41425,United States,2024-05-13,Consumer
CUST-13142,Olivia Mcdonald,olivia.mcdonald350@proton.me,,5265 Oak Ave,Tacoma,WA,56779,United States,2023-04-10,Consumer
CUST-13143,Russell Hughes,russell.hughes997@outlook.com,+1-837-582-1591,9309 Washington Ave,Nashville,TN,57732,United States,2024-05-13,Consumer
CUST-13144,Jonathan Howard,jonathan.howard960@corporate.com,+1-871-377-6209,9296 Washington Ave,Aurora,IL,55045,United States,2025-11-23,Consumer
CUST-13145,Amy Watson,amy.watson673@outlook.com,+1-542-881-6666,1130 Elm St,Los Angeles,CA,60184,United States,2023-12-31,Consumer
CUST-13146,Jesse Romero,jesse.romero496@hotmail.com,+1-802-542-4569,1196 Maple Rd,Fort Worth,TX,36313,United States,2024-05-18,Consumer
CUST-13147,Rose Cook,rose.cook77@bizmail.io,+1-633-904-3613,1934 Cedar Blvd,Indianapolis,IN,97692,United States,2024-07-16,Small Business
CUST-13148,Daniel Jenkins,daniel.jenkins337@outlook.com,+1-916-641-6494,4167 Maple Rd,Bloomington,MN,20085,United States,2024-11-10,Corporate
CUST-13149,Alan Gutierrez,alan.gutierrez532@yahoo.com,+1-202-309-5419,8751 Lakeview Ave,Albany,NY,98671,United States,2023-11-23,Consumer
CUST-13150,Olivia Jackson,olivia.jackson802@hotmail.com,+1-452-658-5948,9173 Broadway,Springfield,MO,15709,United States,2023-04-14,Corporate
CUST-13151,Vincent Walker,vincent.walker122@bizmail.io,+1-972-815-5091,235 Lakeview Ave,Hartford,CT,77544,United States,2025-08-26,Consumer
CUST-13152,Samuel Tran,samuel.tran903@gmail.com,,784 Sunset Way,Covington,KY,89695,United States,2023-05-18,Consumer
CUST-13153,Sharon Reed,sharon.reed868@yahoo.com,+1-911-939-1790,5655 Washington Ave,Newark,NJ,82465,United States,2026-04-10,Small Business
CUST-13154,Debra Snyder,debra.snyder614@gmail.com,+1-849-388-2731,3965 Oak Ave,Mobile,AL,87504,United States,2023-07-05,Consumer
CUST-13155,Teresa Cox,teresa.cox86@outlook.com,+1-497-640-8340,7014 Pine St,San Francisco,CA,93410,United States,2024-01-26,Consumer
CUST-13156,Ralph Ruiz,ralph.ruiz805@outlook.com,+1-252-668-5382,8443 Sunset Way,Fort Wayne,IN,61975,United States,2023-03-29,Corporate
CUST-13157,Wayne Chavez,wayne.chavez14@outlook.com,+1-200-450-4671,1394 Lakeview Ave,Tulsa,OK,60959,United States,2025-12-29,Corporate
CUST-13158,Jack Coleman,jack.coleman410@proton.me,+1-702-724-2581,3558 Main St,Nashville,TN,64993,United States,2024-06-06,Consumer
CUST-13159,Frank Anderson,frank.anderson701@corporate.com,+1-497-864-2645,6619 Pine St,Savannah,GA,84686,United States,2024-09-18,Consumer
CUST-13160,Andrew Washington,andrew.washington877@icloud.com,+1-223-683-3420,4543 Lakeview Ave,Cleveland,OH,26656,United States,2024-08-08,Small Business
CUST-13161,Judith Foster,judith.foster111@icloud.com,+1-885-782-6964,6048 Park Blvd,Orlando,FL,64161,United States,2024-12-26,Consumer
CUST-13162,Donald Gibson,donald.gibson214@icloud.com,+1-519-237-9488,3692 Elm St,North Charleston,SC,76060,United States,2026-05-04,Consumer
CUST-13163,Anna Torres,anna.torres588@yahoo.com,+1-803-376-1248,7200 Highland Dr,Carmel,IN,56251,United States,2023-10-04,Consumer
CUST-13164,Ronald Rivera,ronald.rivera839@outlook.com,+1-669-646-3674,2375 Cedar Blvd,Duluth,MN,64366,United States,2024-05-03,Consumer
CUST-13165,Brian Reynolds,brian.reynolds555@icloud.com,+1-827-957-6642,5657 Broadway,Columbus,GA,26091,United States,2024-07-03,Small Business
CUST-13166,Isabella Rodriguez,isabella.rodriguez28@yahoo.com,+1-665-709-2321,538 Washington Ave,New Haven,CT,77360,United States,2025-07-06,Consumer
CUST-13167,Robert Wright,robert.wright283@bizmail.io,+1-428-995-6976,3598 Pine St,Duluth,MN,47521,United States,2024-03-31,Consumer
CUST-13168,Bruce Reed,bruce.reed770@icloud.com,+1-390-444-3026,8760 Washington Ave,Milwaukee,WI,14017,United States,2025-01-11,Corporate
CUST-13169,Lauren Wells,lauren.wells665@bizmail.io,+1-962-463-8711,7998 Broadway,Hartford,CT,65316,United States,2026-02-18,Consumer
CUST-13170,Randy Harris,randy.harris11@icloud.com,,7772 Sunset Way,Minneapolis,MN,48702,United States,2025-12-20,Consumer
CUST-13171,Nancy Snyder,nancy.snyder814@proton.me,+1-859-427-4086,4728 Maple Rd,Cambridge,MA,72348,United States,2023-05-09,Consumer
CUST-13172,Laura Simpson,laura.simpson378@bizmail.io,+1-688-661-3973,7570 Park Blvd,Naperville,IL,26796,United States,2025-09-08,Consumer
CUST-13173,Alexander Gonzalez,alexander.gonzalez548@proton.me,+1-391-295-2635,4719 Sunset Way,Tallahassee,FL,78310,United States,2025-06-28,Consumer
CUST-13174,Ryan Long,ryan.long856@corporate.com,+1-928-984-9752,8114 Sunset Way,Fort Wayne,IN,86341,United States,2025-05-08,Corporate
CUST-13175,Amanda Jones,amanda.jones718@icloud.com,+1-577-879-9240,9833 Pine St,Springfield,MA,92031,United States,2024-10-24,Consumer
CUST-13176,Jerry Vargas,jerry.vargas548@proton.me,+1-447-333-1894,2561 Elm St,Duluth,MN,33286,United States,2025-01-16,Consumer
CUST-13177,Julie Mason,julie.mason774@bizmail.io,+1-860-663-9607,1218 Sunset Way,Rockville,MD,63937,United States,2023-10-03,Small Business
CUST-13178,Victoria Parker,victoria.parker900@proton.me,+1-833-935-5760,5474 Highland Dr,Huntsville,AL,39468,United States,2024-02-03,Consumer
CUST-13179,Sandra Woods,sandra.woods245@proton.me,+1-845-252-2431,4700 Park Blvd,Mobile,AL,32664,United States,2024-07-14,Consumer
CUST-13180,Henry Scott,henry.scott947@corporate.com,+1-561-499-9084,7714 Highland Dr,Saint Paul,MN,76215,United States,2024-03-01,Consumer
CUST-13181,Billy Mendez,billy.mendez55@yahoo.com,+1-223-230-2596,4286 Maple Rd,Lexington,KY,12664,United States,2025-07-21,Consumer
CUST-13182,Adam Tucker,adam.tucker97@proton.me,+1-700-531-6573,1864 Pine St,Spokane,WA,51908,United States,2026-02-02,Corporate
CUST-13183,Bobby Hernandez,bobby.hernandez110@gmail.com,+1-879-723-1129,125 Lakeview Ave,Mount Pleasant,SC,68366,United States,2023-03-31,Consumer
CUST-13184,Andrea Moreno,andrea.moreno188@bizmail.io,+1-889-856-5800,9752 Washington Ave,Raleigh,NC,96370,United States,2025-05-21,Consumer
CUST-13185,Steven Porter,steven.porter883@gmail.com,+1-553-317-8481,2136 Highland Dr,Hillsboro,OR,36001,United States,2024-09-29,Consumer
CUST-13186,Thomas Campbell,thomas.campbell787@icloud.com,+1-535-437-8078,7690 Elm St,Norman,OK,36957,United States,2025-03-13,Consumer
CUST-13187,Megan Simmons,megan.simmons828@proton.me,,887 Cedar Blvd,Raleigh,NC,60856,United States,2025-03-22,Consumer
CUST-13188,Sophia Mason,sophia.mason11@bizmail.io,+1-688-276-3987,8455 Main St,Milwaukee,WI,43654,United States,2023-12-17,Small Business
CUST-13189,Denise Vargas,denise.vargas412@corporate.com,+1-818-981-9151,4572 Park Blvd,Knoxville,TN,61685,United States,2026-03-20,Consumer
CUST-13190,Isabella White,isabella.white796@icloud.com,+1-577-599-7933,8299 Broadway,Orlando,FL,47988,United States,2023-11-03,Corporate
CUST-13191,Russell Gonzalez,russell.gonzalez406@proton.me,+1-932-347-6937,5439 Sunset Way,Naperville,IL,35850,United States,2025-03-11,Consumer
CUST-13192,Ruth Cole,ruth.cole583@yahoo.com,+1-964-256-9179,2981 Sunset Way,Newark,NJ,72200,United States,2025-04-03,Consumer
CUST-13193,Scott Hamilton,scott.hamilton998@yahoo.com,+1-387-896-7207,1544 Pine St,Durham,NC,98923,United States,2024-04-01,Consumer
CUST-13194,Alice Evans,alice.evans799@corporate.com,+1-380-651-6468,6562 Lakeview Ave,Saint Paul,MN,24066,United States,2024-02-22,Consumer
CUST-13195,Rose Martinez,rose.martinez866@proton.me,+1-602-610-4566,370 Main St,El Paso,TX,89318,United States,2024-08-17,Consumer
CUST-13196,Donna Walker,donna.walker275@gmail.com,+1-656-722-8574,1008 Pine St,Virginia Beach,VA,60966,United States,2026-02-10,Corporate
CUST-13197,Lisa Evans,lisa.evans776@icloud.com,+1-818-625-6978,2722 Park Blvd,Baton Rouge,LA,72445,United States,2024-05-16,Small Business
CUST-13198,Rose Tucker,rose.tucker461@bizmail.io,+1-680-913-2002,5582 Elm St,Bowie,MD,61454,United States,2024-08-20,Consumer
CUST-13199,Randy Martinez,randy.martinez952@corporate.com,+1-823-983-2574,5435 Pine St,San Antonio,TX,87046,United States,2023-10-03,Corporate
CUST-13200,Ethan Williams,ethan.williams263@icloud.com,+1-994-912-2718,3575 Maple Rd,Saint Paul,MN,85219,United States,2026-02-19,Consumer
CUST-13201,Walter Ortiz,walter.ortiz265@corporate.com,+1-976-758-9777,4804 Oak Ave,San Francisco,CA,18432,United States,2024-01-21,Consumer
CUST-13202,Danielle Wright,danielle.wright727@proton.me,+1-264-939-6786,6877 Oak Ave,Evansville,IN,32646,United States,2026-01-13,Consumer
CUST-13203,Carolyn Gray,carolyn.gray235@proton.me,+1-570-332-9958,5394 Sunset Way,Madison,WI,,United States,2023-04-15,Consumer
CUST-13204,Victoria Roberts,victoria.roberts570@outlook.com,+1-822-428-4859,5946 Maple Rd,Lexington,KY,29377,United States,2026-05-20,Consumer
CUST-13205,Joe Bryant,joe.bryant832@corporate.com,+1-507-696-3566,6826 Sunset Way,Norfolk,VA,55973,United States,2025-10-31,Consumer
CUST-13206,Megan Morgan,megan.morgan44@bizmail.io,+1-900-354-9518,4120 Oak Ave,Greensboro,NC,52068,United States,2024-02-07,Corporate
CUST-13207,Ashley Harrison,ashley.harrison569@gmail.com,+1-752-691-6178,6704 Lakeview Ave,Huntsville,AL,78987,United States,2024-06-07,Consumer
CUST-13208,Rachel Miller,rachel.miller22@proton.me,+1-742-210-2783,124 Sunset Way,Kansas City,MO,95263,United States,2024-07-07,Small Business
CUST-13209,Juan Butler,juan.butler269@bizmail.io,+1-645-281-4475,7416 Sunset Way,Kenosha,WI,44078,United States,2023-09-08,Corporate
CUST-13210,Joyce Long,joyce.long312@corporate.com,+1-981-538-4968,3692 Cedar Blvd,Gresham,OR,93099,United States,2025-04-29,Consumer
CUST-13211,Stephen Wells,stephen.wells601@outlook.com,+1-359-909-8051,2889 Sunset Way,Augusta,GA,72850,United States,2024-02-15,Consumer
CUST-13212,Frank Smith,frank.smith221@bizmail.io,+1-450-495-6131,923 Elm St,Toledo,OH,48033,United States,2025-05-25,Small Business
CUST-13213,Justin Williams,justin.williams494@outlook.com,+1-969-626-1432,7934 Broadway,Salt Lake City,UT,43095,United States,2024-08-15,Consumer
CUST-13214,Karen Cooper,karen.cooper471@icloud.com,+1-619-586-1263,9473 Sunset Way,Sparks,NV,73807,United States,2024-06-03,Corporate
CUST-13215,Lawrence Robinson,lawrence.robinson506@icloud.com,+1-598-646-6977,3458 Highland Dr,Austin,TX,49064,United States,2023-04-17,Consumer
CUST-13216,Rachel Stevens,rachel.stevens775@proton.me,+1-870-570-8416,2008 Cedar Blvd,Bowling Green,KY,76317,United States,2023-11-21,Consumer
CUST-13217,Jacqueline Cook,jacqueline.cook76@corporate.com,+1-448-778-6245,3066 Elm St,Winston-Salem,NC,61157,United States,2024-12-10,Consumer
CUST-13218,Evelyn Bailey,evelyn.bailey155@icloud.com,+1-719-480-9441,7556 Park Blvd,Worcester,MA,20401,United States,2025-01-31,Consumer
CUST-13219,Charles Porter,charles.porter862@bizmail.io,+1-540-582-9073,9809 Broadway,Orem,UT,83765,United States,2025-12-16,Consumer
CUST-13220,Steven Mitchell,steven.mitchell341@gmail.com,+1-527-493-6745,1956 Park Blvd,Denver,CO,17829,United States,2026-03-10,Consumer
CUST-13221,Carolyn Reed,carolyn.reed595@icloud.com,+1-483-510-4029,4858 Washington Ave,Trenton,NJ,18802,United States,2026-03-26,Consumer
CUST-13222,Walter Clark,walter.clark262@gmail.com,+1-993-981-7658,5608 Cedar Blvd,Akron,OH,40709,United States,2025-08-29,Consumer
CUST-13223,Deborah Patel,deborah.patel564@gmail.com,+1-784-605-3562,8353 Maple Rd,Trenton,NJ,97889,United States,2023-10-07,Corporate
CUST-13224,Diane Smith,diane.smith792@proton.me,+1-848-681-9261,9144 Maple Rd,Clarksville,TN,74067,United States,2023-06-21,Corporate
CUST-13225,Edward Graham,edward.graham964@bizmail.io,+1-666-424-9445,4151 Washington Ave,Atlanta,GA,87068,United States,2024-01-12,Corporate
CUST-13226,Teresa Bryant,teresa.bryant962@proton.me,+1-211-972-1905,4889 Pine St,Clarksville,TN,52716,United States,2023-03-22,Small Business
CUST-13227,Olivia Scott,olivia.scott712@yahoo.com,+1-217-652-4789,3081 Lakeview Ave,Reading,PA,13565,United States,2024-03-04,Small Business
CUST-13228,Donna Romero,donna.romero405@icloud.com,+1-216-540-5985,1384 Lakeview Ave,Allentown,PA,47964,United States,2023-07-08,Consumer
CUST-13229,Sarah Alexander,sarah.alexander574@bizmail.io,+1-368-484-6172,9170 Oak Ave,Jersey City,NJ,86553,United States,2023-12-08,Corporate
CUST-13230,Gloria Alexander,gloria.alexander17@bizmail.io,,3384 Lakeview Ave,Carmel,IN,49866,United States,2026-03-22,Consumer
CUST-13231,Ronald Powell,ronald.powell457@icloud.com,,7529 Lakeview Ave,Kenosha,WI,28603,United States,2024-07-07,Consumer
CUST-13232,Nancy Carter,nancy.carter469@outlook.com,+1-266-998-3105,8861 Oak Ave,Scottsdale,AZ,64448,United States,2026-02-27,Consumer
CUST-13233,Gloria Jordan,gloria.jordan895@proton.me,+1-429-660-3549,1929 Pine St,Salem,OR,73373,United States,2026-04-04,Small Business
CUST-13234,Carol Richardson,carol.richardson500@icloud.com,+1-202-636-4149,9379 Main St,Macon,GA,23556,United States,2025-12-10,Corporate
CUST-13235,Martha Parker,martha.parker709@icloud.com,+1-635-997-9452,2125 Washington Ave,Scottsdale,AZ,44184,United States,2026-03-24,Consumer
CUST-13236,Heather Henderson,heather.henderson966@corporate.com,+1-686-692-7084,5832 Highland Dr,Bloomington,MN,16019,United States,2024-07-12,Consumer
CUST-13237,Russell Wood,russell.wood976@bizmail.io,+1-692-874-3143,5896 Main St,Miami,FL,51740,United States,2024-10-13,Consumer
CUST-13238,Wayne Ford,wayne.ford653@proton.me,+1-533-741-8332,2578 Cedar Blvd,Kansas City,MO,13380,United States,2023-08-07,Consumer
CUST-13239,Charlotte Castillo,charlotte.castillo549@gmail.com,+1-356-495-2870,368 Pine St,colorado springs,CO,16090,United States,2023-10-07,Consumer
CUST-13240,Rose Cox,rose.cox24@yahoo.com,+1-638-984-2877,1508 Elm St,Jacksonville,FL,59673,United States,2025-01-15,Consumer
CUST-13241,Victoria Thompson,victoria.thompson731@hotmail.com,+1-651-879-6837,837 Main St,Aurora,CO,12181,United States,2025-02-12,Consumer
CUST-13242,Christine Fernandez,christine.fernandez611@outlook.com,+1-333-841-8824,478 Washington Ave,Albany,NY,82578,United States,2024-09-22,Corporate
CUST-13243,Juan Martinez,juan.martinez648@icloud.com,+1-540-647-6706,8393 Main St,Ann Arbor,MI,50337,United States,2024-04-04,Small Business
CUST-13244,Grace Powell,grace.powell309@bizmail.io,+1-343-368-5987,6044 Elm St,St. Louis,MO,62880,United States,2025-03-25,Corporate
CUST-13245,Matthew West,matthew.west367@yahoo.com,+1-981-991-5862,3114 Pine St,Fort Wayne,IN,40895,United States,2026-03-14,Consumer
CUST-13246,Joe Mendez,joe.mendez632@gmail.com,+1-988-241-1571,4357 Elm St,Spokane,WA,97974,United States,2024-02-18,Consumer
CUST-13247,Sophia Harrison,sophia.harrison828@corporate.com,+1-707-847-3715,5280 Oak Ave,Winston-Salem,NC,81268,United States,2026-04-24,Consumer
CUST-13248,Dennis Lewis,dennis.lewis524@bizmail.io,+1-415-275-9156,327 Highland Dr,Syracuse,NY,85962,United States,2023-12-17,Consumer
CUST-13249,Heather Sullivan,heather.sullivan238@gmail.com,+1-435-841-9938,4917 Washington Ave,Orem,UT,23454,United States,2023-06-04,Consumer
CUST-13250,Terry Harris,terry.harris268@proton.me,+1-467-618-7308,2614 Elm St,New York,NY,59941,United States,2024-05-14,Consumer
CUST-13251,Rachel Cruz,rachel.cruz422@bizmail.io,+1-604-376-3650,9668 Elm St,Orlando,FL,67851,United States,2024-01-19,Small Business
CUST-13252,Julia Chen,julia.chen48@gmail.com,+1-846-777-9283,7494 Oak Ave,Knoxville,TN,57691,United States,2024-09-06,Consumer
CUST-13253,Jeffrey Thompson,jeffrey.thompson965@corporate.com,+1-237-484-3826,6369 Oak Ave,Lafayette,LA,22327,United States,2024-07-11,Consumer
CUST-13254,Nicholas Romero,nicholas.romero47@hotmail.com,+1-468-984-2716,6161 Maple Rd,Hartford,CT,53642,United States,2025-12-03,Consumer
CUST-13255,Frank Herrera,frank.herrera302@proton.me,+1-463-288-2876,3691 Lakeview Ave,Kenosha,WI,88127,United States,2025-08-11,Corporate
CUST-13256,Shirley Tucker,shirley.tucker31@icloud.com,+1-760-396-8278,4139 Highland Dr,Chattanooga,TN,27699,United States,2023-07-30,Consumer
CUST-13257,Kevin Richardson,kevin.richardson436@gmail.com,+1-921-697-5609,2083 Pine St,Gresham,OR,97833,United States,2025-06-10,Consumer
CUST-13258,Helen Smith,helen.smith204@proton.me,+1-395-489-3538,5433 Elm St,Glendale,AZ,26249,United States,2025-06-17,Consumer
CUST-13259,Ronald Torres,ronald.torres222@hotmail.com,+1-325-904-6899,5747 Oak Ave,Birmingham,AL,21571,United States,2024-01-01,Corporate
CUST-13260,  Patrick Cooper  ,patrick.cooper897@bizmail.io,+1-547-206-7025,6685 Sunset Way,Norman,OK,28528,United States,2025-09-02,Consumer
CUST-13261,Stephen Mason,stephen.mason459@outlook.com,+1-682-273-3478,6510 Cedar Blvd,West Valley City,UT,,United States,2023-06-20,Consumer
CUST-13262,Denise Mitchell,denise.mitchell760@icloud.com,+1-355-616-8698,2694 Park Blvd,Clarksville,TN,23804,United States,2025-03-24,Consumer
CUST-13263,Jose Allen,jose.allen308@corporate.com,+1-829-543-9300,8434 Oak Ave,Cambridge,MA,67536,United States,2023-11-24,Consumer
CUST-13264,Rose Foster,rose.foster607@outlook.com,+1-788-496-5398,3276 Oak Ave,Cambridge,MA,48564,United States,2023-05-27,Consumer
CUST-13265,Julia Hayes,julia.hayes526@hotmail.com,+1-926-818-1074,5512 Cedar Blvd,Broken Arrow,OK,63591,United States,2025-07-14,Consumer
CUST-13266,Douglas Mason,douglas.mason205@yahoo.com,,1858 Park Blvd,Cleveland,OH,14161,United States,2023-08-09,Consumer
CUST-13267,Gary Cox,gary.cox706@icloud.com,+1-393-404-2668,5324 Broadway,West Valley City,UT,82689,United States,2026-03-08,Small Business
CUST-13268,Andrea Jones,andrea.jones563@gmail.com,+1-361-455-7936,2314 Sunset Way,Vancouver,WA,46640,United States,2025-10-28,Consumer
CUST-13269,Dylan Cruz,dylan.cruz904@proton.me,+1-398-273-2807,5893 Pine St,Carmel,IN,94469,United States,2023-08-10,Corporate
CUST-13270,Kathleen Washington,kathleen.washington506@icloud.com,+1-466-288-6202,9599 Oak Ave,Kansas City,MO,57117,United States,2023-09-13,Consumer
CUST-13271,Joyce Brown,joyce.brown742@corporate.com,+1-561-261-5746,6607 Main St,Tucson,AZ,40891,United States,2023-08-11,Small Business
CUST-13272,Grace Hall,grace.hall664@outlook.com,+1-348-544-2716,9115 Lakeview Ave,Sterling Heights,MI,82377,United States,2025-08-11,Consumer
CUST-13273,Joyce Snyder,joyce.snyder54@corporate.com,+1-328-266-1988,8773 Pine St,Henderson,NV,54217,United States,2025-11-09,Consumer
CUST-13274,Ethan Simpson,ethan.simpson149@yahoo.com,+1-238-777-8825,5896 Maple Rd,Salt Lake City,UT,61731,United States,2023-08-19,Corporate
CUST-13275,Heather Butler,heather.butler438@yahoo.com,+1-981-600-3686,1963 Pine St,Syracuse,NY,38104,United States,2024-04-25,Consumer
CUST-13276,Walter Gomez,walter.gomez955@hotmail.com,+1-972-402-1293,3295 Highland Dr,South Bend,IN,20847,United States,2026-02-10,Consumer
CUST-13277,Michelle Miller,michelle.miller417@gmail.com,+1-693-207-3904,4761 Park Blvd,Elizabeth,NJ,33210,United States,2026-02-14,Consumer
CUST-13278,Grace Romero,grace.romero640@outlook.com,+1-264-436-3756,7666 Cedar Blvd,Greenville,SC,79422,United States,2023-06-25,Consumer
CUST-13279,Brian Flores,brian.flores474@outlook.com,+1-989-535-5193,709 Oak Ave,Pittsburgh,PA,85352,United States,2025-04-02,Consumer
CUST-13280,Marilyn Murphy,marilyn.murphy799@proton.me,+1-498-440-2397,8388 Sunset Way,Rochester,MN,74133,United States,2023-04-30,Consumer
CUST-13281,Jean Morgan,jean.morgan496@outlook.com,+1-954-476-8020,3650 Washington Ave,Kansas City,MO,17527,United States,2023-11-13,Consumer
CUST-13282,Hannah Morris,hannah.morris663@proton.me,+1-863-217-5589,5608 Sunset Way,Eugene,OR,57117,United States,2023-09-25,Consumer
CUST-13283,Elizabeth Brown,elizabeth.brown641@gmail.com,+1-949-392-2893,7371 Maple Rd,Mobile,AL,14108,United States,2023-08-12,Consumer
CUST-13284,Ryan Castillo,ryan.castillo224@icloud.com,,6991 Highland Dr,San Diego,CA,35289,United States,2023-08-11,Consumer
CUST-13285,Richard Perez,richard.perez917@icloud.com,+1-413-534-4040,216 Washington Ave,Seattle,WA,21879,United States,2024-08-30,Consumer
CUST-13286,Jerry Wilson,jerry.wilson771@hotmail.com,+1-333-978-7329,6630 Cedar Blvd,Columbus,OH,60821,United States,2023-03-27,Consumer
CUST-13287,Justin Wilson,justin.wilson117@gmail.com,+1-265-686-2404,7454 Oak Ave,Henderson,NV,34943,United States,2023-05-02,Consumer
CUST-13288,Samantha Graham,samantha.graham628@proton.me,+1-229-767-2205,9897 Lakeview Ave,Rochester,NY,24435,United States,2025-01-04,Consumer
CUST-13289,Charlotte Bennett,charlotte.bennett662@proton.me,+1-361-627-4700,6076 Highland Dr,Lafayette,LA,40507,United States,2024-02-06,Consumer
CUST-13290,Nathan Morris,nathan.morris255@gmail.com,+1-353-921-4042,8738 Washington Ave,Allentown,PA,24342,United States,2024-05-21,Consumer
CUST-13291,Heather Coleman,heather.coleman182@hotmail.com,+1-795-371-4166,6101 Park Blvd,Mobile,AL,12844,United States,2024-08-01,Consumer
CUST-13292,Logan Cox,logan.cox520@proton.me,+1-396-354-3105,8226 Broadway,Richmond,VA,21200,United States,2026-03-03,Consumer
CUST-13293,Harold Hughes,harold.hughes549@bizmail.io,+1-735-839-9586,9844 Lakeview Ave,Seattle,WA,51406,United States,2025-07-01,Consumer
CUST-13294,Gloria Murphy,gloria.murphy896@yahoo.com,+1-295-268-5228,2762 Lakeview Ave,Nashville,TN,51582,United States,2025-11-10,Consumer
CUST-13295,Theresa Herrera,theresa.herrera460@icloud.com,+1-276-888-4340,7369 Oak Ave,Chesapeake,VA,64587,United States,2024-08-31,Small Business
CUST-13296,Randy Ortiz,randy.ortiz429@corporate.com,+1-811-528-6083,5301 Broadway,Baltimore,MD,99442,United States,2025-11-23,Consumer
CUST-13297,Natalie Johnson,natalie.johnson675@yahoo.com,+1-704-612-2463,7661 Main St,Charlotte,NC,26023,United States,2025-05-03,Consumer
CUST-13298,Elizabeth Robinson,elizabeth.robinson228@icloud.com,+1-292-880-9558,1539 Park Blvd,Saint Paul,MN,69236,United States,2025-10-31,Consumer
CUST-13299,Samantha Reynolds,samantha.reynolds22@gmail.com,+1-265-783-2045,5296 Pine St,Richmond,VA,44016,United States,2024-04-12,Corporate
CUST-13300,Diana Anderson,diana.anderson86@yahoo.com,+1-631-486-4371,4543 Lakeview Ave,St. Louis,MO,48129,United States,2023-12-17,Consumer
CUST-13301,Sophia Moore,sophia.moore908@hotmail.com,+1-874-605-8151,2467 Pine St,Durham,NC,51563,United States,2025-09-23,Small Business
CUST-13302,Steven Collins,steven.collins139@yahoo.com,+1-281-632-9375,4387 Washington Ave,Fort Collins,CO,48515,United States,2026-01-24,Consumer
CUST-13303,Dylan Hughes,dylan.hughes162@icloud.com,+1-485-905-7923,6504 Elm St,Aurora,CO,90397,United States,2025-11-12,Consumer
CUST-13304,Harold Kelly,harold.kelly789@icloud.com,+1-300-643-5429,9610 Elm St,Greensboro,NC,,United States,2024-01-13,Consumer
CUST-13305,Samuel Mason,samuel.mason497@yahoo.com,+1-429-857-5761,7067 Lakeview Ave,Miami,FL,37943,United States,2024-10-19,Corporate
CUST-13306,Anthony Brown,anthony.brown56@bizmail.io,+1-748-638-6263,7519 Lakeview Ave,Independence,MO,99645,United States,2023-08-19,Consumer
CUST-13307,Johnny Stevens,johnny.stevens722@proton.me,+1-849-484-5644,8102 Pine St,San Diego,CA,23956,United States,2025-02-20,Corporate
CUST-13308,Jonathan Edwards,jonathan.edwards264@corporate.com,+1-977-817-8828,664 Oak Ave,Lakewood,CO,71446,United States,2024-05-01,Consumer
CUST-13309,Raymond Flores,raymond.flores691@bizmail.io,,167 Highland Dr,Salem,OR,20027,United States,2024-05-18,Consumer
CUST-13310,Isabella Robinson,isabella.robinson580@bizmail.io,+1-475-859-1292,5973 Maple Rd,Trenton,NJ,62144,United States,2023-07-05,Consumer
CUST-13311,Gabriel Price,gabriel.price953@outlook.com,+1-714-269-9693,4472 Park Blvd,Green Bay,WI,73319,United States,2026-03-26,Corporate
CUST-13312,Cheryl Gonzalez,cheryl.gonzalez630@outlook.com,+1-494-278-7979,1654 Oak Ave,Henderson,NV,89474,United States,2024-03-10,Consumer
CUST-13313,Elizabeth Silva,elizabeth.silva535@gmail.com,+1-722-745-1883,6551 Sunset Way,Scranton,PA,73958,United States,2024-04-11,Corporate
CUST-13314,Ashley Hill,ashley.hill627@outlook.com,+1-767-352-3624,3535 Cedar Blvd,Lowell,MA,53546,United States,2025-10-02,Small Business
CUST-13315,Maria West,maria.west854@icloud.com,+1-731-552-8027,2119 Washington Ave,Naperville,IL,10302,United States,2023-08-15,Consumer
CUST-13316,Sandra Gutierrez,sandra.gutierrez518@bizmail.io,+1-393-347-4302,5269 Broadway,Cincinnati,OH,32867,United States,2025-11-24,Consumer
CUST-13317,Shirley Campbell,shirley.campbell22@hotmail.com,+1-389-235-8197,9830 Cedar Blvd,Rochester,MN,29799,United States,2025-11-05,Corporate
CUST-13318,Jack Dixon,jack.dixon735@hotmail.com,+1-346-550-1825,5495 Highland Dr,Boston,MA,90951,United States,2023-07-26,Consumer
CUST-13319,Gregory Edwards,gregory.edwards377@bizmail.io,+1-706-822-4665,6577 Pine St,Edmond,OK,57728,United States,2026-05-27,Consumer
CUST-13320,Rebecca Alexander,rebecca.alexander543@yahoo.com,+1-632-897-2170,2191 Highland Dr,Worcester,MA,39167,United States,2024-06-17,Consumer
CUST-13321,Anthony Clark,anthony.clark61@yahoo.com,+1-230-686-6376,3175 Elm St,Athens,GA,37194,United States,2026-01-01,Small Business
CUST-13322,Amanda Gutierrez,amanda.gutierrez862@hotmail.com,+1-928-949-2697,2893 Cedar Blvd,Rockville,MD,78848,United States,2024-02-22,Consumer
CUST-13323,George Collins,george.collins505@icloud.com,+1-736-970-6271,7874 Main St,Salt Lake City,UT,83100,United States,2025-06-17,Small Business
CUST-13324,Eugene Vargas,eugene.vargas264@bizmail.io,+1-212-739-6787,9305 Park Blvd,Akron,OH,23739,United States,2024-09-15,Small Business
CUST-13325,Jordan Baker,jordan.baker845@outlook.com,+1-343-584-1886,8551 Main St,Atlanta,GA,65607,United States,2025-09-20,Consumer
CUST-13326,Rebecca Romero,rebecca.romero247@yahoo.com,+1-659-756-5941,4522 Lakeview Ave,Virginia Beach,VA,91866,United States,2026-01-13,Consumer
CUST-13327,Alexis Murphy,alexis.murphy663@hotmail.com,+1-865-648-4789,9008 Oak Ave,San Francisco,CA,68230,United States,2023-05-21,Consumer
CUST-13328,Zachary Thomas,zachary.thomas183@hotmail.com,+1-575-520-6055,610 Park Blvd,Rockville,MD,61863,United States,2025-01-04,Corporate
CUST-13329,Patricia Brown,patricia.brown339@outlook.com,+1-409-470-2656,2136 Sunset Way,West Valley City,UT,56671,United States,2024-08-12,Consumer
CUST-13330,Amanda Washington,amanda.washington835@outlook.com,+1-946-747-5592,8163 Park Blvd,Evansville,IN,17596,United States,2025-02-10,Consumer
CUST-13331,Kevin Mendoza,kevin.mendoza485@yahoo.com,+1-580-636-5829,1743 Elm St,Knoxville,TN,38728,United States,2023-07-11,Corporate
CUST-13332,Jacob Parker,jacob.parker430@corporate.com,+1-897-705-1997,6679 Cedar Blvd,Boston,MA,59981,United States,2026-03-24,Corporate
CUST-13333,Margaret Wells,margaret.wells116@proton.me,+1-545-961-4608,518 Highland Dr,Mount Pleasant,SC,22228,United States,2026-01-10,Consumer
CUST-13334,Sandra Carter,sandra.carter509@bizmail.io,+1-837-279-8643,237 Cedar Blvd,Minneapolis,MN,40194,United States,2024-12-24,Consumer
CUST-13335,Jason Davis,jason.davis150@gmail.com,+1-214-493-7079,8576 Maple Rd,St. Petersburg,FL,86114,United States,2024-02-03,Consumer
CUST-13336,Matthew Powell,matthew.powell719@hotmail.com,+1-330-505-8071,9256 Pine St,Eugene,OR,68820,United States,2025-05-23,Small Business
CUST-13337,Raymond Chavez,raymond.chavez864@outlook.com,+1-789-876-1394,5593 Lakeview Ave,Lafayette,LA,53053,United States,2026-01-27,Corporate
CUST-13338,Douglas Hunter,douglas.hunter172@gmail.com,,9090 Broadway,Chicago,IL,69021,United States,2025-09-28,Small Business
CUST-13339,Cynthia Watson,cynthia.watson592@corporate.com,+1-752-965-5309,4649 Elm St,Sacramento,CA,22938,United States,2024-08-12,Consumer
CUST-13340,Zachary Castro,zachary.castro311@outlook.com,+1-234-522-5264,1009 Broadway,Gresham,OR,44542,United States,2025-12-20,Consumer
CUST-13341,Jack Wood,jack.wood587@outlook.com,+1-249-319-7448,8266 Elm St,Knoxville,TN,11260,United States,2024-01-23,Consumer
CUST-13342,Gary Martinez,gary.martinez894@yahoo.com,+1-510-234-6719,8928 Main St,San Antonio,TX,43750,United States,2026-04-12,Consumer
CUST-13343,Arthur Jackson,arthur.jackson377@hotmail.com,+1-731-463-1091,903 Main St,Bowling Green,KY,66805,United States,2024-12-26,Consumer
CUST-13344,Jennifer Howard,jennifer.howard648@bizmail.io,+1-594-741-4457,4944 Lakeview Ave,Greensboro,NC,43019,United States,2024-02-07,Small Business
CUST-13345,  Rachel Baker  ,rachel.baker926@outlook.com,+1-488-605-7963,2304 Elm St,Phoenix,AZ,46969,United States,2024-05-22,Consumer
CUST-13346,Deborah Murray,deborah.murray349@yahoo.com,+1-291-719-2836,2895 Broadway,Mount Pleasant,SC,88962,United States,2026-03-12,Corporate
CUST-13347,Jerry Price,jerry.price580@yahoo.com,+1-576-779-6405,9957 Main St,Rochester,MN,17848,United States,2025-06-03,Consumer
CUST-13348,Jennifer Vasquez,jennifer.vasquez82@corporate.com,+1-900-481-8881,8033 Lakeview Ave,Lafayette,LA,43649,United States,2026-01-07,Consumer
CUST-13349,Alexis Sanchez,alexis.sanchez727@icloud.com,+1-324-797-8513,6686 Park Blvd,Columbia,SC,30487,United States,2026-03-11,Consumer
CUST-13350,Dennis Sanchez,dennis.sanchez294@corporate.com,+1-807-629-5634,6087 Broadway,Evansville,IN,48341,United States,2024-02-05,Consumer
CUST-13351,George Cook,george.cook243@outlook.com,+1-720-991-2102,1542 Cedar Blvd,El Paso,TX,81072,United States,2024-09-07,Corporate
CUST-13352,Helen Bailey,helen.bailey809@bizmail.io,+1-966-934-6318,9515 Oak Ave,Orem,UT,30593,United States,2023-08-26,Corporate
CUST-13353,Scott Murray,scott.murray686@hotmail.com,+1-593-547-9919,4279 Washington Ave,Los Angeles,CA,85292,United States,2024-09-12,Consumer
CUST-13354,Lawrence Flores,lawrence.flores583@gmail.com,+1-859-688-4996,7938 Washington Ave,Independence,MO,74793,United States,2024-10-16,Consumer
CUST-13355,Ethan Butler,ethan.butler957@icloud.com,+1-663-743-1741,5369 Cedar Blvd,Edmond,OK,71606,United States,2024-12-26,Consumer
CUST-13356,Mark Washington,mark.washington135@corporate.com,+1-329-751-8313,5123 Park Blvd,Edmond,OK,69582,United States,2025-11-08,Consumer
CUST-13357,Henry Perry,henry.perry612@yahoo.com,+1-815-394-6976,2781 Washington Ave,Greenville,SC,20697,United States,2026-02-03,Corporate
CUST-13358,Kathryn Dixon,kathryn.dixon895@bizmail.io,+1-215-743-6816,6988 Park Blvd,Jacksonville,FL,67046,United States,2025-03-26,Consumer
CUST-13359,Billy Myers,billy.myers677@corporate.com,+1-696-247-5964,4646 Park Blvd,Birmingham,AL,87491,United States,2023-12-20,Consumer
CUST-13360,Mark Cooper,mark.cooper977@gmail.com,+1-338-573-1299,1501 Elm St,Richmond,VA,71350,United States,2026-03-23,Consumer
CUST-13361,Jordan Reed,jordan.reed909@proton.me,+1-669-531-3165,6165 Washington Ave,Lakewood,CO,91656,United States,2026-03-19,Small Business
CUST-13362,Eric Morgan,eric.morgan760@proton.me,+1-926-885-8756,6495 Broadway,Greensboro,NC,54123,United States,2023-05-02,Consumer
CUST-13363,Alexander Cooper,alexander.cooper37@proton.me,+1-420-999-1161,7461 Maple Rd,Fresno,CA,53773,United States,2025-05-20,Consumer
CUST-13364,Kimberly Murray,kimberly.murray344@bizmail.io,+1-261-934-5467,2681 Lakeview Ave,Chattanooga,TN,84944,United States,2025-08-12,Corporate
CUST-13365,Diane Garcia,diane.garcia563@gmail.com,+1-851-391-8613,7229 Broadway,Chandler,AZ,89970,United States,2025-02-05,Corporate
CUST-13366,Brian Snyder,brian.snyder57@gmail.com,+1-693-817-7522,1781 Washington Ave,Dayton,OH,57232,United States,2024-10-24,Consumer
CUST-13367,Kayla Graham,kayla.graham512@yahoo.com,+1-630-494-2058,9707 Oak Ave,Raleigh,NC,46463,United States,2023-06-20,Consumer
CUST-13368,Joyce Henry,joyce.henry832@outlook.com,+1-551-821-3882,5740 Main St,Fresno,CA,71700,United States,2024-07-17,Consumer
CUST-13369,Rachel Barnes,rachel.barnes649@outlook.com,+1-413-254-8835,854 Main St,Indianapolis,IN,72961,United States,2023-09-29,Consumer
CUST-13370,Charlotte Ward,charlotte.ward316@icloud.com,+1-382-642-3876,4666 Highland Dr,Aurora,IL,72957,United States,2026-04-24,Consumer
CUST-13371,Lisa Ross,lisa.ross130@yahoo.com,+1-860-910-3859,9477 Pine St,Orem,UT,90369,United States,2024-06-09,Consumer
CUST-13372,Amy Moore,amy.moore483@yahoo.com,+1-469-645-6852,9768 Elm St,St. Louis,MO,82521,United States,2025-10-24,Consumer
CUST-13373,Donna Davis,donna.davis843@gmail.com,+1-576-817-7304,7181 Broadway,Salem,OR,83778,United States,2025-05-10,Consumer
CUST-13374,Michelle Parker,michelle.parker701@icloud.com,+1-938-693-6853,4802 Maple Rd,Salem,OR,83088,United States,2024-10-14,Consumer
CUST-13375,Gary Griffin,gary.griffin573@proton.me,+1-254-952-4991,259 Lakeview Ave,Columbus,GA,92288,United States,2023-09-23,Consumer
CUST-13376,Paul Lee,paul.lee420@outlook.com,+1-566-247-6406,5875 Cedar Blvd,Frederick,MD,19780,United States,2023-11-14,Consumer
CUST-13377,Alice Nguyen,alice.nguyen802@icloud.com,+1-907-677-3352,6564 Sunset Way,Norman,OK,98548,United States,2024-11-08,Corporate
CUST-13378,Jeremy Freeman,jeremy.freeman549@hotmail.com,+1-808-281-3809,8727 Washington Ave,Tuscaloosa,AL,97295,United States,2025-01-24,Consumer
CUST-13379,Ethan Rogers,ethan.rogers951@yahoo.com,+1-253-501-1295,7359 Washington Ave,Covington,KY,60272,United States,2023-08-16,Corporate
CUST-13380,Kevin Tucker,kevin.tucker331@outlook.com,+1-967-488-2643,5289 Park Blvd,Edmond,OK,59925,United States,2024-04-19,Consumer
CUST-13381,Richard Torres,richard.torres89@gmail.com,+1-671-304-2131,2306 Highland Dr,Detroit,MI,44586,United States,2026-04-24,Corporate
CUST-13382,Wayne Murphy,wayne.murphy383@bizmail.io,+1-741-302-5769,6582 Cedar Blvd,Buffalo,NY,65356,United States,2023-11-09,Corporate
CUST-13383,Christopher Chen,christopher.chen687@yahoo.com,+1-231-316-6296,8474 Pine St,Norfolk,VA,18270,United States,2025-03-28,Consumer
CUST-13384,Laura White,laura.white751@yahoo.com,+1-880-909-8555,4609 Highland Dr,Nashville,TN,16071,United States,2025-03-09,Consumer
CUST-13385,Kelly Castillo,kelly.castillo248@gmail.com,+1-389-306-8295,3591 Park Blvd,Las Vegas,NV,75492,United States,2024-02-02,Consumer
CUST-13386,Evelyn Silva,evelyn.silva686@hotmail.com,+1-779-375-7778,2663 Oak Ave,Houston,TX,22806,United States,2026-03-02,Corporate
CUST-13387,Madison Green,madison.green10@corporate.com,+1-279-413-9588,6346 Elm St,Reno,NV,12038,United States,2025-07-09,Consumer
CUST-13388,Joyce Russell,joyce.russell885@yahoo.com,+1-477-455-6593,8988 Lakeview Ave,Scranton,PA,51037,United States,2026-02-12,Consumer
CUST-13389,Walter Perez,walter.perez815@gmail.com,+1-510-547-1861,1458 Elm St,Hillsboro,OR,14055,United States,2026-01-20,Corporate
CUST-13390,Sophia Lewis,sophia.lewis860@outlook.com,+1-693-615-4121,4589 Park Blvd,Kenosha,WI,17617,United States,2024-07-29,Small Business
CUST-13391,Adam Gonzalez,adam.gonzalez395@outlook.com,+1-524-683-6733,234 Pine St,Winston-Salem,NC,53553,United States,2024-07-30,Consumer
CUST-13392,Eric Anderson,eric.anderson774@corporate.com,+1-975-312-9061,5629 Pine St,Rockville,MD,96890,United States,2024-03-30,Corporate
CUST-13393,Kenneth Bryant,kenneth.bryant585@yahoo.com,+1-591-256-7047,9215 Main St,Miami,FL,49335,United States,2023-08-14,Small Business
CUST-13394,Amber James,amber.james580@outlook.com,+1-611-703-9985,6349 Elm St,West Jordan,UT,15510,United States,2024-06-05,Corporate
CUST-13395,Brittany Howard,brittany.howard774@outlook.com,,6725 Park Blvd,Stamford,CT,46568,United States,2025-11-25,Corporate
CUST-13396,Jacqueline Thomas,jacqueline.thomas346@yahoo.com,+1-432-648-9385,6900 Maple Rd,Oklahoma City,OK,18493,United States,2024-06-21,Consumer
CUST-13397,Jordan Simmons,jordan.simmons74@corporate.com,+1-943-776-9272,2007 Pine St,Grand Rapids,MI,43395,United States,2026-03-04,Consumer
CUST-13398,Mary Simmons,mary.simmons459@gmail.com,+1-245-639-9763,1374 Pine St,Duluth,MN,20301,United States,2024-04-09,Consumer
CUST-13399,Walter Flores,walter.flores430@yahoo.com,+1-899-248-6126,4221 Oak Ave,Kenosha,WI,61306,United States,2025-02-23,Corporate
CUST-13400,Samuel Martinez,samuel.martinez24@yahoo.com,+1-904-668-6699,1916 Lakeview Ave,Owensboro,KY,66678,United States,2026-04-02,Corporate
CUST-13401,Mary Romero,mary.romero529@hotmail.com,+1-576-571-8480,7256 Oak Ave,Springfield,MO,33464,United States,2023-10-05,Consumer
CUST-13402,Evelyn Moreno,evelyn.moreno144@yahoo.com,+1-818-943-3610,2997 Sunset Way,Chandler,AZ,73976,United States,2026-02-27,Corporate
CUST-13403,Donald Gutierrez,donald.gutierrez824@outlook.com,+1-313-571-3595,7513 Maple Rd,Fresno,CA,87577,United States,2025-04-06,Corporate
CUST-13404,Gerald Cruz,gerald.cruz813@gmail.com,+1-736-894-2675,2894 Broadway,Chandler,AZ,46751,United States,2025-04-25,Corporate
CUST-13405,Sara Morgan,sara.morgan909@corporate.com,+1-805-952-9739,8939 Main St,Mount Pleasant,SC,92319,United States,2024-10-22,Consumer
CUST-13406,Kevin Mendoza,kevin.mendoza554@icloud.com,+1-624-298-1238,9264 Sunset Way,Lexington,KY,17972,United States,2024-02-22,Consumer
CUST-13407,Gabriel Martinez,gabriel.martinez182@gmail.com,+1-952-869-7524,4047 Park Blvd,Broken Arrow,OK,95056,United States,2026-01-08,Consumer
CUST-13408,Alexander Porter,alexander.porter335@yahoo.com,+1-600-648-7206,1359 Washington Ave,Waterbury,CT,23842,United States,2024-06-10,Corporate
CUST-13409,Arthur Russell,arthur.russell405@gmail.com,+1-335-999-6894,4089 Washington Ave,Columbia,MO,35278,United States,2024-06-19,Consumer
CUST-13410,Andrew Thomas,andrew.thomas378@gmail.com,+1-762-220-7344,4494 Main St,Allentown,PA,46163,United States,2025-08-01,Consumer
CUST-13411,Kyle Evans,kyle.evans946@icloud.com,+1-851-494-2921,1016 Main St,Nashville,TN,80230,United States,2023-04-13,Consumer
CUST-13412,Samuel Marshall,samuel.marshall882@icloud.com,+1-227-974-1095,4632 Washington Ave,Evansville,IN,41568,United States,2024-10-09,Consumer
CUST-13413,Benjamin Dixon,benjamin.dixon633@bizmail.io,+1-239-593-5520,9360 Broadway,Fresno,CA,79950,United States,2024-02-03,Consumer
CUST-13414,Mary Reed,mary.reed660@proton.me,+1-965-767-4974,1045 Pine St,Lowell,MA,16676,United States,2024-10-30,Consumer
CUST-13415,Grace Murray,grace.murray279@proton.me,+1-316-392-1071,882 Elm St,Erie,PA,65764,United States,2026-04-13,Small Business
CUST-13416,Donald Hunter,donald.hunter346@hotmail.com,+1-693-414-9882,8422 Main St,Provo,UT,74348,United States,2023-05-10,Consumer
CUST-13417,Brandon Miller,brandon.miller523@proton.me,,5743 Elm St,Reading,PA,31575,United States,2024-04-08,Consumer
CUST-13418,Danielle Scott,danielle.scott872@proton.me,+1-257-319-4088,5498 Maple Rd,Virginia Beach,VA,51890,United States,2023-05-29,Consumer
CUST-13419,Douglas Fernandez,douglas.fernandez746@proton.me,+1-325-413-2972,8793 Broadway,Knoxville,TN,11764,United States,2023-07-22,Consumer
CUST-13420,  Catherine White  ,catherine.white740@gmail.com,+1-704-464-1683,4603 Lakeview Ave,Orlando,FL,12892,United States,2024-10-16,Small Business
CUST-13421,Joyce Henry,joyce.henry426@outlook.com,+1-992-591-5345,7441 Cedar Blvd,Cleveland,OH,71973,United States,2025-03-22,Consumer
CUST-13422,Stephanie Hernandez,stephanie.hernandez388@outlook.com,+1-408-817-1793,6251 Main St,West Valley City,UT,98393,United States,2023-03-27,Consumer
CUST-13423,Barbara Vasquez,barbara.vasquez218@bizmail.io,+1-410-824-5867,1518 Maple Rd,Naperville,IL,26134,United States,2025-12-17,Consumer
CUST-13424,Sarah Kennedy,sarah.kennedy602@hotmail.com,+1-394-641-5873,3500 Washington Ave,Hartford,CT,61035,United States,2025-03-03,Consumer
CUST-13425,Nancy Ward,nancy.ward391@corporate.com,+1-765-978-2922,6131 Main St,Greenville,SC,46693,United States,2024-08-24,Corporate
CUST-13426,Betty Ramos,betty.ramos961@yahoo.com,+1-746-658-8846,6831 Cedar Blvd,Columbia,SC,95601,United States,2024-04-10,Consumer
CUST-13427,Barbara Allen,barbara.allen839@icloud.com,+1-446-427-9489,8704 Broadway,San Diego,CA,30401,United States,2025-04-20,Corporate
CUST-13428,Teresa Foster,teresa.foster37@outlook.com,+1-707-216-5235,194 Main St,Baton Rouge,LA,52519,United States,2026-05-23,Corporate
CUST-13429,Frances Fisher,frances.fisher488@gmail.com,+1-711-867-3503,6468 Main St,Scottsdale,AZ,49742,United States,2024-04-14,Corporate
CUST-13430,Ethan Gibson,ethan.gibson433@gmail.com,+1-565-410-8954,3270 Sunset Way,North Las Vegas,NV,36546,United States,2024-01-25,Consumer
CUST-13431,Noah Nguyen,noah.nguyen481@gmail.com,+1-295-823-9880,2880 Pine St,COLUMBUS,OH,83956,United States,2025-04-14,Consumer
CUST-13432,Raymond Sanchez,raymond.sanchez116@gmail.com,+1-776-719-7783,3182 Washington Ave,Mount Pleasant,SC,28167,United States,2023-06-24,Consumer
CUST-13433,Beverly Hall,beverly.hall567@corporate.com,+1-211-214-7199,6636 Sunset Way,Denver,CO,65524,United States,2023-07-31,Consumer
CUST-13434,Kenneth West,kenneth.west185@hotmail.com,+1-586-530-9250,480 Washington Ave,Grand Rapids,MI,58429,United States,2026-02-24,Consumer
CUST-13435,  Kelly Tucker  ,kelly.tucker113@bizmail.io,+1-819-653-1137,3654 Oak Ave,Scranton,PA,47419,United States,2025-08-30,Consumer
CUST-13436,Jason Ortiz,jason.ortiz569@proton.me,+1-942-464-5217,8795 Park Blvd,HUNTSVILLE,AL,90976,United States,2023-04-13,Consumer
CUST-13437,Helen Ford,helen.ford931@proton.me,+1-752-586-8501,2319 Washington Ave,Cincinnati,OH,64588,United States,2025-01-11,Consumer
CUST-13438,Sarah Gibson,sarah.gibson775@corporate.com,+1-504-257-6245,9569 Park Blvd,Glendale,AZ,65377,United States,2026-04-01,Consumer
CUST-13439,Julia Miller,julia.miller872@icloud.com,+1-655-736-3834,5579 Lakeview Ave,Clarksville,TN,11129,United States,2023-06-09,Small Business
CUST-13440,Betty Allen,betty.allen518@gmail.com,+1-494-282-6466,5343 Park Blvd,Tuscaloosa,AL,79140,United States,2024-01-26,Consumer
CUST-13441,Jacob Mendez,jacob.mendez300@outlook.com,+1-322-689-6541,6452 Maple Rd,Dayton,OH,20200,United States,2023-12-13,Consumer
CUST-13442,Stephen Cook,stephen.cook567@outlook.com,+1-660-431-1639,5864 Broadway,Columbus,OH,75114,United States,2025-01-12,Corporate
CUST-13443,Victoria Wright,victoria.wright953@bizmail.io,+1-733-480-7569,4246 Main St,Evansville,IN,11839,United States,2026-03-27,Corporate
CUST-13444,Zachary Ramos,zachary.ramos624@bizmail.io,+1-723-878-6187,7103 Elm St,Spokane,WA,25315,United States,2024-02-19,Consumer
CUST-13445,Debra Kim,debra.kim817@corporate.com,+1-611-665-3859,3027 Highland Dr,Greensboro,NC,83690,United States,2025-07-29,Consumer
CUST-13446,Dorothy Wright,dorothy.wright54@corporate.com,+1-882-224-2620,5251 Pine St,Clarksville,TN,45560,United States,2024-01-22,Consumer
CUST-13447,Douglas Reyes,douglas.reyes548@icloud.com,+1-442-830-3211,3424 Sunset Way,Glendale,AZ,80457,United States,2023-04-17,Consumer
CUST-13448,Maria Scott,maria.scott674@corporate.com,+1-391-776-7754,7157 Oak Ave,Chesapeake,VA,65470,United States,2025-07-18,Consumer
CUST-13449,Janet Bryant,janet.bryant582@hotmail.com,+1-405-702-2297,5103 Highland Dr,Lakewood,CO,16790,United States,2024-11-27,Consumer
CUST-13450,Cynthia Gordon,cynthia.gordon42@gmail.com,+1-947-279-3435,7111 Washington Ave,Fresno,CA,62270,United States,2024-05-13,Corporate
CUST-13451,Albert Martinez,albert.martinez811@gmail.com,+1-780-285-1104,869 Highland Dr,Dallas,TX,89281,United States,2023-12-25,Consumer
CUST-13452,Logan Webb,logan.webb967@icloud.com,+1-239-255-2574,7875 Sunset Way,Warren,MI,50761,United States,2024-08-08,Corporate
CUST-13453,Kimberly Munoz,kimberly.munoz717@outlook.com,+1-204-862-6157,3063 Lakeview Ave,Montgomery,AL,95303,United States,2023-08-30,Consumer
CUST-13454,Terry Wells,terry.wells962@icloud.com,+1-257-711-4248,2686 Oak Ave,West Jordan,UT,99983,United States,2023-07-29,Consumer
CUST-13455,Bradley Perry,bradley.perry777@bizmail.io,+1-260-842-9719,6719 Oak Ave,Bridgeport,CT,16009,United States,2023-03-22,Corporate
CUST-13456,Lisa Diaz,lisa.diaz376@gmail.com,+1-222-616-5419,2985 Maple Rd,Fresno,CA,29244,United States,2024-12-30,Small Business
CUST-13457,Shirley Morales,shirley.morales323@corporate.com,+1-546-343-8062,5934 Main St,Hillsboro,OR,94719,United States,2024-09-03,Corporate
CUST-13458,Larry Bryant,larry.bryant93@corporate.com,+1-215-360-9328,6227 Lakeview Ave,Rochester,MN,20424,United States,2023-08-31,Consumer
CUST-13459,Marie Harrison,marie.harrison377@bizmail.io,+1-524-777-4068,1072 Pine St,Mobile,AL,55005,United States,2023-05-27,Corporate
CUST-13460,Samuel Adams,samuel.adams60@yahoo.com,+1-608-480-4784,435 Broadway,Birmingham,AL,39938,United States,2023-06-12,Consumer
CUST-13461,Paul Burns,paul.burns668@hotmail.com,+1-432-433-3383,9818 Lakeview Ave,Springfield,MA,48654,United States,2023-08-22,Consumer
CUST-13462,Noah Barnes,noah.barnes312@bizmail.io,+1-665-332-5289,6544 Lakeview Ave,North Charleston,SC,17050,United States,2023-08-14,Consumer
CUST-13463,Joshua Ellis,joshua.ellis586@gmail.com,+1-619-661-2220,456 Main St,Rochester,MN,23470,United States,2025-03-25,Consumer
CUST-13464,Justin Howard,justin.howard602@icloud.com,+1-267-588-5254,2248 Oak Ave,Racine,WI,31632,United States,2025-06-10,Consumer
CUST-13465,Catherine Gibson,catherine.gibson803@gmail.com,+1-984-384-5656,8549 Highland Dr,Sparks,NV,71582,United States,2024-06-16,Consumer
CUST-13466,Carolyn Reynolds,carolyn.reynolds380@hotmail.com,+1-434-470-6746,6307 Elm St,Bowie,MD,21612,United States,2023-04-03,Small Business
CUST-13467,Alexis Edwards,alexis.edwards67@bizmail.io,+1-908-227-9423,429 Washington Ave,Cincinnati,OH,46075,United States,2024-10-21,Corporate
CUST-13468,Brittany Morris,brittany.morris340@bizmail.io,+1-752-967-5415,5443 Highland Dr,Green Bay,WI,41280,United States,2024-07-27,Consumer
CUST-13469,Wayne Young,wayne.young662@yahoo.com,+1-273-386-7446,5155 Broadway,Fort Wayne,IN,19610,United States,2025-07-16,Consumer
CUST-13470,Christian Lee,christian.lee576@icloud.com,+1-985-675-8466,949 Park Blvd,Greensboro,NC,74983,United States,2024-08-15,Consumer
CUST-13471,Olivia Miller,olivia.miller421@outlook.com,+1-594-884-4560,3139 Park Blvd,Las Vegas,NV,93684,United States,2024-05-02,Consumer
CUST-13472,Randy Phillips,randy.phillips166@gmail.com,+1-987-707-9606,961 Pine St,MESA,AZ,69376,United States,2025-09-07,Corporate
CUST-13473,Louis Snyder,louis.snyder520@bizmail.io,+1-879-536-3671,3226 Highland Dr,Lowell,MA,77779,United States,2025-01-22,Consumer
CUST-13474,Deborah Jimenez,deborah.jimenez317@proton.me,+1-483-474-2763,9704 Sunset Way,Louisville,KY,78049,United States,2023-03-30,Consumer
CUST-13475,Raymond Jordan,raymond.jordan419@outlook.com,+1-960-819-1292,1748 Washington Ave,Rockford,IL,31702,United States,2023-03-24,Corporate
CUST-13476,  Benjamin Burns  ,benjamin.burns467@bizmail.io,+1-301-569-6431,3768 Cedar Blvd,Erie,PA,47232,United States,2024-08-27,Small Business
CUST-13477,Judy Romero,judy.romero666@hotmail.com,+1-706-537-7273,1141 Highland Dr,El Paso,TX,37939,United States,2025-02-19,Corporate
CUST-13478,Kyle Ross,kyle.ross125@gmail.com,+1-220-244-3810,8270 Sunset Way,Denver,CO,28677,United States,2024-05-23,Consumer
CUST-13479,Alexis Washington,alexis.washington947@bizmail.io,+1-257-986-1081,5851 Oak Ave,Waterbury,CT,97860,United States,2024-05-31,Consumer
CUST-13480,Ryan Tran,ryan.tran107@gmail.com,+1-538-420-9125,6376 Highland Dr,Broken Arrow,OK,35333,United States,2026-02-11,Consumer
CUST-13481,Lauren Silva,lauren.silva701@corporate.com,+1-993-391-3932,6575 Sunset Way,Mount Pleasant,SC,47615,United States,2025-06-22,Consumer
CUST-13482,Deborah Thompson,deborah.thompson694@hotmail.com,+1-977-411-9831,8160 Maple Rd,Montgomery,AL,,United States,2025-12-25,Corporate
CUST-13483,Katherine Romero,katherine.romero891@hotmail.com,+1-457-869-5385,1984 Highland Dr,Huntsville,AL,50695,United States,2025-05-02,Corporate
CUST-13484,Helen Watson,helen.watson695@icloud.com,+1-766-484-1103,9515 Lakeview Ave,Scranton,PA,44432,United States,2024-04-04,Corporate
CUST-13485,Zachary Martin,zachary.martin661@corporate.com,+1-740-539-1090,7385 Main St,Worcester,MA,97262,United States,2024-06-04,Consumer
CUST-13486,Carl Flores,carl.flores819@gmail.com,,7219 Park Blvd,El Paso,TX,25543,United States,2024-06-15,Consumer
CUST-13487,Patrick Henry,patrick.henry434@corporate.com,+1-279-834-7687,6693 Lakeview Ave,Greensboro,NC,58927,United States,2025-10-28,Consumer
CUST-13488,John White,john.white250@hotmail.com,+1-201-987-2329,116 Maple Rd,Albany,NY,45431,United States,2024-07-19,Consumer
CUST-13489,Peter Long,peter.long874@corporate.com,+1-571-963-8503,3255 Lakeview Ave,Springfield,MA,64952,United States,2024-09-16,Consumer
CUST-13490,Ethan Cox,ethan.cox12@corporate.com,+1-732-532-1344,2588 Cedar Blvd,New Orleans,LA,54244,United States,2025-12-11,Consumer
CUST-13491,Scott Barnes,scott.barnes661@gmail.com,+1-628-300-7147,5579 Cedar Blvd,Tampa,FL,73600,United States,2025-05-16,Corporate
CUST-13492,Jeffrey Brown,jeffrey.brown566@gmail.com,+1-702-926-9653,1251 Broadway,Cincinnati,OH,31615,United States,2024-08-10,Corporate
CUST-13493,Lawrence Phillips,lawrence.phillips396@yahoo.com,+1-560-257-8847,1927 Main St,Orem,UT,95110,United States,2026-01-24,Consumer
CUST-13494,Bryan Wilson,bryan.wilson349@gmail.com,+1-475-321-2959,7638 Broadway,Chandler,AZ,17560,United States,2025-03-06,Corporate
CUST-13495,Juan Reynolds,juan.reynolds217@yahoo.com,+1-808-789-5670,6856 Park Blvd,Kenosha,WI,98438,United States,2023-12-06,Consumer
CUST-13496,Maria Gonzalez,maria.gonzalez440@yahoo.com,+1-352-353-9376,3687 Main St,Springfield,MA,90725,United States,2023-05-02,Consumer
CUST-13497,Carl Medina,carl.medina879@outlook.com,+1-462-996-4551,7559 Elm St,Mount Pleasant,SC,69286,United States,2024-09-02,Consumer
CUST-13498,Natalie Powell,natalie.powell467@hotmail.com,+1-714-391-4839,300 Main St,Bloomington,MN,33195,United States,2023-05-26,Consumer
CUST-13499,Katherine Rogers,katherine.rogers373@gmail.com,+1-318-399-4540,6402 Park Blvd,Eugene,OR,87386,United States,2023-09-05,Corporate
CUST-13500,Daniel Taylor,daniel.taylor77@hotmail.com,+1-218-748-3611,8860 Maple Rd,Vancouver,WA,78404,United States,2024-07-30,Small Business
CUST-13501,Diane Ward,diane.ward91@corporate.com,+1-533-257-5563,2847 Broadway,Colorado Springs,CO,68901,United States,2025-09-30,Corporate
CUST-13502,  Betty Myers  ,betty.myers490@yahoo.com,+1-428-320-2027,6073 Oak Ave,Glendale,AZ,40908,United States,2023-03-21,Consumer
CUST-13503,Kathleen Ross,kathleen.ross618@gmail.com,+1-511-642-6001,4710 Highland Dr,San Diego,CA,67684,United States,2026-04-14,Consumer
CUST-13504,Juan Owens,juan.owens788@icloud.com,+1-831-461-3551,8202 Sunset Way,Newark,NJ,89278,United States,2026-01-19,Consumer
CUST-13505,Ralph Gordon,ralph.gordon818@gmail.com,+1-221-838-9200,7078 Broadway,Madison,WI,66887,United States,2026-01-03,Consumer
CUST-13506,Hannah Jackson,hannah.jackson927@corporate.com,+1-939-598-2573,1784 Park Blvd,Detroit,MI,66216,United States,2024-10-12,Corporate
CUST-13507,Alice Bailey,alice.bailey61@gmail.com,+1-550-958-9501,5746 Sunset Way,San Jose,CA,71445,United States,2025-07-01,Consumer
CUST-13508,John Rogers,john.rogers728@bizmail.io,+1-380-491-1110,648 Cedar Blvd,Clarksville,TN,52244,United States,2023-09-22,Consumer
CUST-13509,Thomas Aguilar,thomas.aguilar613@corporate.com,+1-382-991-3495,5180 Highland Dr,Austin,TX,55553,United States,2024-02-04,Consumer
CUST-13510,Julie Ortiz,julie.ortiz998@proton.me,+1-718-416-3967,6045 Oak Ave,Green Bay,WI,,United States,2025-11-07,Consumer
CUST-13511,John Wright,john.wright964@outlook.com,+1-348-653-8967,7857 Main St,Augusta,GA,44387,United States,2024-02-25,Consumer
CUST-13512,Marilyn Nelson,marilyn.nelson641@proton.me,+1-959-579-5324,3352 Lakeview Ave,Fort Wayne,IN,40774,United States,2024-01-17,Consumer
CUST-13513,George White,george.white133@proton.me,+1-863-547-8819,6742 Highland Dr,Indianapolis,IN,25360,United States,2025-01-23,Consumer
CUST-13514,Jack Clark,jack.clark387@icloud.com,+1-360-409-8709,6024 Main St,Racine,WI,57513,United States,2025-03-26,Consumer
CUST-13515,Harold Morales,harold.morales845@proton.me,+1-353-897-4610,2511 Pine St,Springfield,MA,31867,United States,2025-10-03,Consumer
CUST-13516,Matthew Evans,matthew.evans917@corporate.com,+1-533-647-3716,9139 Main St,Richmond,VA,85511,United States,2023-03-23,Consumer
CUST-13517,Janet Jones,janet.jones887@proton.me,+1-989-533-9572,825 Pine St,Glendale,AZ,43951,United States,2026-05-06,Corporate
CUST-13518,Justin Hernandez,justin.hernandez541@corporate.com,+1-391-574-6690,8645 Park Blvd,Edmond,OK,30871,United States,2023-09-30,Corporate
CUST-13519,Brittany Jordan,brittany.jordan655@proton.me,+1-718-674-4564,6334 Main St,Lafayette,LA,30608,United States,2026-04-14,Consumer
CUST-13520,Jacqueline Wright,jacqueline.wright969@yahoo.com,+1-618-671-7115,429 Oak Ave,Tucson,AZ,36589,United States,2025-08-26,Consumer
CUST-13521,Paul Silva,paul.silva865@hotmail.com,+1-985-297-5679,7371 Park Blvd,Huntsville,AL,38184,United States,2023-11-23,Small Business
CUST-13522,Roy Owens,roy.owens763@bizmail.io,,9768 Highland Dr,Mount Pleasant,SC,37727,United States,2023-07-23,Consumer
CUST-13523,Linda Bennett,linda.bennett967@yahoo.com,+1-380-921-3458,3753 Broadway,Fort Wayne,IN,80729,United States,2025-01-08,Corporate
CUST-13524,Gregory Jordan,gregory.jordan508@corporate.com,+1-476-495-6442,1964 Maple Rd,Tulsa,OK,94562,United States,2024-05-17,Consumer
CUST-13525,Michelle Baker,michelle.baker220@hotmail.com,+1-990-617-5200,4504 Maple Rd,Sacramento,CA,96088,United States,2025-07-22,Consumer
CUST-13526,Jerry Young,jerry.young86@corporate.com,+1-245-946-8086,9443 Highland Dr,Indianapolis,IN,68663,United States,2025-03-28,Corporate
CUST-13527,Jean Ortiz,jean.ortiz683@icloud.com,+1-731-937-3489,2408 Oak Ave,Houston,TX,60375,United States,2024-07-04,Consumer
CUST-13528,Roger Long,roger.long529@proton.me,+1-917-707-2733,1037 Cedar Blvd,Grand Rapids,MI,73536,United States,2026-05-01,Consumer
CUST-13529,  Patricia Castillo  ,patricia.castillo986@corporate.com,+1-380-523-1566,9623 Washington Ave,Green Bay,WI,95372,United States,2024-04-20,Consumer
CUST-13530,Jason Brooks,jason.brooks639@gmail.com,+1-893-761-9428,8603 Washington Ave,Independence,MO,81604,United States,2025-06-21,Corporate
CUST-13531,Lisa Smith,lisa.smith772@outlook.com,+1-409-920-7557,520 Cedar Blvd,Tampa,FL,88097,United States,2023-11-01,Corporate
CUST-13532,Linda Gibson,linda.gibson277@hotmail.com,+1-414-699-3200,1950 Cedar Blvd,Independence,MO,47513,United States,2024-07-17,Consumer
CUST-13533,Randy Hayes,randy.hayes894@icloud.com,+1-994-274-2243,8362 Main St,Broken Arrow,OK,37841,United States,2023-08-20,Corporate
CUST-13534,Scott Morris,scott.morris593@bizmail.io,+1-537-989-7157,8498 Lakeview Ave,Lake Charles,LA,71469,United States,2026-02-25,Corporate
CUST-13535,Sean Young,sean.young840@bizmail.io,+1-485-673-3721,9903 Oak Ave,New Orleans,LA,18612,United States,2023-04-19,Corporate
CUST-13536,Ryan Clark,ryan.clark643@bizmail.io,+1-516-596-1120,3658 Main St,Erie,PA,56767,United States,2025-09-22,Consumer
CUST-13537,Paul Jackson,paul.jackson815@gmail.com,+1-515-381-5005,2402 Park Blvd,Indianapolis,IN,68690,United States,2023-09-02,Corporate
CUST-13538,Gloria White,gloria.white841@outlook.com,+1-224-624-4582,498 Pine St,Springfield,MO,90089,United States,2025-12-20,Consumer
CUST-13539,Peter Nelson,peter.nelson115@gmail.com,+1-788-552-4690,1687 Main St,Fort Worth,TX,84242,United States,2024-03-11,Consumer
CUST-13540,Sarah Alexander,sarah.alexander240@corporate.com,+1-852-373-3557,3294 Sunset Way,Shreveport,LA,18445,United States,2025-05-26,Consumer
CUST-13541,Denise Romero,denise.romero678@yahoo.com,+1-811-519-1080,1324 Pine St,Philadelphia,PA,84145,United States,2026-03-27,Consumer
CUST-13542,Ralph Stewart,ralph.stewart156@bizmail.io,+1-360-237-5625,6071 Main St,Yonkers,NY,74924,United States,2024-02-26,Consumer
CUST-13543,Gloria Johnson,gloria.johnson918@proton.me,+1-434-446-4388,6037 Main St,Birmingham,AL,99810,United States,2023-12-25,Consumer
CUST-13544,Melissa Butler,melissa.butler329@hotmail.com,+1-586-322-8951,4101 Main St,Newark,NJ,14674,United States,2025-09-03,Corporate
CUST-13545,Karen Gray,karen.gray138@gmail.com,+1-805-605-8260,3426 Main St,Cleveland,OH,96183,United States,2025-11-07,Corporate
CUST-13546,Joshua Ramos,joshua.ramos663@icloud.com,+1-546-780-7874,6897 Elm St,Knoxville,TN,22237,United States,2026-05-31,Consumer
CUST-13547,Jeffrey Foster,jeffrey.foster502@hotmail.com,,9734 Elm St,Duluth,MN,57435,United States,2025-02-24,Corporate
CUST-13548,John Davis,john.davis155@corporate.com,+1-699-569-1717,1615 Lakeview Ave,Detroit,MI,61360,United States,2023-04-26,Consumer
CUST-13549,Judy Young,judy.young998@gmail.com,+1-430-791-5188,6164 Elm St,Tacoma,WA,10712,United States,2024-11-29,Consumer
CUST-13550,Marie Howard,marie.howard175@gmail.com,+1-300-714-2729,9894 Main St,Norman,OK,94257,United States,2024-03-27,Consumer
CUST-13551,Matthew Long,matthew.long570@gmail.com,+1-615-961-1259,9829 Oak Ave,St. Petersburg,FL,78459,United States,2024-06-18,Corporate
CUST-13552,William Patterson,william.patterson957@outlook.com,+1-599-672-8752,5905 Main St,Tallahassee,FL,85808,United States,2024-06-27,Consumer
CUST-13553,Tyler Mason,tyler.mason662@hotmail.com,+1-400-950-8066,5765 Washington Ave,Saint Paul,MN,98295,United States,2025-07-09,Consumer
CUST-13554,Albert Mcdonald,albert.mcdonald155@gmail.com,+1-463-769-8965,1416 Main St,Lexington,KY,11331,United States,2023-08-13,Corporate
CUST-13555,Alan Gray,alan.gray780@hotmail.com,+1-290-458-5775,2437 Lakeview Ave,Sterling Heights,MI,59361,United States,2025-02-20,Small Business
CUST-13556,Walter Robinson,walter.robinson233@yahoo.com,+1-503-572-7032,5918 Main St,Reno,NV,54186,United States,2023-12-17,Small Business
CUST-13557,Richard Nguyen,richard.nguyen368@hotmail.com,+1-681-400-6163,7058 Pine St,Glendale,AZ,86380,United States,2026-04-24,Consumer
CUST-13558,Emily Webb,emily.webb105@gmail.com,+1-824-225-9531,2713 Pine St,Toledo,OH,92468,United States,2024-12-27,Consumer
CUST-13559,Sandra Ortiz,sandra.ortiz52@outlook.com,+1-402-628-1098,7303 Pine St,rochester,MN,67927,United States,2024-01-01,Consumer
CUST-13560,Kevin Hall,kevin.hall939@icloud.com,+1-876-874-2315,3183 Pine St,Allentown,PA,52336,United States,2024-05-18,Corporate
CUST-13561,Melissa Mitchell,melissa.mitchell316@yahoo.com,+1-703-578-5356,617 Oak Ave,Sacramento,CA,55407,United States,2023-05-09,Consumer
CUST-13562,Zachary Simpson,zachary.simpson577@outlook.com,+1-766-316-8300,3179 Highland Dr,Newport News,VA,45148,United States,2026-03-18,Consumer
CUST-13563,  Joe Russell  ,joe.russell830@corporate.com,+1-867-876-6799,7211 Oak Ave,Sacramento,CA,31447,United States,2025-11-01,Consumer
CUST-13564,Ruth Reed,ruth.reed395@hotmail.com,+1-674-768-6826,6365 Maple Rd,durham,NC,72850,United States,2024-03-31,Consumer
CUST-13565,Patrick Anderson,patrick.anderson823@outlook.com,+1-564-679-1255,9604 Highland Dr,Aurora,CO,42481,United States,2025-12-23,Corporate
CUST-13566,Donald Williams,donald.williams352@yahoo.com,+1-456-444-9662,2608 Elm St,Evansville,IN,92397,United States,2025-08-09,Consumer
CUST-13567,Amy Mitchell,amy.mitchell862@yahoo.com,+1-749-980-3001,9320 Sunset Way,Lafayette,LA,54216,United States,2023-05-18,Consumer
CUST-13568,Martha Evans,martha.evans25@corporate.com,+1-700-424-1245,8968 Cedar Blvd,Norman,OK,35527,United States,2026-03-05,Corporate
CUST-13569,Noah Howard,noah.howard662@bizmail.io,+1-675-611-3331,1167 Highland Dr,Tallahassee,FL,66461,United States,2026-04-23,Corporate
CUST-13570,Robert James,robert.james602@bizmail.io,+1-235-816-6799,8046 Pine St,Broken Arrow,OK,23310,United States,2026-05-05,Small Business
CUST-13571,Rachel Bailey,rachel.bailey976@yahoo.com,+1-516-453-9353,7548 Washington Ave,Broken Arrow,OK,87476,United States,2026-04-11,Consumer
CUST-13572,Brandon Morales,brandon.morales433@bizmail.io,+1-634-822-6152,9921 Park Blvd,Shreveport,LA,58845,United States,2025-10-05,Consumer
CUST-13573,George Sullivan,george.sullivan233@outlook.com,+1-470-433-9012,802 Cedar Blvd,Scranton,PA,72372,United States,2025-02-21,Consumer
CUST-13574,Christopher Wells,christopher.wells793@proton.me,+1-899-311-5350,1130 Broadway,Elizabeth,NJ,63149,United States,2026-03-10,Consumer
CUST-13575,Zachary Jenkins,zachary.jenkins982@bizmail.io,+1-593-911-9967,1506 Broadway,Colorado Springs,CO,29701,United States,2023-07-05,Consumer
CUST-13576,Patrick Gordon,patrick.gordon821@gmail.com,+1-363-897-5391,3148 Cedar Blvd,Baltimore,MD,71707,United States,2025-12-05,Consumer
CUST-13577,Nicholas Parker,nicholas.parker78@icloud.com,+1-277-738-5305,3258 Pine St,Savannah,GA,15932,United States,2023-10-27,Consumer
CUST-13578,Alan Moreno,alan.moreno156@corporate.com,+1-327-266-2780,4801 Park Blvd,Owensboro,KY,83601,United States,2025-09-29,Consumer
CUST-13579,Michael Simmons,michael.simmons503@icloud.com,+1-950-552-6112,2083 Pine St,Durham,NC,80605,United States,2025-04-07,Corporate
CUST-13580,Rachel Coleman,rachel.coleman677@yahoo.com,+1-997-605-9386,8845 Elm St,Worcester,MA,18416,United States,2024-09-13,Consumer
CUST-13581,Cynthia Griffin,cynthia.griffin545@hotmail.com,+1-428-761-4184,842 Oak Ave,Sacramento,CA,94819,United States,2026-04-23,Consumer
CUST-13582,Joan Gibson,joan.gibson20@gmail.com,+1-894-470-2122,8427 Broadway,Tacoma,WA,66828,United States,2025-10-30,Consumer
CUST-13583,Amber King,amber.king579@outlook.com,+1-642-267-8656,3462 Pine St,Sterling Heights,MI,,United States,2024-11-01,Consumer
CUST-13584,Frances Alexander,frances.alexander90@hotmail.com,+1-777-399-2534,8558 Oak Ave,Lafayette,LA,36426,United States,2025-03-12,Consumer
CUST-13585,Rose Hill,rose.hill357@gmail.com,+1-865-434-1053,8695 Lakeview Ave,Indianapolis,IN,50046,United States,2025-04-14,Consumer
CUST-13586,Grace Lee,grace.lee271@outlook.com,+1-942-688-4237,9289 Lakeview Ave,Sterling Heights,MI,64056,United States,2024-02-29,Small Business
CUST-13587,Matthew Evans,matthew.evans144@outlook.com,+1-850-699-2691,9246 Oak Ave,West Jordan,UT,95062,United States,2025-02-07,Consumer
CUST-13588,Gabriel Henry,gabriel.henry265@gmail.com,+1-379-290-4278,6613 Park Blvd,newport news,VA,80114,United States,2025-05-17,Consumer
CUST-13589,Keith Richardson,keith.richardson475@corporate.com,,8179 Pine St,West Jordan,UT,78302,United States,2026-01-03,Consumer
CUST-13590,Kenneth Bell,kenneth.bell13@proton.me,+1-911-231-5066,9728 Oak Ave,Carmel,IN,19300,United States,2025-01-03,Consumer
CUST-13591,Brian Murray,brian.murray634@icloud.com,+1-816-863-9848,5489 Broadway,Saint Paul,MN,68226,United States,2023-07-21,Consumer
CUST-13592,Joseph Mcdonald,joseph.mcdonald671@yahoo.com,+1-480-635-6707,4194 Highland Dr,Henderson,NV,68725,United States,2025-07-18,Consumer
CUST-13593,Julie Webb,julie.webb979@outlook.com,+1-243-649-3742,5023 Sunset Way,Birmingham,AL,41846,United States,2023-07-09,Consumer
CUST-13594,Nancy Mendoza,nancy.mendoza63@corporate.com,+1-710-765-1481,1157 Broadway,Lexington,KY,40303,United States,2023-12-29,Consumer
CUST-13595,Elizabeth Perez,elizabeth.perez584@gmail.com,+1-461-501-8168,1823 Maple Rd,Charleston,SC,29715,United States,2024-11-10,Consumer
CUST-13596,Charlotte Butler,charlotte.butler324@proton.me,+1-612-390-4507,7451 Sunset Way,Ann Arbor,MI,68515,United States,2025-09-11,Consumer
CUST-13597,Theresa Moore,theresa.moore826@bizmail.io,+1-670-617-1415,6915 Cedar Blvd,West Valley City,UT,27030,United States,2023-09-22,Consumer
CUST-13598,Gregory Shaw,gregory.shaw580@gmail.com,+1-636-568-8774,4880 Oak Ave,Columbia,SC,63430,United States,2026-01-16,Consumer
CUST-13599,Nicholas Snyder,nicholas.snyder963@icloud.com,+1-891-452-8792,6187 Washington Ave,North Las Vegas,NV,63040,United States,2025-03-08,Corporate
CUST-13600,Cheryl Cooper,cheryl.cooper473@bizmail.io,+1-931-707-9594,6034 Highland Dr,Columbus,GA,73157,United States,2024-06-06,Consumer
CUST-13601,Alexander Gibson,alexander.gibson707@icloud.com,+1-650-498-6112,8969 Highland Dr,Phoenix,AZ,80218,United States,2025-02-07,Small Business
CUST-13602,Jordan Long,jordan.long283@proton.me,+1-204-386-6757,6488 Park Blvd,Grand Rapids,MI,45215,United States,2026-03-16,Consumer
CUST-13603,Ethan Medina,ethan.medina578@yahoo.com,+1-607-977-2776,155 Cedar Blvd,Green Bay,WI,87032,United States,2025-06-11,Consumer
CUST-13604,Rose Adams,rose.adams849@gmail.com,+1-511-419-9042,4285 Oak Ave,San Francisco,CA,76575,United States,2024-10-11,Consumer
CUST-13605,Terry Williams,terry.williams336@yahoo.com,+1-215-736-7769,1765 Highland Dr,Mobile,AL,51788,United States,2023-07-17,Corporate
CUST-13606,James Hayes,james.hayes704@yahoo.com,+1-440-330-5980,628 Maple Rd,Akron,OH,37082,United States,2023-08-07,Consumer
CUST-13607,Jesse Howard,jesse.howard918@corporate.com,+1-582-659-6971,6078 Elm St,Virginia Beach,VA,18645,United States,2025-05-25,Consumer
CUST-13608,Jason Silva,jason.silva711@bizmail.io,+1-885-966-1052,5684 Washington Ave,Kansas City,MO,11409,United States,2025-07-31,Consumer
CUST-13609,Benjamin Wallace,benjamin.wallace62@corporate.com,+1-206-997-1469,7171 Washington Ave,Evansville,IN,25177,United States,2025-03-27,Corporate
CUST-13610,Alan Moore,alan.moore397@corporate.com,+1-221-909-3695,4905 Pine St,Columbus,OH,67737,United States,2024-06-28,Consumer
CUST-13611,Kyle Webb,kyle.webb228@icloud.com,+1-977-907-7341,7498 Elm St,Indianapolis,IN,48450,United States,2025-11-25,Consumer
CUST-13612,Raymond Ortiz,raymond.ortiz579@icloud.com,+1-474-993-3959,6947 Main St,Louisville,KY,60397,United States,2024-03-17,Consumer
CUST-13613,Noah Owens,noah.owens731@corporate.com,+1-802-609-7179,922 Sunset Way,Eugene,OR,89691,United States,2025-07-13,Corporate
CUST-13614,Diana Robinson,diana.robinson579@gmail.com,+1-495-310-5737,421 Cedar Blvd,Springfield,MA,77833,United States,2023-07-14,Consumer
CUST-13615,Brandon Stevens,brandon.stevens151@corporate.com,+1-323-777-4950,7475 Highland Dr,Greensboro,NC,23801,United States,2023-12-02,Consumer
CUST-13616,Grace Crawford,grace.crawford672@hotmail.com,+1-501-420-2149,2775 Oak Ave,Bridgeport,CT,88729,United States,2025-03-31,Corporate
CUST-13617,Randy Chavez,randy.chavez635@gmail.com,+1-241-686-4039,5713 Washington Ave,Gresham,OR,89515,United States,2024-07-24,Consumer
CUST-13618,  Charlotte Mcdonald  ,charlotte.mcdonald400@icloud.com,+1-629-556-8319,8732 Cedar Blvd,Aurora,IL,17523,United States,2023-09-11,Consumer
CUST-13619,Juan Patel,juan.patel111@icloud.com,+1-608-697-8461,8017 Washington Ave,Las Vegas,NV,47331,United States,2025-10-20,Small Business
CUST-13620,Lawrence Snyder,lawrence.snyder287@corporate.com,+1-690-423-8666,1403 Highland Dr,Birmingham,AL,27380,United States,2025-04-13,Consumer
CUST-13621,Kayla Jordan,kayla.jordan867@hotmail.com,+1-542-470-1391,2774 Sunset Way,Lexington,KY,13946,United States,2025-10-01,Corporate
CUST-13622,Anna Kim,anna.kim396@bizmail.io,+1-613-785-5568,2083 Cedar Blvd,Independence,MO,28120,United States,2025-04-10,Consumer
CUST-13623,Helen Owens,helen.owens607@corporate.com,+1-816-208-9509,7946 Sunset Way,Scottsdale,AZ,89211,United States,2023-06-30,Consumer
CUST-13624,Christopher Kim,christopher.kim608@gmail.com,+1-963-942-5674,967 Broadway,St. Louis,MO,52408,United States,2025-09-23,Consumer
CUST-13625,  Lauren Bailey  ,lauren.bailey151@proton.me,+1-507-479-6629,2566 Park Blvd,Boston,MA,69340,United States,2025-05-15,Consumer
CUST-13626,Bryan Bennett,bryan.bennett496@hotmail.com,+1-256-667-6203,1580 Highland Dr,Worcester,MA,82038,United States,2024-12-30,Consumer
CUST-13627,Nicholas Ross,nicholas.ross182@gmail.com,+1-433-521-7781,8672 Highland Dr,Macon,GA,81583,United States,2026-05-17,Consumer
CUST-13628,Robert Woods,robert.woods480@gmail.com,+1-936-680-6869,581 Oak Ave,Columbia,MO,72955,United States,2024-04-29,Consumer
CUST-13629,Doris Parker,doris.parker867@bizmail.io,+1-908-990-5988,6562 Cedar Blvd,Elizabeth,NJ,69224,United States,2025-06-10,Consumer
CUST-13630,Kayla Moreno,kayla.moreno426@corporate.com,+1-948-650-9642,6836 Oak Ave,South Bend,IN,33762,United States,2026-01-14,Consumer
CUST-13631,Laura Woods,laura.woods257@gmail.com,+1-402-345-7718,2227 Pine St,Akron,OH,25647,United States,2024-03-19,Consumer
CUST-13632,Julie Cox,julie.cox416@proton.me,+1-483-780-8970,7513 Main St,Green Bay,WI,62743,United States,2026-04-06,Corporate
CUST-13633,Scott Morgan,scott.morgan675@proton.me,+1-494-305-3161,1884 Broadway,Eugene,OR,83812,United States,2025-01-08,Consumer
CUST-13634,Carl Dixon,carl.dixon894@icloud.com,+1-460-719-3679,8826 Main St,Oklahoma City,OK,33151,United States,2026-03-28,Small Business
CUST-13635,Jesse Adams,jesse.adams339@gmail.com,+1-495-848-6814,6643 Sunset Way,Norfolk,VA,60504,United States,2026-04-23,Consumer
CUST-13636,David Martinez,david.martinez202@yahoo.com,+1-523-336-5922,338 Pine St,Madison,WI,38636,United States,2025-12-19,Corporate
CUST-13637,Benjamin Shaw,benjamin.shaw721@outlook.com,+1-673-633-9474,6936 Oak Ave,Trenton,NJ,44981,United States,2023-11-09,Consumer
CUST-13638,Zachary Wells,zachary.wells254@proton.me,+1-646-830-6090,2634 Main St,Lexington,KY,39648,United States,2025-04-22,Consumer
CUST-13639,  Samuel Romero  ,samuel.romero434@outlook.com,+1-789-932-6963,969 Lakeview Ave,North Las Vegas,NV,21006,United States,2024-03-16,Consumer
CUST-13640,Jason Martin,jason.martin676@bizmail.io,+1-451-884-3958,6783 Elm St,Detroit,MI,93403,United States,2023-06-02,Corporate
CUST-13641,Albert Barnes,albert.barnes449@yahoo.com,+1-330-874-2008,3710 Sunset Way,North Charleston,SC,46889,United States,2024-05-05,Consumer
CUST-13642,Peter Hall,peter.hall63@yahoo.com,+1-816-971-9405,2932 Lakeview Ave,Greensboro,NC,98456,United States,2023-12-21,Small Business
CUST-13643,Sandra Kim,sandra.kim357@hotmail.com,+1-384-551-8041,2154 Sunset Way,Eugene,OR,37789,United States,2025-03-27,Consumer
CUST-13644,Isabella Mason,isabella.mason865@icloud.com,+1-718-490-8448,5557 Oak Ave,Clarksville,TN,21096,United States,2026-05-27,Consumer
CUST-13645,Bradley Lopez,bradley.lopez100@proton.me,+1-218-583-9776,2370 Broadway,Rochester,MN,91059,United States,2023-10-26,Consumer
CUST-13646,Amber Watson,amber.watson89@outlook.com,+1-260-611-1378,7157 Oak Ave,Glendale,AZ,56048,United States,2024-11-26,Consumer
CUST-13647,Eugene Hughes,eugene.hughes169@proton.me,+1-444-201-4801,2046 Elm St,Dayton,OH,67623,United States,2023-11-13,Consumer
CUST-13648,Ryan Tucker,ryan.tucker26@proton.me,+1-460-888-1276,1102 Highland Dr,Raleigh,NC,81702,United States,2025-01-04,Small Business
CUST-13649,Brittany Turner,brittany.turner988@bizmail.io,+1-773-708-4980,347 Elm St,Rockville,MD,16269,United States,2025-10-23,Consumer
CUST-13650,Elizabeth Morris,elizabeth.morris773@outlook.com,+1-597-345-1411,5520 Broadway,Colorado Springs,CO,34403,United States,2024-11-21,Consumer
CUST-13651,Ralph Ruiz,ralph.ruiz318@bizmail.io,+1-580-593-6654,7351 Sunset Way,Salem,OR,76190,United States,2024-04-08,Consumer
CUST-13652,Ryan Tucker,ryan.tucker222@yahoo.com,+1-230-792-6752,1401 Sunset Way,Racine,WI,47917,United States,2025-01-19,Consumer
CUST-13653,Olivia Harrison,olivia.harrison972@gmail.com,+1-895-779-6572,8001 Maple Rd,Fort Wayne,IN,79382,United States,2023-12-13,Corporate
CUST-13654,Gary Burns,gary.burns708@yahoo.com,+1-774-816-8080,6020 Broadway,Fort Wayne,IN,11588,United States,2023-12-01,Consumer
CUST-13655,Juan Aguilar,juan.aguilar781@hotmail.com,+1-549-629-3578,5332 Broadway,Seattle,WA,69098,United States,2024-10-10,Corporate
CUST-13656,James Turner,james.turner836@bizmail.io,+1-565-732-8405,5477 Main St,Boston,MA,80030,United States,2025-07-15,Corporate
CUST-13657,William King,william.king938@outlook.com,+1-246-458-7559,9691 Main St,Knoxville,TN,96902,United States,2026-03-22,Corporate
CUST-13658,Rebecca Henry,rebecca.henry951@hotmail.com,+1-691-706-4115,2848 Main St,Fort Collins,CO,44039,United States,2026-04-19,Consumer
CUST-13659,Shirley Morgan,shirley.morgan660@yahoo.com,+1-787-695-2322,8970 Broadway,Bloomington,MN,40870,United States,2026-05-05,Consumer
CUST-13660,Donald Moore,donald.moore510@outlook.com,+1-825-897-2179,6568 Highland Dr,Buffalo,NY,62109,United States,2025-05-26,Corporate
CUST-13661,Steven Gonzales,steven.gonzales688@corporate.com,+1-481-695-2085,578 Park Blvd,Fort Collins,CO,64409,United States,2025-12-13,Consumer
CUST-13662,George Simmons,george.simmons727@gmail.com,+1-756-453-2743,3258 Main St,Mesa,AZ,27718,United States,2024-07-01,Consumer
CUST-13663,Jerry Lee,jerry.lee348@outlook.com,+1-782-247-1973,8165 Pine St,Augusta,GA,21872,United States,2023-06-22,Consumer
CUST-13664,Dennis Morgan,dennis.morgan396@gmail.com,+1-503-351-4852,1679 Washington Ave,Las Vegas,NV,82068,United States,2025-03-26,Consumer
CUST-13665,Scott Ross,scott.ross49@corporate.com,+1-249-602-2004,7146 Park Blvd,Durham,NC,25162,United States,2024-12-31,Small Business
CUST-13666,Peter Murray,peter.murray84@hotmail.com,+1-325-756-2931,744 Main St,Waterbury,CT,31564,United States,2023-06-08,Consumer
CUST-13667,Michael Herrera,michael.herrera747@gmail.com,+1-943-307-2556,7572 Main St,Clarksville,TN,79869,United States,2024-12-21,Corporate
CUST-13668,Helen Graham,helen.graham654@proton.me,+1-665-974-6974,7470 Highland Dr,Montgomery,AL,80693,United States,2024-01-05,Consumer
CUST-13669,Brittany Edwards,brittany.edwards658@hotmail.com,+1-986-700-2361,439 Highland Dr,Fort Collins,CO,51969,United States,2024-03-06,Corporate
CUST-13670,Sara Gordon,sara.gordon299@corporate.com,+1-522-366-4558,804 Sunset Way,Mobile,AL,79370,United States,2025-03-12,Consumer
CUST-13671,Jason Roberts,jason.roberts280@outlook.com,+1-226-674-1528,135 Main St,New Haven,CT,13251,United States,2024-12-06,Consumer
CUST-13672,Lauren Hughes,lauren.hughes217@corporate.com,+1-497-928-2464,7053 Cedar Blvd,Durham,NC,55510,United States,2024-07-09,Consumer
CUST-13673,Anthony Reynolds,anthony.reynolds207@proton.me,+1-719-367-2470,7877 Maple Rd,Salem,OR,16907,United States,2025-08-16,Small Business
CUST-13674,Beverly Murphy,beverly.murphy576@gmail.com,+1-748-907-9446,7132 Lakeview Ave,Kansas City,MO,43847,United States,2026-04-02,Consumer
CUST-13675,Jack Herrera,jack.herrera71@corporate.com,+1-526-897-8609,8025 Maple Rd,Warren,MI,40364,United States,2026-04-19,Consumer
CUST-13676,Betty Russell,betty.russell553@yahoo.com,+1-875-664-7808,7127 Cedar Blvd,Miami,FL,84012,United States,2023-07-09,Small Business
CUST-13677,Christine Hill,christine.hill472@yahoo.com,+1-274-212-8405,207 Washington Ave,Memphis,TN,95649,United States,2024-01-26,Consumer
CUST-13678,Nathan Peterson,nathan.peterson307@bizmail.io,+1-440-558-6093,7107 Sunset Way,Montgomery,AL,23218,United States,2024-01-24,Consumer
CUST-13679,Lauren Howard,lauren.howard480@bizmail.io,+1-588-751-9049,8003 Cedar Blvd,Jersey City,NJ,51616,United States,2025-05-16,Consumer
CUST-13680,Daniel Jimenez,daniel.jimenez694@icloud.com,,1735 Pine St,Buffalo,NY,31113,United States,2024-04-01,Consumer
CUST-13681,Madison Price,madison.price840@yahoo.com,+1-559-859-2599,6325 Lakeview Ave,Bloomington,MN,94684,United States,2026-01-25,Consumer
CUST-13682,Andrew Edwards,andrew.edwards942@bizmail.io,+1-354-544-7857,1333 Lakeview Ave,Aurora,CO,73919,United States,2026-02-02,Consumer
CUST-13683,Bruce Crawford,bruce.crawford833@hotmail.com,+1-293-602-3059,9597 Broadway,Saint Paul,MN,40160,United States,2024-06-25,Small Business
CUST-13684,Robert Fisher,robert.fisher338@corporate.com,+1-607-254-4162,537 Highland Dr,Independence,MO,21414,United States,2025-05-17,Consumer
CUST-13685,Nancy Shaw,nancy.shaw290@icloud.com,+1-617-455-6271,7228 Sunset Way,Cincinnati,OH,36218,United States,2023-06-27,Consumer
CUST-13686,Hannah Bryant,hannah.bryant508@outlook.com,+1-501-918-5269,1641 Lakeview Ave,Madison,WI,47273,United States,2023-12-06,Consumer
CUST-13687,Matthew Castro,matthew.castro31@corporate.com,+1-492-711-5938,2237 Highland Dr,Montgomery,AL,41642,United States,2023-08-30,Consumer
CUST-13688,Martha Stewart,martha.stewart628@outlook.com,+1-797-543-2707,6991 Broadway,South Bend,IN,13169,United States,2024-09-20,Consumer
CUST-13689,David Mcdonald,david.mcdonald818@outlook.com,+1-586-343-8177,7911 Cedar Blvd,Chesapeake,VA,78971,United States,2024-08-30,Consumer
CUST-13690,Melissa Gray,melissa.gray796@bizmail.io,+1-602-612-4652,4457 Main St,Orlando,FL,97871,United States,2023-06-29,Consumer
CUST-13691,Olivia Cook,olivia.cook359@outlook.com,+1-987-332-5970,6668 Highland Dr,West Jordan,UT,65748,United States,2024-12-12,Consumer
CUST-13692,Rose Robinson,rose.robinson498@proton.me,+1-273-672-2709,4155 Elm St,Frederick,MD,18720,United States,2024-02-07,Consumer
CUST-13693,Gloria Kim,gloria.kim738@proton.me,+1-207-840-1376,5907 Park Blvd,Durham,NC,13822,United States,2024-07-29,Consumer
CUST-13694,Noah Lopez,noah.lopez557@bizmail.io,+1-730-505-2884,3800 Sunset Way,Chandler,AZ,50947,United States,2023-09-12,Consumer
CUST-13695,Peter Fisher,peter.fisher211@proton.me,+1-821-493-9858,2991 Broadway,Clarksville,TN,40785,United States,2026-02-25,Small Business
CUST-13696,Shirley Castillo,shirley.castillo131@corporate.com,+1-215-879-4096,6073 Cedar Blvd,Ann Arbor,MI,80353,United States,2025-09-14,Consumer
CUST-13697,Theresa Price,theresa.price111@yahoo.com,+1-860-984-2789,634 Broadway,Phoenix,AZ,44347,United States,2024-09-01,Consumer
CUST-13698,Kyle Cruz,kyle.cruz183@icloud.com,+1-520-732-5102,4715 Sunset Way,Denver,CO,92490,United States,2023-03-25,Small Business
CUST-13699,Alan Sanchez,alan.sanchez148@bizmail.io,+1-701-914-2722,5370 Washington Ave,Cambridge,MA,19631,United States,2025-08-29,Consumer
CUST-13700,Deborah Burns,deborah.burns707@bizmail.io,+1-488-477-8986,9437 Pine St,Hillsboro,OR,22597,United States,2026-05-22,Consumer
CUST-13701,Gabriel Roberts,gabriel.roberts761@outlook.com,+1-370-779-1732,6692 Pine St,Covington,KY,88001,United States,2026-04-03,Corporate
CUST-13702,Rose Jimenez,rose.jimenez168@icloud.com,+1-675-630-5125,5374 Maple Rd,Springfield,MO,14317,United States,2024-08-02,Corporate
CUST-13703,Sean Jordan,sean.jordan253@corporate.com,+1-527-629-3923,6883 Main St,Indianapolis,IN,32098,United States,2025-09-08,Small Business
CUST-13704,Carolyn Henry,carolyn.henry893@gmail.com,+1-207-915-5053,100 Main St,Fresno,CA,25744,United States,2023-05-14,Consumer
CUST-13705,  Jacqueline Flores  ,jacqueline.flores654@outlook.com,+1-941-871-3532,937 Cedar Blvd,Bellevue,WA,72791,United States,2023-05-09,Consumer
CUST-13706,  Carl Taylor  ,carl.taylor219@bizmail.io,+1-587-863-7415,2841 Oak Ave,Frederick,MD,31797,United States,2024-01-14,Consumer
CUST-13707,Roy Moore,roy.moore868@outlook.com,+1-665-951-3196,2830 Lakeview Ave,Yonkers,NY,10341,United States,2023-04-08,Consumer
CUST-13708,Michelle Woods,michelle.woods797@icloud.com,+1-513-797-3744,6497 Cedar Blvd,Cincinnati,OH,80508,United States,2024-02-14,Consumer
CUST-13709,Julia Marshall,julia.marshall341@proton.me,+1-823-290-1868,2406 Lakeview Ave,Aurora,CO,90709,United States,2023-09-06,Consumer
CUST-13710,Raymond Stevens,raymond.stevens923@icloud.com,+1-468-609-4531,8548 Highland Dr,Richmond,VA,29465,United States,2023-08-03,Consumer
CUST-13711,Denise Guzman,denise.guzman509@proton.me,+1-412-218-3450,9717 Washington Ave,Chesapeake,VA,82756,United States,2026-04-07,Consumer
CUST-13712,Jean Anderson,jean.anderson589@proton.me,+1-842-874-3569,790 Maple Rd,Austin,TX,71343,United States,2024-09-29,Consumer
CUST-13713,Christian Simpson,christian.simpson954@yahoo.com,+1-272-775-2982,7853 Broadway,Greensboro,NC,44505,United States,2025-11-16,Consumer
CUST-13714,Roger Cox,roger.cox610@hotmail.com,+1-243-245-3855,6995 Maple Rd,Mobile,AL,45448,United States,2023-05-30,Consumer
CUST-13715,Heather Ruiz,heather.ruiz682@outlook.com,+1-221-257-1368,5924 Park Blvd,Portland,OR,74651,United States,2023-05-21,Corporate
CUST-13716,Megan Kelly,megan.kelly339@outlook.com,+1-873-831-3111,5509 Elm St,Reno,NV,68505,United States,2025-03-27,Small Business
CUST-13717,Bobby Myers,bobby.myers284@corporate.com,+1-814-946-1217,123 Oak Ave,Indianapolis,IN,81727,United States,2024-01-19,Consumer
CUST-13718,Mark Allen,mark.allen730@outlook.com,+1-500-835-5676,8021 Broadway,Spokane,WA,45808,United States,2025-03-25,Consumer
CUST-13719,Frank Robinson,frank.robinson325@hotmail.com,+1-999-635-1829,5990 Park Blvd,Vancouver,WA,28216,United States,2026-03-11,Consumer
CUST-13720,Brenda Ford,brenda.ford405@icloud.com,+1-255-902-9706,3583 Elm St,Knoxville,TN,70041,United States,2023-09-23,Consumer
CUST-13721,Bryan Davis,bryan.davis743@corporate.com,+1-455-473-8539,5136 Broadway,Oklahoma City,OK,14843,United States,2025-11-19,Corporate
CUST-13722,Patricia Ortiz,patricia.ortiz170@icloud.com,+1-215-523-8810,5740 Park Blvd,Albany,NY,30182,United States,2025-08-29,Consumer
CUST-13723,Nathan Mcdonald,nathan.mcdonald397@proton.me,+1-660-568-6852,5785 Maple Rd,Orem,UT,72937,United States,2025-05-13,Consumer
CUST-13724,Samuel Foster,samuel.foster790@corporate.com,+1-473-712-8814,8703 Maple Rd,Virginia Beach,VA,65862,United States,2023-05-20,Consumer
CUST-13725,Christian Griffin,christian.griffin65@outlook.com,+1-551-560-5279,6738 Broadway,Atlanta,GA,16720,United States,2025-10-15,Consumer
CUST-13726,Kathleen Kelly,kathleen.kelly149@hotmail.com,+1-850-841-9334,4788 Pine St,Racine,WI,55760,United States,2023-12-03,Consumer
CUST-13727,Donald Richardson,donald.richardson773@corporate.com,+1-417-983-4208,8003 Main St,Rochester,NY,97340,United States,2024-04-30,Consumer
CUST-13728,Willie Ramirez,willie.ramirez413@yahoo.com,+1-402-747-8223,6063 Broadway,Indianapolis,IN,87403,United States,2026-01-17,Consumer
CUST-13729,Anna Adams,anna.adams691@icloud.com,+1-452-863-3486,4831 Oak Ave,Bowie,MD,23525,United States,2025-06-01,Consumer
CUST-13730,Kyle Thompson,kyle.thompson740@corporate.com,+1-652-913-8549,4925 Cedar Blvd,Indianapolis,IN,24148,United States,2025-12-17,Consumer
CUST-13731,Frances Hunter,frances.hunter349@outlook.com,+1-649-301-5231,3759 Broadway,Edmond,OK,78126,United States,2026-05-26,Consumer
CUST-13732,Walter Cook,walter.cook409@icloud.com,+1-932-717-7847,1435 Washington Ave,Aurora,CO,72909,United States,2025-04-06,Consumer
CUST-13733,Noah Moreno,noah.moreno546@gmail.com,+1-752-499-4097,1431 Highland Dr,Tacoma,WA,51469,United States,2023-11-03,Consumer
CUST-13734,Diana Moore,diana.moore665@gmail.com,+1-528-398-2061,2298 Washington Ave,Hillsboro,OR,14755,United States,2023-11-28,Consumer
CUST-13735,Judith Kim,judith.kim780@hotmail.com,+1-544-836-7018,8910 Park Blvd,Springfield,IL,79667,United States,2026-01-24,Consumer
CUST-13736,Austin Harris,austin.harris242@gmail.com,+1-707-730-4961,7489 Cedar Blvd,Scottsdale,AZ,21857,United States,2025-06-16,Consumer
CUST-13737,Wayne Morris,wayne.morris185@icloud.com,+1-983-961-5287,5470 Highland Dr,Rockville,MD,24301,United States,2024-06-17,Corporate
CUST-13738,Jack Medina,jack.medina365@proton.me,+1-711-279-2665,6378 Maple Rd,Henderson,NV,47876,United States,2026-02-06,Corporate
CUST-13739,Alexis Turner,alexis.turner138@corporate.com,+1-405-337-9123,996 Maple Rd,Tampa,FL,88240,United States,2024-07-19,Consumer
CUST-13740,Albert Rodriguez,albert.rodriguez995@corporate.com,+1-202-999-8939,6454 Cedar Blvd,Indianapolis,IN,15828,United States,2025-09-08,Corporate
CUST-13741,Rebecca Bailey,rebecca.bailey999@corporate.com,+1-413-451-7007,6622 Pine St,San Francisco,CA,95138,United States,2024-02-01,Consumer
CUST-13742,Amanda Webb,amanda.webb841@outlook.com,+1-538-354-2550,5998 Lakeview Ave,Bloomington,MN,14945,United States,2023-05-07,Corporate
CUST-13743,Marilyn Shaw,marilyn.shaw496@outlook.com,+1-865-402-7247,8412 Elm St,Reno,NV,22493,United States,2025-02-19,Consumer
CUST-13744,Gabriel Richardson,gabriel.richardson62@outlook.com,+1-939-451-6469,4807 Broadway,Norfolk,VA,60916,United States,2023-05-30,Consumer
CUST-13745,Shirley Martinez,shirley.martinez56@corporate.com,+1-278-318-4697,378 Main St,Provo,UT,41084,United States,2024-08-15,Consumer
CUST-13746,Bryan Wright,bryan.wright284@gmail.com,+1-718-703-1585,6228 Washington Ave,Norfolk,VA,35732,United States,2023-10-05,Consumer
CUST-13747,Logan Edwards,logan.edwards421@icloud.com,+1-721-579-2037,8714 Maple Rd,Paterson,NJ,56885,United States,2025-03-09,Consumer
CUST-13748,Joe Washington,joe.washington603@gmail.com,+1-244-553-6891,8100 Lakeview Ave,Ann Arbor,MI,61058,United States,2023-12-15,Small Business
CUST-13749,Stephanie Stevens,stephanie.stevens425@corporate.com,+1-200-791-5733,264 Pine St,Lowell,MA,26485,United States,2026-05-25,Consumer
CUST-13750,Jack Miller,jack.miller351@corporate.com,+1-895-601-6685,5395 Sunset Way,Springfield,MA,12034,United States,2025-11-02,Consumer
CUST-13751,Isabella Martinez,isabella.martinez898@bizmail.io,+1-966-928-3180,2783 Cedar Blvd,Trenton,NJ,62023,United States,2024-03-08,Consumer
CUST-13752,Nicholas Morris,nicholas.morris716@yahoo.com,+1-787-307-1609,7138 Highland Dr,Yonkers,NY,41336,United States,2026-04-24,Consumer
CUST-13753,Natalie Murphy,natalie.murphy615@yahoo.com,+1-980-887-2489,5035 Lakeview Ave,BATON ROUGE,LA,54548,United States,2024-04-10,Consumer
CUST-13754,Terry Jenkins,terry.jenkins171@corporate.com,+1-895-978-2976,4516 Main St,Aurora,IL,38350,United States,2025-10-21,Corporate
CUST-13755,Brenda James,brenda.james765@outlook.com,+1-374-494-4929,466 Maple Rd,Aurora,IL,44242,United States,2024-09-28,Consumer
CUST-13756,Theresa Anderson,theresa.anderson142@bizmail.io,+1-739-818-3806,9022 Broadway,Los Angeles,CA,34992,United States,2026-05-01,Consumer
CUST-13757,Jacob Bennett,jacob.bennett590@yahoo.com,+1-931-438-6499,3872 Maple Rd,Lakewood,CO,74003,United States,2026-01-26,Consumer
CUST-13758,Sandra Silva,sandra.silva297@hotmail.com,+1-617-952-8998,6257 Pine St,Tucson,AZ,87120,United States,2023-09-12,Consumer
CUST-13759,Philip Tucker,philip.tucker230@corporate.com,+1-270-481-1056,9141 Cedar Blvd,Lowell,MA,57566,United States,2023-11-13,Consumer
CUST-13760,Dylan Wilson,dylan.wilson66@outlook.com,+1-696-392-2998,5578 Washington Ave,Augusta,GA,59377,United States,2024-03-19,Consumer
CUST-13761,Julie Moore,julie.moore201@outlook.com,+1-498-528-9932,9474 Park Blvd,Birmingham,AL,66272,United States,2023-09-01,Corporate
CUST-13762,Ronald Owens,ronald.owens979@outlook.com,+1-265-486-8080,2822 Highland Dr,North Charleston,SC,35460,United States,2025-05-23,Consumer
CUST-13763,Dorothy Murray,dorothy.murray211@proton.me,+1-380-939-3676,3663 Elm St,Akron,OH,,United States,2025-03-01,Consumer
CUST-13764,Donna West,donna.west951@gmail.com,+1-936-903-2571,4653 Pine St,Lake Charles,LA,48177,United States,2026-04-05,Consumer
CUST-13765,Dorothy Mitchell,dorothy.mitchell463@gmail.com,+1-734-881-4612,9525 Lakeview Ave,Greensboro,NC,60838,United States,2025-07-18,Consumer
CUST-13766,Bruce Hughes,bruce.hughes720@icloud.com,+1-401-858-8521,4660 Oak Ave,Durham,NC,30482,United States,2026-03-22,Consumer
CUST-13767,Debra Fernandez,debra.fernandez467@proton.me,+1-839-281-1354,5676 Cedar Blvd,Dayton,OH,78457,United States,2025-02-06,Corporate
CUST-13768,Louis Morgan,louis.morgan594@proton.me,+1-260-720-4033,5758 Park Blvd,Columbia,MO,57370,United States,2024-07-04,Consumer
CUST-13769,Roy Carter,roy.carter582@corporate.com,+1-271-770-8139,9979 Pine St,San Jose,CA,10587,United States,2026-05-03,Consumer
CUST-13770,Juan Patterson,juan.patterson770@yahoo.com,+1-475-760-5089,6108 Broadway,Springfield,MA,32044,United States,2024-10-25,Consumer
CUST-13771,Sean Shaw,sean.shaw868@outlook.com,+1-669-876-1011,2929 Elm St,Frederick,MD,97106,United States,2024-04-11,Corporate
CUST-13772,Jack Silva,jack.silva773@gmail.com,+1-968-576-6817,6825 Maple Rd,Bridgeport,CT,24492,United States,2024-12-06,Consumer
CUST-13773,Andrew Henderson,andrew.henderson529@gmail.com,+1-862-783-5346,908 Lakeview Ave,Cambridge,MA,94522,United States,2024-02-16,Consumer
CUST-13774,Evelyn Martinez,evelyn.martinez184@hotmail.com,+1-984-532-4253,2653 Main St,Toledo,OH,44948,United States,2025-01-08,Consumer
CUST-13775,Diana Edwards,diana.edwards312@icloud.com,+1-505-260-4403,7939 Oak Ave,Glendale,AZ,18801,United States,2025-08-17,Consumer
CUST-13776,Randy Morgan,randy.morgan633@yahoo.com,+1-543-892-7738,8840 Cedar Blvd,Louisville,KY,,United States,2025-05-07,Consumer
CUST-13777,Russell Sanders,russell.sanders177@proton.me,+1-367-955-7583,4616 Highland Dr,Huntsville,AL,34423,United States,2025-01-23,Consumer
CUST-13778,Kyle Thomas,kyle.thomas298@outlook.com,+1-718-623-4813,706 Park Blvd,Cambridge,MA,48072,United States,2023-12-23,Small Business
CUST-13779,Christina Stevens,christina.stevens760@gmail.com,+1-311-338-5822,4851 Sunset Way,Huntsville,AL,19068,United States,2025-12-20,Corporate
CUST-13780,  Alice Shaw  ,alice.shaw125@bizmail.io,+1-514-933-1323,518 Pine St,Henderson,NV,23734,United States,2024-09-30,Consumer
CUST-13781,Susan Thomas,susan.thomas714@yahoo.com,+1-949-500-3834,604 Pine St,Scranton,PA,35210,United States,2023-12-14,Consumer
CUST-13782,Randy Coleman,randy.coleman143@yahoo.com,+1-260-669-1657,4597 Broadway,Rochester,NY,21219,United States,2024-10-16,Small Business
CUST-13783,Rachel Patel,rachel.patel755@bizmail.io,+1-762-524-1637,6441 Washington Ave,Columbus,OH,57766,United States,2026-05-12,Consumer
CUST-13784,Catherine Mason,catherine.mason544@icloud.com,+1-553-273-6441,6705 Main St,Charlotte,NC,44718,United States,2025-10-06,Consumer
CUST-13785,Eugene King,eugene.king169@yahoo.com,+1-550-997-4773,8945 Washington Ave,Nashville,TN,99823,United States,2023-11-06,Consumer
CUST-13786,Ashley Walker,ashley.walker895@bizmail.io,+1-298-462-4404,6158 Highland Dr,West Jordan,UT,32828,United States,2025-12-20,Consumer
CUST-13787,Tyler Clark,tyler.clark656@hotmail.com,+1-914-710-4060,5303 Elm St,Reno,NV,11365,United States,2024-01-19,Consumer
CUST-13788,Elizabeth Bryant,elizabeth.bryant159@gmail.com,+1-649-348-6274,621 Sunset Way,Nashville,TN,34496,United States,2025-04-17,Consumer
CUST-13789,Diana Rivera,diana.rivera539@corporate.com,+1-936-235-8020,9815 Maple Rd,Salt Lake City,UT,81931,United States,2024-09-23,Consumer
CUST-13790,Jacob Sullivan,jacob.sullivan954@icloud.com,+1-276-804-2611,4505 Main St,Tallahassee,FL,11957,United States,2026-03-13,Consumer
CUST-13791,Juan Gibson,juan.gibson472@yahoo.com,+1-801-338-4026,8559 Sunset Way,Scranton,PA,91832,United States,2025-10-09,Consumer
CUST-13792,Brittany Martin,brittany.martin647@outlook.com,+1-564-471-4141,4980 Lakeview Ave,greenville,SC,43671,United States,2024-07-14,Consumer
CUST-13793,Eric Mason,eric.mason969@corporate.com,+1-840-809-7450,7265 Pine St,Memphis,TN,79801,United States,2025-06-10,Consumer
CUST-13794,Elizabeth Bennett,elizabeth.bennett665@outlook.com,+1-915-679-3431,4541 Cedar Blvd,Henderson,NV,84124,United States,2026-01-08,Consumer
CUST-13795,Walter Bryant,walter.bryant476@bizmail.io,+1-719-268-1189,8180 Main St,Athens,GA,60516,United States,2023-07-08,Consumer
CUST-13796,Nicholas Wilson,nicholas.wilson377@yahoo.com,+1-933-911-4587,3229 Lakeview Ave,Madison,WI,92975,United States,2023-08-05,Corporate
CUST-13797,Peter Vargas,peter.vargas697@icloud.com,+1-642-594-2374,6446 Broadway,Syracuse,NY,33631,United States,2025-05-31,Consumer
CUST-13798,Joshua Freeman,joshua.freeman153@corporate.com,+1-859-610-1949,9311 Washington Ave,Huntsville,AL,99025,United States,2024-08-03,Small Business
CUST-13799,Mark Thompson,mark.thompson699@icloud.com,+1-839-227-3957,7923 Washington Ave,Springfield,MO,10215,United States,2026-04-21,Corporate
CUST-13800,Virginia Garcia,virginia.garcia233@proton.me,+1-245-600-7406,6725 Broadway,Tucson,AZ,37103,United States,2023-06-14,Small Business
CUST-13801,Marie Mendoza,marie.mendoza37@gmail.com,+1-547-249-1873,9084 Cedar Blvd,Sacramento,CA,94618,United States,2024-06-05,Consumer
CUST-13802,Melissa Castillo,melissa.castillo859@gmail.com,+1-559-579-8062,4933 Pine St,Greenville,SC,76192,United States,2026-02-22,Corporate
CUST-13803,Isabella Kelly,isabella.kelly226@corporate.com,+1-267-601-1789,6191 Main St,Tulsa,OK,44242,United States,2026-01-13,Consumer
CUST-13804,Philip Chen,philip.chen605@yahoo.com,+1-980-845-9269,1895 Lakeview Ave,Cambridge,MA,22086,United States,2026-03-06,Corporate
CUST-13805,Jacqueline Turner,jacqueline.turner634@gmail.com,+1-442-337-2534,7471 Park Blvd,Clarksville,TN,44541,United States,2024-02-06,Consumer
CUST-13806,Roy White,roy.white459@proton.me,+1-580-223-1665,4672 Cedar Blvd,Lafayette,LA,67075,United States,2025-09-30,Corporate
CUST-13807,Ronald Clark,ronald.clark670@outlook.com,+1-381-835-6279,959 Lakeview Ave,Gresham,OR,56453,United States,2024-07-20,Consumer
CUST-13808,Tyler Martinez,tyler.martinez228@corporate.com,+1-707-498-8034,7343 Elm St,Sparks,NV,17718,United States,2025-04-21,Corporate
CUST-13809,Jack Evans,jack.evans264@hotmail.com,+1-877-915-9090,4760 Cedar Blvd,Las Vegas,NV,51350,United States,2024-08-04,Consumer
CUST-13810,James Medina,james.medina568@gmail.com,+1-980-932-1422,3499 Park Blvd,Philadelphia,PA,70056,United States,2025-10-29,Consumer
CUST-13811,Sandra Smith,sandra.smith524@outlook.com,+1-445-463-2586,6735 Main St,Colorado Springs,CO,10723,United States,2025-01-06,Consumer
CUST-13812,Kathryn Hamilton,kathryn.hamilton835@proton.me,+1-316-610-7530,1482 Highland Dr,Clarksville,TN,80093,United States,2024-06-19,Consumer
CUST-13813,Eric Richardson,eric.richardson297@icloud.com,+1-804-495-7531,1327 Washington Ave,Waterbury,CT,16288,United States,2024-12-03,Small Business
CUST-13814,Wayne Baker,wayne.baker451@yahoo.com,,716 Maple Rd,Mount Pleasant,SC,27332,United States,2023-10-20,Corporate
CUST-13815,George Aguilar,george.aguilar748@proton.me,+1-798-345-2491,8790 Highland Dr,Broken Arrow,OK,56622,United States,2024-09-19,Consumer
CUST-13816,Aaron Cook,aaron.cook609@bizmail.io,+1-481-560-4116,1138 Sunset Way,Tulsa,OK,97644,United States,2025-03-13,Consumer
CUST-13817,Pamela Mcdonald,pamela.mcdonald321@hotmail.com,+1-461-429-4679,7328 Cedar Blvd,Phoenix,AZ,93754,United States,2023-12-11,Consumer
CUST-13818,Elizabeth Porter,elizabeth.porter357@icloud.com,+1-996-955-8665,9977 Pine St,Evansville,IN,67456,United States,2026-01-25,Consumer
CUST-13819,Anthony Murray,anthony.murray737@gmail.com,+1-213-362-5677,9826 Maple Rd,Aurora,CO,33556,United States,2025-03-11,Consumer
CUST-13820,Debra Green,debra.green90@proton.me,,7087 Park Blvd,Sterling Heights,MI,96308,United States,2025-04-11,Consumer
CUST-13821,Hannah Crawford,hannah.crawford397@corporate.com,+1-524-717-8303,8325 Broadway,New York,NY,12586,United States,2024-02-14,Consumer
CUST-13822,Russell Patel,russell.patel783@icloud.com,+1-770-537-5104,780 Broadway,Newport News,VA,27143,United States,2024-01-19,Consumer
CUST-13823,Billy Gray,billy.gray573@corporate.com,+1-398-739-4252,4257 Washington Ave,Columbia,SC,85269,United States,2026-04-25,Small Business
CUST-13824,Bryan Garcia,bryan.garcia631@corporate.com,+1-244-340-7626,5518 Cedar Blvd,Tampa,FL,48563,United States,2023-06-25,Consumer
CUST-13825,Laura Martin,laura.martin500@gmail.com,+1-677-815-2710,795 Pine St,Saint Paul,MN,12904,United States,2024-06-25,Corporate
CUST-13826,Roger Henderson,roger.henderson537@icloud.com,+1-444-483-6222,1254 Maple Rd,Dallas,TX,18141,United States,2026-04-15,Consumer
CUST-13827,Judy Cook,judy.cook223@icloud.com,+1-997-708-9534,1870 Pine St,Charlotte,NC,76578,United States,2024-06-20,Consumer
CUST-13828,Sophia Ward,sophia.ward478@hotmail.com,+1-427-738-3177,850 Cedar Blvd,Stamford,CT,13097,United States,2025-08-08,Consumer
CUST-13829,Jessica Dixon,jessica.dixon467@bizmail.io,+1-540-542-1009,666 Elm St,Lowell,MA,66073,United States,2026-02-07,Consumer
CUST-13830,Evelyn Shaw,evelyn.shaw235@corporate.com,+1-663-413-4559,6474 Oak Ave,Charleston,SC,95499,United States,2024-04-06,Consumer
CUST-13831,Walter Bailey,walter.bailey762@icloud.com,+1-353-830-6177,7255 Washington Ave,Virginia Beach,VA,66957,United States,2025-12-09,Corporate
CUST-13832,Christian Green,christian.green318@proton.me,+1-276-654-9642,2753 Lakeview Ave,Colorado Springs,CO,64601,United States,2024-12-06,Consumer
CUST-13833,Harold Griffin,harold.griffin276@corporate.com,+1-230-281-9070,4276 Oak Ave,Yonkers,NY,18954,United States,2025-04-11,Consumer
CUST-13834,Diana Thomas,diana.thomas345@corporate.com,+1-892-723-4313,5507 Highland Dr,Hillsboro,OR,30327,United States,2026-01-26,Consumer
CUST-13835,Steven Romero,steven.romero495@bizmail.io,+1-690-591-6381,4371 Main St,Athens,GA,82988,United States,2023-07-01,Consumer
CUST-13836,Walter Young,walter.young472@hotmail.com,+1-874-206-3092,8811 Broadway,Virginia Beach,VA,35331,United States,2024-10-29,Corporate
CUST-13837,Catherine Mason,catherine.mason593@icloud.com,+1-883-585-8842,6030 Washington Ave,Reno,NV,33702,United States,2023-12-30,Consumer
CUST-13838,Nicholas Mendoza,nicholas.mendoza608@icloud.com,+1-819-659-6918,5965 Elm St,San Francisco,CA,49970,United States,2024-12-18,Consumer
CUST-13839,Billy Baker,billy.baker278@bizmail.io,+1-234-539-5211,4359 Park Blvd,Minneapolis,MN,85809,United States,2025-05-25,Corporate
CUST-13840,Sophia Phillips,sophia.phillips489@corporate.com,+1-991-907-3693,7411 Main St,Fort Worth,TX,95859,United States,2026-05-09,Consumer
CUST-13841,Carl James,carl.james74@proton.me,+1-987-906-9482,3923 Pine St,Edmond,OK,69079,United States,2025-08-04,Consumer
CUST-13842,Jonathan Edwards,jonathan.edwards715@bizmail.io,+1-934-445-9996,5308 Pine St,Rockford,IL,91248,United States,2026-04-11,Consumer
CUST-13843,Anna Thomas,anna.thomas793@gmail.com,+1-508-915-7951,8546 Sunset Way,Green Bay,WI,80204,United States,2025-07-16,Consumer
CUST-13844,Billy Porter,billy.porter562@bizmail.io,+1-610-404-5176,2952 Park Blvd,Lakewood,CO,16129,United States,2023-04-15,Consumer
CUST-13845,Lauren Clark,lauren.clark477@icloud.com,+1-691-749-2393,5693 Washington Ave,Richmond,VA,82072,United States,2025-10-15,Consumer
CUST-13846,Kenneth Taylor,kenneth.taylor875@yahoo.com,,8214 Cedar Blvd,Toledo,OH,72090,United States,2023-09-03,Consumer
CUST-13847,Julia Parker,julia.parker445@corporate.com,+1-993-935-2970,7050 Maple Rd,Baltimore,MD,62140,United States,2025-12-28,Consumer
CUST-13848,Heather Porter,heather.porter759@corporate.com,+1-691-602-3822,1345 Sunset Way,Carmel,IN,94285,United States,2023-05-10,Consumer
CUST-13849,Teresa Mendez,teresa.mendez424@corporate.com,+1-650-243-8468,1779 Washington Ave,Naperville,IL,74754,United States,2025-05-25,Corporate
CUST-13850,Jonathan Medina,jonathan.medina154@proton.me,+1-667-749-7071,2926 Cedar Blvd,Richmond,VA,89912,United States,2023-03-20,Small Business
CUST-13851,Dylan Herrera,dylan.herrera309@yahoo.com,+1-428-995-8233,4018 Pine St,Sacramento,CA,34786,United States,2026-02-08,Consumer
CUST-13852,Brenda Wallace,brenda.wallace906@proton.me,+1-730-390-3961,1184 Sunset Way,Las Vegas,NV,55332,United States,2025-11-16,Consumer
CUST-13853,Nancy Simmons,nancy.simmons471@gmail.com,+1-645-667-8735,7103 Broadway,Covington,KY,10252,United States,2025-11-24,Consumer
CUST-13854,Sandra Turner,sandra.turner330@icloud.com,+1-766-401-4164,6657 Pine St,Owensboro,KY,49024,United States,2025-11-13,Consumer
CUST-13855,John Edwards,john.edwards844@yahoo.com,+1-233-302-3629,5626 Pine St,Augusta,GA,32915,United States,2024-05-23,Consumer
CUST-13856,Johnny Tucker,johnny.tucker694@proton.me,+1-784-981-8356,7820 Main St,Ann Arbor,MI,87170,United States,2026-01-10,Consumer
CUST-13857,Ethan Smith,ethan.smith752@outlook.com,+1-578-765-4214,3157 Main St,Scottsdale,AZ,96238,United States,2024-05-23,Consumer
CUST-13858,Sharon James,sharon.james814@corporate.com,+1-682-830-9360,8547 Broadway,Richmond,VA,35293,United States,2024-09-11,Corporate
CUST-13859,Victoria Herrera,victoria.herrera882@hotmail.com,+1-885-519-6069,9595 Sunset Way,Macon,GA,,United States,2023-12-26,Corporate
CUST-13860,Diane Roberts,diane.roberts789@icloud.com,+1-778-342-1444,6276 Lakeview Ave,Owensboro,KY,68781,United States,2025-09-03,Corporate
CUST-13861,Lawrence Ramos,lawrence.ramos784@yahoo.com,+1-291-828-3865,4463 Park Blvd,Racine,WI,28368,United States,2025-08-04,Consumer
CUST-13862,Bobby Mendez,bobby.mendez689@bizmail.io,+1-754-373-1979,9534 Highland Dr,Yonkers,NY,88912,United States,2024-07-02,Corporate
CUST-13863,Paul Walker,paul.walker533@outlook.com,+1-940-806-9278,3245 Highland Dr,Chicago,IL,38250,United States,2025-11-19,Corporate
CUST-13864,David Clark,david.clark983@proton.me,+1-836-557-5883,8129 Washington Ave,Bridgeport,CT,97355,United States,2024-05-06,Consumer
CUST-13865,Philip Thomas,philip.thomas49@hotmail.com,+1-944-231-1100,5453 Broadway,Indianapolis,IN,41127,United States,2024-03-27,Small Business
CUST-13866,Julie Aguilar,julie.aguilar131@hotmail.com,+1-416-446-7820,115 Elm St,El Paso,TX,36288,United States,2026-04-27,Consumer
CUST-13867,Anthony Ramirez,anthony.ramirez598@proton.me,+1-834-846-3130,9568 Oak Ave,Provo,UT,44873,United States,2025-09-28,Corporate
CUST-13868,Russell Ramirez,russell.ramirez58@yahoo.com,+1-440-588-5797,1177 Park Blvd,Hillsboro,OR,96238,United States,2024-04-15,Consumer
CUST-13869,Theresa Kennedy,theresa.kennedy319@icloud.com,,1321 Washington Ave,San Diego,CA,85228,United States,2025-09-10,Corporate
CUST-13870,Charlotte Perez,charlotte.perez28@corporate.com,+1-498-415-5905,6062 Broadway,New Haven,CT,64572,United States,2024-07-04,Corporate
CUST-13871,Jonathan Crawford,jonathan.crawford13@corporate.com,+1-234-319-7088,3318 Elm St,Cleveland,OH,17709,United States,2023-08-26,Consumer
CUST-13872,Linda Alvarez,linda.alvarez772@outlook.com,+1-515-893-9958,9301 Broadway,Allentown,PA,66629,United States,2025-03-06,Small Business
CUST-13873,Carl Jones,carl.jones281@corporate.com,+1-482-764-6414,5387 Elm St,Kenosha,WI,15663,United States,2024-09-23,Small Business
CUST-13874,Diane Kennedy,diane.kennedy42@proton.me,+1-983-853-8380,4838 Oak Ave,Scranton,PA,47069,United States,2025-03-27,Consumer
CUST-13875,Timothy Patel,timothy.patel11@icloud.com,+1-725-859-2205,6595 Washington Ave,Baltimore,MD,92151,United States,2025-04-19,Consumer
CUST-13876,Doris Castillo,doris.castillo702@corporate.com,+1-743-933-1701,4378 Lakeview Ave,Fort Worth,TX,53551,United States,2025-07-18,Small Business
CUST-13877,Andrew Webb,andrew.webb686@outlook.com,+1-534-992-9844,5415 Park Blvd,Syracuse,NY,98722,United States,2026-05-03,Consumer
CUST-13878,Marie Owens,marie.owens229@bizmail.io,+1-682-411-2352,2613 Main St,Toledo,OH,13107,United States,2026-02-28,Consumer
CUST-13879,Sean Sullivan,sean.sullivan373@icloud.com,+1-908-263-8486,4228 Sunset Way,Aurora,CO,78073,United States,2023-03-28,Consumer
CUST-13880,Edward Rogers,edward.rogers717@yahoo.com,+1-480-214-6233,1038 Lakeview Ave,Tuscaloosa,AL,55753,United States,2026-04-16,Consumer
CUST-13881,Sophia Foster,sophia.foster48@hotmail.com,+1-727-566-5987,1888 Lakeview Ave,Nashville,TN,10308,United States,2025-12-29,Corporate
CUST-13882,Paul Roberts,paul.roberts905@hotmail.com,+1-894-533-3710,5315 Elm St,Indianapolis,IN,11100,United States,2025-01-03,Corporate
CUST-13883,  Jerry Nguyen  ,jerry.nguyen90@hotmail.com,+1-475-303-3545,9340 Sunset Way,Eugene,OR,66539,United States,2024-08-08,Consumer
CUST-13884,Joseph Olson,joseph.olson351@outlook.com,+1-802-461-2767,8230 Washington Ave,Saint Paul,MN,25880,United States,2025-05-06,Consumer
CUST-13885,Brandon Tran,brandon.tran623@corporate.com,+1-967-551-3220,6839 Oak Ave,Allentown,PA,14952,United States,2025-02-06,Consumer
CUST-13886,Virginia Washington,virginia.washington71@gmail.com,,3492 Cedar Blvd,Indianapolis,IN,93507,United States,2024-09-27,Small Business
CUST-13887,Julie Patterson,julie.patterson409@bizmail.io,+1-451-391-4627,9084 Lakeview Ave,Paterson,NJ,92004,United States,2024-04-10,Consumer
CUST-13888,Deborah Jimenez,deborah.jimenez256@hotmail.com,+1-488-602-3783,2970 Sunset Way,Detroit,MI,48460,United States,2023-08-01,Consumer
CUST-13889,Denise Burns,denise.burns700@gmail.com,+1-550-947-7016,221 Highland Dr,Jersey City,NJ,77166,United States,2026-02-06,Corporate
CUST-13890,Helen Adams,helen.adams566@icloud.com,+1-606-356-6428,7400 Park Blvd,Denver,CO,,United States,2023-06-22,Consumer
CUST-13891,Keith Cole,keith.cole986@gmail.com,+1-581-796-2303,5831 Lakeview Ave,Springfield,MA,26031,United States,2025-05-18,Consumer
CUST-13892,Christian Perez,christian.perez575@hotmail.com,+1-807-565-7030,2843 Highland Dr,Paterson,NJ,21937,United States,2024-04-27,Consumer
CUST-13893,Samantha Scott,samantha.scott141@hotmail.com,+1-344-470-9593,7956 Broadway,Jacksonville,FL,35984,United States,2025-08-22,Consumer
CUST-13894,Jessica Adams,jessica.adams87@bizmail.io,+1-376-593-6150,1842 Broadway,New Haven,CT,90900,United States,2026-04-15,Consumer
CUST-13895,Donna Rodriguez,donna.rodriguez538@yahoo.com,+1-450-309-5767,6045 Washington Ave,Aurora,CO,74309,United States,2024-08-30,Consumer
CUST-13896,Jessica Parker,jessica.parker880@yahoo.com,+1-424-216-1249,1993 Oak Ave,New Haven,CT,46782,United States,2026-01-28,Consumer
CUST-13897,Nicole Ward,nicole.ward486@bizmail.io,+1-714-894-1455,6183 Elm St,Dallas,TX,42549,United States,2025-05-18,Consumer
CUST-13898,Natalie Wright,natalie.wright975@outlook.com,+1-637-254-6009,9330 Park Blvd,North Las Vegas,NV,13085,United States,2023-09-25,Consumer
CUST-13899,Joan Olson,joan.olson369@corporate.com,+1-887-805-8144,5108 Oak Ave,West Jordan,UT,34095,United States,2023-07-05,Consumer
CUST-13900,Zachary Fisher,zachary.fisher472@outlook.com,+1-917-657-7600,3212 Cedar Blvd,Racine,WI,59848,United States,2024-10-15,Consumer
CUST-13901,David Simmons,david.simmons894@hotmail.com,+1-711-521-1781,5935 Broadway,salt lake city,UT,90734,United States,2025-10-12,Consumer
CUST-13902,Evelyn Williams,evelyn.williams964@icloud.com,+1-441-864-3265,3544 Sunset Way,Aurora,IL,58409,United States,2024-10-31,Consumer
CUST-13903,Jason Lewis,jason.lewis425@bizmail.io,+1-514-894-6036,6871 Highland Dr,Bridgeport,CT,66541,United States,2024-02-19,Consumer
CUST-13904,Mark Burns,mark.burns929@yahoo.com,+1-312-320-7063,8195 Sunset Way,Covington,KY,53319,United States,2023-06-17,Small Business
CUST-13905,Sara Thomas,sara.thomas672@proton.me,+1-728-610-1171,3078 Washington Ave,Nashville,TN,52200,United States,2025-04-23,Consumer
CUST-13906,Amanda Cox,amanda.cox748@hotmail.com,+1-928-585-4383,7406 Oak Ave,Covington,KY,80480,United States,2024-07-06,Corporate
CUST-13907,Gloria Bryant,gloria.bryant696@gmail.com,+1-565-861-8528,1172 Oak Ave,Oklahoma City,OK,78047,United States,2024-06-21,Corporate
CUST-13908,Megan Murray,megan.murray60@gmail.com,+1-359-950-8984,4367 Sunset Way,Aurora,CO,46581,United States,2024-12-19,Consumer
CUST-13909,Brandon Reyes,brandon.reyes409@corporate.com,+1-253-493-6071,8926 Washington Ave,Madison,WI,63217,United States,2023-12-09,Corporate
CUST-13910,Sandra Walker,sandra.walker79@outlook.com,+1-957-701-8217,3708 Pine St,Indianapolis,IN,63361,United States,2023-05-25,Corporate
CUST-13911,Jesse Coleman,jesse.coleman727@outlook.com,+1-673-440-4970,1776 Broadway,Evansville,IN,59138,United States,2023-12-16,Consumer
CUST-13912,Hannah Clark,hannah.clark885@hotmail.com,+1-323-418-6490,4643 Broadway,Chandler,AZ,52872,United States,2024-08-19,Corporate
CUST-13913,Debra Vasquez,debra.vasquez625@gmail.com,+1-687-652-1905,5158 Broadway,Denver,CO,70330,United States,2023-11-08,Consumer
CUST-13914,Rebecca Miller,rebecca.miller116@hotmail.com,+1-306-354-8712,2919 Elm St,Austin,TX,35669,United States,2026-04-21,Consumer
CUST-13915,George Vargas,george.vargas717@outlook.com,+1-464-253-7008,6096 Elm St,Richmond,VA,68693,United States,2023-04-22,Corporate
CUST-13916,Dorothy Wood,dorothy.wood659@proton.me,+1-641-528-3556,6711 Pine St,Chattanooga,TN,47842,United States,2025-10-29,Small Business
CUST-13917,Isabella Cooper,isabella.cooper527@outlook.com,,2183 Main St,Springfield,MA,30244,United States,2025-03-15,Consumer
CUST-13918,Justin Wells,justin.wells395@proton.me,+1-360-931-2010,1850 Lakeview Ave,Yonkers,NY,31224,United States,2024-02-20,Consumer
CUST-13919,Richard Hunter,richard.hunter184@proton.me,+1-234-256-4909,2734 Oak Ave,Worcester,MA,67556,United States,2024-02-09,Corporate
CUST-13920,Eugene Hunter,eugene.hunter393@gmail.com,+1-632-945-6691,782 Washington Ave,Lexington,KY,17760,United States,2025-04-27,Corporate
CUST-13921,Billy Robinson,billy.robinson269@hotmail.com,+1-885-559-3074,3662 Washington Ave,Orem,UT,78136,United States,2024-07-13,Consumer
CUST-13922,Charles Clark,charles.clark184@gmail.com,+1-750-783-7148,8155 Washington Ave,Louisville,KY,98789,United States,2026-04-06,Corporate
CUST-13923,Virginia Torres,virginia.torres866@proton.me,+1-322-913-8639,5261 Oak Ave,Henderson,NV,22660,United States,2025-01-15,Consumer
CUST-13924,Amanda Vargas,amanda.vargas450@proton.me,+1-439-282-5433,3570 Pine St,San Diego,CA,78552,United States,2024-02-16,Corporate
CUST-13925,Harold Lopez,harold.lopez56@bizmail.io,+1-668-372-3719,2449 Sunset Way,Columbus,OH,99760,United States,2024-10-21,Consumer
CUST-13926,Dylan Bennett,dylan.bennett508@hotmail.com,+1-368-753-7512,640 Oak Ave,Frederick,MD,62456,United States,2023-07-29,Consumer
CUST-13927,Wayne Snyder,wayne.snyder988@icloud.com,+1-714-981-9453,1039 Oak Ave,Duluth,MN,69010,United States,2023-10-10,Consumer
CUST-13928,William Munoz,william.munoz164@icloud.com,+1-742-427-6965,2793 Maple Rd,Scranton,PA,86091,United States,2024-06-14,Consumer
CUST-13929,Barbara Cooper,barbara.cooper417@icloud.com,+1-844-391-5324,4665 Sunset Way,Covington,KY,13928,United States,2024-10-22,Consumer
CUST-13930,Nicholas Sullivan,nicholas.sullivan438@yahoo.com,+1-605-941-7003,5422 Broadway,Charlotte,NC,32192,United States,2026-03-22,Consumer
CUST-13931,Amy Gomez,amy.gomez133@hotmail.com,+1-886-590-2268,6416 Highland Dr,Nashville,TN,27337,United States,2023-03-19,Corporate
CUST-13932,Emma Griffin,emma.griffin998@corporate.com,+1-877-976-7008,4417 Pine St,Houston,TX,29505,United States,2024-04-13,Consumer
CUST-13933,Charlotte Ortiz,charlotte.ortiz180@corporate.com,+1-669-233-6409,273 Cedar Blvd,Chattanooga,TN,14341,United States,2025-04-20,Consumer
CUST-13934,Carol Stewart,carol.stewart416@hotmail.com,+1-990-533-7508,257 Pine St,Salem,OR,45943,United States,2023-11-20,Consumer
CUST-13935,Catherine Thompson,catherine.thompson943@corporate.com,+1-527-970-7437,3955 Maple Rd,Bowie,MD,14111,United States,2025-12-08,Corporate
CUST-13936,Jeremy Burns,jeremy.burns843@bizmail.io,+1-720-544-2868,3044 Elm St,New Orleans,LA,20084,United States,2026-01-06,Consumer
CUST-13937,Peter Rivera,peter.rivera976@outlook.com,+1-981-349-3142,2427 Elm St,Bellevue,WA,48164,United States,2025-12-24,Consumer
CUST-13938,Gloria Simmons,gloria.simmons98@bizmail.io,+1-614-583-8939,2750 Maple Rd,Owensboro,KY,61152,United States,2024-07-24,Consumer
CUST-13939,Carolyn Aguilar,carolyn.aguilar453@gmail.com,+1-711-799-4543,3948 Broadway,Tulsa,OK,67147,United States,2023-07-01,Consumer
CUST-13940,Brittany Roberts,brittany.roberts880@yahoo.com,+1-560-849-3990,6474 Washington Ave,Fort Wayne,IN,61428,United States,2023-10-08,Consumer
CUST-13941,Roger Miller,roger.miller612@proton.me,+1-627-543-4908,933 Main St,Las Vegas,NV,73088,United States,2023-05-17,Consumer
CUST-13942,Jeremy Sanders,jeremy.sanders684@gmail.com,+1-487-681-1093,2645 Sunset Way,Madison,WI,63630,United States,2026-05-04,Consumer
CUST-13943,Kelly Thompson,kelly.thompson231@bizmail.io,+1-495-660-3892,8272 Highland Dr,Springfield,IL,24609,United States,2024-12-05,Consumer
CUST-13944,Andrew Sullivan,andrew.sullivan345@hotmail.com,+1-361-710-7825,2163 Highland Dr,Green Bay,WI,84786,United States,2023-08-05,Consumer
CUST-13945,Amy Jenkins,amy.jenkins40@bizmail.io,+1-378-727-2400,5762 Highland Dr,Cleveland,OH,50550,United States,2023-07-20,Consumer
CUST-13946,Logan Coleman,logan.coleman613@gmail.com,+1-814-747-2022,4405 Main St,Duluth,MN,13336,United States,2025-12-28,Consumer
CUST-13947,Diana Rivera,diana.rivera347@outlook.com,+1-390-695-6888,9967 Pine St,Naperville,IL,49601,United States,2023-12-17,Consumer
CUST-13948,Paul Moreno,paul.moreno829@proton.me,+1-556-443-3392,5344 Main St,Pittsburgh,PA,23357,United States,2025-05-29,Corporate
CUST-13949,Lawrence Carter,lawrence.carter380@yahoo.com,+1-287-921-7465,5641 Lakeview Ave,Gaithersburg,MD,43240,United States,2025-05-16,Small Business
CUST-13950,Henry Johnson,henry.johnson863@proton.me,+1-308-430-4265,9620 Washington Ave,Spokane,WA,48819,United States,2023-05-08,Consumer
CUST-13951,Russell Mendoza,russell.mendoza598@corporate.com,+1-604-961-5994,7946 Oak Ave,Jersey City,NJ,94070,United States,2023-10-24,Small Business
CUST-13952,Nancy Diaz,nancy.diaz168@icloud.com,+1-954-787-2944,9651 Lakeview Ave,Minneapolis,MN,69437,United States,2025-08-29,Consumer
CUST-13953,Aaron James,aaron.james969@icloud.com,+1-643-794-9332,5674 Oak Ave,Oklahoma City,OK,63843,United States,2024-05-14,Small Business
CUST-13954,Russell Butler,russell.butler971@yahoo.com,+1-811-588-7757,9689 Park Blvd,Newport News,VA,91089,United States,2024-05-23,Consumer
CUST-13955,Emily Gomez,emily.gomez736@proton.me,+1-902-306-5740,3941 Park Blvd,Greensboro,NC,84986,United States,2024-04-17,Consumer
CUST-13956,Ronald Cook,ronald.cook882@corporate.com,+1-359-640-4236,2060 Park Blvd,Ann Arbor,MI,23577,United States,2025-07-18,Consumer
CUST-13957,Sophia Cooper,sophia.cooper888@outlook.com,+1-896-508-3149,1864 Lakeview Ave,Pittsburgh,PA,22945,United States,2025-08-02,Corporate
CUST-13958,Deborah Tran,deborah.tran948@icloud.com,+1-463-654-4342,1803 Park Blvd,Duluth,MN,,United States,2025-11-23,Consumer
CUST-13959,Amanda Webb,amanda.webb344@gmail.com,,3952 Maple Rd,St. Louis,MO,83337,United States,2024-05-13,Consumer
CUST-13960,Benjamin Turner,benjamin.turner675@corporate.com,+1-949-406-5829,3789 Oak Ave,San Antonio,TX,51658,United States,2024-08-09,Consumer
CUST-13961,Bryan Mendez,bryan.mendez962@icloud.com,+1-977-556-5279,7411 Broadway,Hartford,CT,40177,United States,2026-01-19,Consumer
CUST-13962,Eric Diaz,eric.diaz341@hotmail.com,+1-310-696-7720,9021 Highland Dr,Orem,UT,31807,United States,2025-01-19,Small Business
CUST-13963,Donna Rodriguez,donna.rodriguez593@hotmail.com,+1-549-991-1680,2946 Sunset Way,Orem,UT,27426,United States,2024-03-07,Small Business
CUST-13964,Donald Mcdonald,donald.mcdonald689@yahoo.com,+1-637-961-3883,6148 Pine St,Baltimore,MD,83949,United States,2024-01-27,Consumer
CUST-13965,Nicole Chavez,nicole.chavez112@icloud.com,+1-422-729-8104,1918 Cedar Blvd,Mobile,AL,54395,United States,2025-01-07,Consumer
CUST-13966,Jerry Lee,jerry.lee336@hotmail.com,+1-446-431-8416,425 Park Blvd,Jacksonville,FL,11421,United States,2023-12-31,Corporate
CUST-13967,Jacob Ross,jacob.ross727@hotmail.com,+1-695-204-7842,6241 Cedar Blvd,San Antonio,TX,75294,United States,2023-10-13,Corporate
CUST-13968,Peter Murray,peter.murray713@corporate.com,+1-836-988-8390,2400 Highland Dr,Oklahoma City,OK,96906,United States,2024-09-19,Consumer
CUST-13969,Susan Cooper,susan.cooper637@icloud.com,+1-266-830-2732,6277 Park Blvd,Columbia,MO,32243,United States,2025-11-30,Consumer
CUST-13970,Kelly Watson,kelly.watson997@hotmail.com,+1-214-997-2917,2456 Broadway,Tacoma,WA,74408,United States,2023-04-14,Consumer
CUST-13971,Donald Jordan,donald.jordan410@yahoo.com,+1-644-314-5832,3933 Sunset Way,Newark,NJ,44143,United States,2024-07-15,Corporate
CUST-13972,Helen Gonzalez,helen.gonzalez875@corporate.com,+1-688-544-5609,5763 Park Blvd,Kenosha,WI,26475,United States,2025-02-21,Consumer
CUST-13973,Joseph Henry,joseph.henry374@gmail.com,+1-831-561-7427,3321 Washington Ave,DALLAS,TX,26977,United States,2024-10-06,Consumer
CUST-13974,Judy Chavez,judy.chavez204@yahoo.com,+1-415-352-8004,8065 Sunset Way,Carmel,IN,34385,United States,2025-07-07,Consumer
CUST-13975,Emma Phillips,emma.phillips602@yahoo.com,+1-821-674-8637,6805 Cedar Blvd,Springfield,MO,90949,United States,2024-05-26,Consumer
CUST-13976,Tyler Vargas,tyler.vargas724@hotmail.com,+1-432-699-7668,3313 Washington Ave,Naperville,IL,94823,United States,2025-08-01,Consumer
CUST-13977,Matthew Martin,matthew.martin389@icloud.com,+1-852-550-6453,5786 Cedar Blvd,Louisville,KY,67307,United States,2023-10-29,Consumer
CUST-13978,  Richard Henderson  ,richard.henderson524@outlook.com,+1-821-469-9816,6866 Cedar Blvd,Carmel,IN,54156,United States,2023-03-25,Corporate
CUST-13979,Arthur Hamilton,arthur.hamilton721@hotmail.com,+1-324-657-4348,5002 Cedar Blvd,Evansville,IN,52633,United States,2025-07-27,Consumer
CUST-13980,Ralph Walker,ralph.walker268@hotmail.com,+1-939-233-7576,7679 Washington Ave,Philadelphia,PA,56690,United States,2024-12-08,Consumer
CUST-13981,Terry Castillo,terry.castillo33@proton.me,+1-362-962-8944,7722 Main St,Charlotte,NC,50532,United States,2023-08-23,Consumer
CUST-13982,Kyle Gonzales,kyle.gonzales997@bizmail.io,,5350 Oak Ave,West Valley City,UT,16552,United States,2024-04-13,Consumer
CUST-13983,Linda Jenkins,linda.jenkins881@hotmail.com,+1-223-699-3778,3843 Pine St,New Orleans,LA,91455,United States,2024-06-06,Small Business
CUST-13984,Raymond Hernandez,raymond.hernandez521@gmail.com,+1-725-356-3482,2379 Main St,Tallahassee,FL,18197,United States,2024-11-21,Consumer
CUST-13985,Daniel Turner,daniel.turner714@proton.me,+1-245-265-2534,5078 Park Blvd,San Francisco,CA,86695,United States,2026-04-03,Consumer
CUST-13986,Zachary Rivera,zachary.rivera339@outlook.com,+1-446-693-9257,3176 Lakeview Ave,North Charleston,SC,58515,United States,2026-02-08,Consumer
CUST-13987,Harold Ruiz,harold.ruiz395@hotmail.com,+1-490-339-7261,3899 Cedar Blvd,North Charleston,SC,51065,United States,2023-09-21,Consumer
CUST-13988,Bradley Silva,bradley.silva360@yahoo.com,+1-784-243-4394,4867 Sunset Way,springfield,MO,64313,United States,2023-04-15,Consumer
CUST-13989,Daniel Turner,daniel.turner425@hotmail.com,+1-877-957-5308,9629 Main St,Jacksonville,FL,16427,United States,2026-03-08,Consumer
CUST-13990,Austin Morales,austin.morales709@bizmail.io,+1-957-840-4185,3440 Pine St,Salt Lake City,UT,73612,United States,2024-10-13,Corporate
CUST-13991,Philip Mendez,philip.mendez570@outlook.com,+1-302-840-9705,2714 Oak Ave,North Las Vegas,NV,24553,United States,2026-03-06,Corporate
CUST-13992,Victoria Carter,victoria.carter550@corporate.com,+1-672-850-9536,1959 Broadway,Pittsburgh,PA,18785,United States,2023-03-23,Consumer
CUST-13993,Michael Owens,michael.owens580@icloud.com,+1-608-791-8858,202 Broadway,Aurora,IL,80997,United States,2026-01-27,Consumer
CUST-13994,Catherine Jordan,catherine.jordan327@hotmail.com,+1-875-265-2138,3200 Elm St,Columbus,GA,65454,United States,2024-08-21,Consumer
CUST-13995,Danielle Mitchell,danielle.mitchell589@corporate.com,+1-366-513-1272,2669 Cedar Blvd,Spokane,WA,87572,United States,2023-06-25,Consumer
CUST-13996,Doris Torres,doris.torres658@proton.me,+1-837-277-5281,5355 Main St,Atlanta,GA,72244,United States,2026-02-03,Consumer
CUST-13997,Michael Munoz,michael.munoz151@corporate.com,+1-830-447-6570,3959 Highland Dr,Green Bay,WI,72817,United States,2025-05-05,Small Business
CUST-13998,Daniel Miller,daniel.miller235@icloud.com,+1-732-388-8285,6391 Elm St,Broken Arrow,OK,39685,United States,2024-04-07,Corporate
CUST-13999,Pamela Marshall,pamela.marshall600@corporate.com,+1-600-733-3806,3957 Sunset Way,Tulsa,OK,49314,United States,2026-02-13,Consumer
CUST-14000,Gregory Campbell,gregory.campbell954@yahoo.com,+1-849-916-6966,5180 Pine St,Houston,TX,99141,United States,2026-04-06,Corporate
CUST-14001,Emma Cole,emma.cole68@proton.me,+1-307-945-8638,328 Cedar Blvd,San Jose,CA,45523,United States,2025-08-15,Consumer
CUST-14002,  Eugene Dixon  ,eugene.dixon636@gmail.com,+1-337-552-5114,9881 Sunset Way,Springfield,MA,90654,United States,2023-11-18,Consumer
CUST-14003,Rebecca Rivera,rebecca.rivera750@gmail.com,+1-435-855-8975,2250 Sunset Way,north charleston,SC,23870,United States,2026-05-19,Corporate
CUST-14004,Philip Tucker,philip.tucker847@bizmail.io,+1-534-565-2874,2651 Washington Ave,reading,PA,54769,United States,2023-11-14,Consumer
CUST-14005,Rose Crawford,rose.crawford728@gmail.com,+1-385-362-6717,1795 Park Blvd,Baton Rouge,LA,37243,United States,2024-01-09,Consumer
CUST-14006,Gerald Hunter,gerald.hunter302@corporate.com,+1-364-301-4406,3607 Pine St,Orlando,FL,74107,United States,2025-06-09,Consumer
CUST-14007,Frank Woods,frank.woods995@corporate.com,+1-558-607-3615,1147 Highland Dr,Lakewood,CO,58172,United States,2025-06-03,Small Business
CUST-14008,Diana Wood,diana.wood905@hotmail.com,+1-276-968-5891,8266 Elm St,Bowie,MD,49838,United States,2026-03-25,Small Business
CUST-14009,Joyce Gomez,joyce.gomez367@corporate.com,+1-499-988-9323,5898 Sunset Way,Lake Charles,LA,32986,United States,2023-11-18,Consumer
CUST-14010,Megan Fisher,megan.fisher341@bizmail.io,+1-697-940-1073,5368 Oak Ave,Rockville,MD,97036,United States,2024-01-27,Consumer
CUST-14011,Susan Jenkins,susan.jenkins955@hotmail.com,+1-545-268-2629,6228 Highland Dr,Racine,WI,64205,United States,2023-10-24,Consumer
CUST-14012,Emily James,emily.james327@outlook.com,+1-634-468-7191,8284 Highland Dr,South Bend,IN,10364,United States,2024-02-06,Consumer
CUST-14013,Frances Gonzalez,frances.gonzalez869@gmail.com,+1-909-843-7385,3710 Sunset Way,Mount Pleasant,SC,63376,United States,2024-09-25,Corporate
CUST-14014,George Gibson,george.gibson114@corporate.com,+1-345-981-8613,5510 Main St,Albany,NY,48764,United States,2024-05-01,Corporate
CUST-14015,Dorothy Davis,dorothy.davis122@outlook.com,+1-984-994-4673,9292 Main St,Allentown,PA,32908,United States,2025-07-12,Consumer
CUST-14016,Eugene Reed,eugene.reed929@bizmail.io,+1-587-449-6311,1671 Pine St,Mount Pleasant,SC,27618,United States,2024-12-04,Consumer
CUST-14017,Walter Mendez,walter.mendez699@proton.me,+1-482-578-4938,9048 Elm St,Newark,NJ,27243,United States,2025-11-25,Consumer
CUST-14018,Ryan James,ryan.james633@yahoo.com,+1-643-804-6692,3751 Elm St,Norman,OK,84774,United States,2023-08-11,Small Business
CUST-14019,Jean Gray,jean.gray677@proton.me,+1-281-332-1114,9460 Lakeview Ave,Rockford,IL,72060,United States,2025-08-11,Consumer
CUST-14020,Megan Cox,megan.cox91@hotmail.com,+1-821-633-4912,3539 Washington Ave,Atlanta,GA,26056,United States,2023-11-07,Corporate
CUST-14021,Joe Harris,joe.harris698@proton.me,+1-819-969-7381,1771 Highland Dr,Newark,NJ,46940,United States,2026-02-10,Consumer
CUST-14022,Jonathan Thomas,jonathan.thomas512@proton.me,+1-995-732-4406,4388 Broadway,Norman,OK,90872,United States,2026-04-04,Small Business
CUST-14023,Russell Cooper,russell.cooper176@gmail.com,+1-892-721-5823,1571 Sunset Way,Houston,TX,49280,United States,2025-06-21,Consumer
CUST-14024,Jose Chavez,jose.chavez570@bizmail.io,+1-378-532-6389,670 Lakeview Ave,Baltimore,MD,70976,United States,2024-11-22,Consumer
CUST-14025,Donald Crawford,donald.crawford388@bizmail.io,+1-977-677-1036,7355 Highland Dr,Frederick,MD,70031,United States,2026-02-22,Small Business
CUST-14026,Linda Perry,linda.perry292@yahoo.com,+1-416-978-6980,1747 Maple Rd,West Jordan,UT,86934,United States,2025-11-23,Corporate
CUST-14027,  Sean Evans  ,sean.evans805@proton.me,+1-802-573-9816,2723 Park Blvd,Edmond,OK,51047,United States,2024-04-14,Consumer
CUST-14028,Jose Chen,jose.chen623@yahoo.com,,9898 Main St,New Haven,CT,64507,United States,2025-09-04,Consumer
CUST-14029,Noah Mason,noah.mason29@gmail.com,+1-373-928-4691,5901 Oak Ave,Chattanooga,TN,,United States,2025-06-01,Consumer
CUST-14030,Doris Gutierrez,doris.gutierrez122@proton.me,+1-999-680-4366,4374 Highland Dr,Gaithersburg,MD,86485,United States,2024-05-13,Consumer
CUST-14031,Frank Silva,frank.silva377@hotmail.com,+1-806-909-2393,4077 Lakeview Ave,Cleveland,OH,72476,United States,2024-01-16,Consumer
CUST-14032,Ralph Murray,ralph.murray584@yahoo.com,+1-844-878-2432,2065 Lakeview Ave,Oklahoma City,OK,24810,United States,2023-08-16,Consumer
CUST-14033,Joe Wood,joe.wood282@icloud.com,+1-370-482-2335,7344 Main St,Cleveland,OH,22289,United States,2025-07-08,Consumer
CUST-14034,Rose Sanchez,rose.sanchez800@corporate.com,+1-445-451-9354,8051 Highland Dr,Clarksville,TN,73590,United States,2025-08-08,Consumer
CUST-14035,Diana Moore,diana.moore764@gmail.com,+1-719-345-3966,987 Pine St,Saint Paul,MN,32633,United States,2025-05-03,Consumer
CUST-14036,Marie Morris,marie.morris537@yahoo.com,+1-625-461-6787,7895 Oak Ave,St. Petersburg,FL,,United States,2024-08-18,Corporate
CUST-14037,Justin Torres,justin.torres25@outlook.com,+1-723-501-3688,2280 Pine St,Racine,WI,12235,United States,2024-07-03,Corporate
CUST-14038,Ralph Young,ralph.young814@yahoo.com,+1-444-706-9064,4618 Cedar Blvd,Lexington,KY,92158,United States,2023-05-23,Consumer
CUST-14039,Jessica Mendoza,jessica.mendoza734@yahoo.com,+1-709-428-4653,4129 Elm St,Frederick,MD,53528,United States,2023-10-06,Consumer
CUST-14040,Keith Adams,keith.adams909@proton.me,+1-359-827-8970,6955 Sunset Way,New York,NY,92335,United States,2025-07-03,Consumer
CUST-14041,Brian Lee,brian.lee659@gmail.com,+1-627-368-1713,8523 Maple Rd,Vancouver,WA,11139,United States,2025-11-23,Small Business
CUST-14042,Jonathan Williams,jonathan.williams301@proton.me,+1-883-418-7371,2596 Highland Dr,Gresham,OR,66715,United States,2023-11-07,Consumer
CUST-14043,Gary Bennett,gary.bennett255@hotmail.com,+1-462-820-7176,8976 Lakeview Ave,Denver,CO,23745,United States,2026-03-03,Small Business
CUST-14044,Lawrence Wood,lawrence.wood94@hotmail.com,+1-720-799-5203,5932 Pine St,Frederick,MD,83848,United States,2026-04-06,Consumer
CUST-14045,Anna Tucker,anna.tucker487@outlook.com,+1-874-981-1902,4832 Park Blvd,Naperville,IL,48632,United States,2023-12-14,Consumer
CUST-14046,Steven Ramirez,steven.ramirez246@hotmail.com,+1-800-201-5307,6395 Elm St,Eugene,OR,63991,United States,2023-11-26,Consumer
CUST-14047,Eric Ward,eric.ward326@yahoo.com,+1-499-956-6213,2722 Elm St,North Charleston,SC,73568,United States,2024-01-21,Consumer
CUST-14048,Charlotte Ellis,charlotte.ellis398@proton.me,+1-217-773-4757,507 Pine St,Bloomington,MN,49058,United States,2023-06-03,Consumer
CUST-14049,Sean Ramos,sean.ramos110@icloud.com,+1-995-647-9179,5674 Pine St,San Antonio,TX,88112,United States,2025-07-18,Consumer
CUST-14050,Jeremy West,jeremy.west765@yahoo.com,+1-570-457-3483,2774 Pine St,New Haven,CT,67841,United States,2023-09-14,Consumer
CUST-14051,Rose Smith,rose.smith225@hotmail.com,+1-975-300-4048,4818 Park Blvd,Edmond,OK,98788,United States,2025-04-10,Consumer
CUST-14052,Peter Nguyen,peter.nguyen623@bizmail.io,+1-553-421-8823,907 Broadway,Springfield,MA,19022,United States,2026-03-03,Consumer
CUST-14053,Dorothy Stewart,dorothy.stewart970@bizmail.io,+1-414-431-7108,2709 Oak Ave,Duluth,MN,74167,United States,2023-04-17,Small Business
CUST-14054,Martha Carter,martha.carter961@outlook.com,+1-625-431-3606,1535 Sunset Way,Chesapeake,VA,99441,United States,2023-11-01,Consumer
CUST-14055,Alexis Patel,alexis.patel545@proton.me,+1-983-719-9452,1629 Sunset Way,Huntsville,AL,82977,United States,2025-11-08,Consumer
CUST-14056,Bryan Porter,bryan.porter518@icloud.com,+1-492-338-1033,6845 Pine St,Reading,PA,25742,United States,2024-11-24,Consumer
CUST-14057,Jesse Munoz,jesse.munoz210@icloud.com,+1-490-777-8434,1718 Highland Dr,Jersey City,NJ,50461,United States,2024-08-16,Consumer
CUST-14058,Helen Gonzalez,helen.gonzalez308@outlook.com,+1-483-993-4210,623 Main St,Saint Paul,MN,34280,United States,2023-03-31,Consumer
CUST-14059,Natalie Alexander,natalie.alexander236@outlook.com,+1-500-863-4725,162 Broadway,Jacksonville,FL,35259,United States,2025-02-25,Consumer
CUST-14060,Megan Baker,megan.baker254@gmail.com,+1-697-321-3217,1469 Maple Rd,Durham,NC,75893,United States,2024-09-12,Consumer
CUST-14061,Carl Freeman,carl.freeman61@outlook.com,+1-510-314-9243,3035 Park Blvd,Orem,UT,20238,United States,2023-12-29,Corporate
CUST-14062,Justin Dixon,justin.dixon403@yahoo.com,+1-564-346-9854,3548 Oak Ave,Philadelphia,PA,67757,United States,2024-05-24,Consumer
CUST-14063,Kyle Hayes,kyle.hayes446@corporate.com,+1-566-257-2746,8863 Main St,Rockville,MD,23990,United States,2023-07-29,Consumer
CUST-14064,Jennifer Torres,jennifer.torres129@outlook.com,+1-427-299-7372,2354 Elm St,Cambridge,MA,17745,United States,2023-10-19,Corporate
CUST-14065,Michael Rodriguez,michael.rodriguez778@proton.me,+1-682-519-4918,9694 Park Blvd,Toledo,OH,63870,United States,2026-04-22,Small Business
CUST-14066,Helen Jordan,helen.jordan831@proton.me,+1-714-276-7363,3817 Main St,Tuscaloosa,AL,45321,United States,2025-11-26,Small Business
CUST-14067,Janice Martin,janice.martin208@bizmail.io,+1-337-538-2854,1629 Maple Rd,Pittsburgh,PA,63352,United States,2023-05-30,Consumer
CUST-14068,William Evans,william.evans166@icloud.com,+1-651-225-6946,707 Washington Ave,Buffalo,NY,59892,United States,2025-12-05,Corporate
CUST-14069,Sean Hall,sean.hall173@proton.me,+1-488-602-6515,4664 Park Blvd,Pittsburgh,PA,85465,United States,2024-06-13,Consumer
CUST-14070,Nathan Burns,nathan.burns930@gmail.com,+1-411-594-6543,3791 Elm St,Warren,MI,56386,United States,2025-11-24,Small Business
CUST-14071,Larry Green,larry.green457@corporate.com,+1-662-593-3059,2842 Washington Ave,Worcester,MA,43506,United States,2025-04-09,Small Business
CUST-14072,Charles Hayes,charles.hayes22@hotmail.com,+1-564-969-6494,2821 Maple Rd,Fort Collins,CO,87075,United States,2024-09-16,Consumer
CUST-14073,Danielle Lopez,danielle.lopez160@proton.me,+1-495-818-8371,8822 Main St,Kenosha,WI,44173,United States,2024-05-24,Consumer
CUST-14074,Nancy Porter,nancy.porter203@hotmail.com,+1-968-723-8959,3739 Oak Ave,albany,NY,94778,United States,2024-03-07,Consumer
CUST-14075,Debra Stewart,debra.stewart959@yahoo.com,+1-298-990-6209,4686 Maple Rd,Green Bay,WI,34265,United States,2023-03-29,Consumer
CUST-14076,Jennifer Gutierrez,jennifer.gutierrez817@gmail.com,+1-920-737-7813,9079 Main St,Gresham,OR,90093,United States,2025-03-20,Consumer
CUST-14077,Alexander Stevens,alexander.stevens670@icloud.com,+1-637-467-6254,4407 Broadway,Stamford,CT,75884,United States,2024-05-05,Consumer
CUST-14078,Joe Romero,joe.romero146@proton.me,+1-951-499-3654,9617 Broadway,Lafayette,LA,44071,United States,2023-03-31,Small Business
CUST-14079,Nicole Diaz,nicole.diaz344@corporate.com,+1-727-461-9105,8750 Elm St,Fort Wayne,IN,72578,United States,2024-04-04,Consumer
CUST-14080,Kelly Aguilar,kelly.aguilar791@proton.me,+1-438-258-9381,1852 Elm St,West Jordan,UT,33764,United States,2023-12-31,Consumer
CUST-14081,  Diane Vasquez  ,diane.vasquez392@yahoo.com,+1-310-816-4644,2700 Pine St,Duluth,MN,44280,United States,2023-06-27,Consumer
CUST-14082,Randy Snyder,randy.snyder485@proton.me,+1-375-421-8194,1828 Main St,Racine,WI,30224,United States,2023-04-05,Corporate
CUST-14083,Vincent Hunter,vincent.hunter404@icloud.com,+1-525-275-8960,5848 Park Blvd,Edmond,OK,93968,United States,2024-05-08,Consumer
CUST-14084,George Hernandez,george.hernandez88@icloud.com,+1-900-846-1329,1166 Pine St,Columbia,SC,59318,United States,2023-04-05,Consumer
CUST-14085,Betty Hunter,betty.hunter861@hotmail.com,+1-272-873-1939,3562 Washington Ave,Scranton,PA,83975,United States,2023-09-17,Consumer
CUST-14086,Patricia Jimenez,patricia.jimenez736@hotmail.com,+1-240-272-2497,7572 Oak Ave,Baton Rouge,LA,30144,United States,2023-03-25,Corporate
CUST-14087,Philip Murphy,philip.murphy113@hotmail.com,+1-621-669-1935,9142 Park Blvd,Sacramento,CA,70280,United States,2023-09-12,Consumer
CUST-14088,Joan Parker,joan.parker468@proton.me,+1-824-373-9033,5171 Washington Ave,Scottsdale,AZ,28768,United States,2025-10-27,Small Business
CUST-14089,Robert Perry,robert.perry11@bizmail.io,+1-256-264-9415,3629 Maple Rd,Knoxville,TN,16755,United States,2023-12-07,Consumer
CUST-14090,  Heather Ross  ,heather.ross106@gmail.com,+1-739-546-4992,7534 Main St,Kansas City,MO,59535,United States,2026-01-05,Consumer
CUST-14091,Jennifer Sanchez,jennifer.sanchez145@yahoo.com,+1-373-919-7484,9268 Cedar Blvd,West Valley City,UT,28411,United States,2026-05-19,Corporate
CUST-14092,David Brooks,david.brooks954@yahoo.com,+1-979-759-2116,6306 Highland Dr,Oklahoma City,OK,25976,United States,2025-11-16,Consumer
CUST-14093,Jesse Lewis,jesse.lewis456@bizmail.io,+1-266-240-2800,4713 Highland Dr,Owensboro,KY,70712,United States,2026-05-21,Consumer
CUST-14094,Bradley Henderson,bradley.henderson163@outlook.com,+1-571-314-7244,4315 Maple Rd,Salem,OR,83222,United States,2025-02-16,Small Business
CUST-14095,Gregory Gibson,gregory.gibson159@yahoo.com,+1-264-696-1323,2654 Elm St,Jacksonville,FL,68466,United States,2024-04-01,Consumer
CUST-14096,Dylan Jimenez,dylan.jimenez733@hotmail.com,+1-956-360-2370,8591 Broadway,Newark,NJ,30584,United States,2024-08-22,Small Business
CUST-14097,Katherine Ortiz,katherine.ortiz980@proton.me,+1-832-536-1032,2895 Pine St,Rochester,NY,71158,United States,2023-06-22,Consumer
CUST-14098,Johnny Scott,johnny.scott193@icloud.com,+1-318-875-8584,5348 Pine St,Cleveland,OH,59125,United States,2024-01-25,Consumer
CUST-14099,Ashley Roberts,ashley.roberts420@yahoo.com,+1-906-411-3134,335 Cedar Blvd,San Francisco,CA,12180,United States,2025-07-21,Consumer
CUST-14100,Kelly Henderson,kelly.henderson915@outlook.com,+1-382-722-9014,9187 Main St,Greensboro,NC,77903,United States,2023-10-28,Consumer
CUST-14101,Jessica Lopez,jessica.lopez42@corporate.com,+1-627-600-8358,7259 Maple Rd,Kenosha,WI,,United States,2024-09-26,Consumer
CUST-14102,Kenneth Crawford,kenneth.crawford622@yahoo.com,+1-852-242-5210,8173 Oak Ave,Reno,NV,89946,United States,2023-12-24,Small Business
CUST-14103,Dylan Wood,dylan.wood524@hotmail.com,+1-950-511-7668,5738 Park Blvd,Eugene,OR,93617,United States,2024-12-21,Consumer
CUST-14104,Gary Silva,gary.silva270@outlook.com,+1-676-714-4471,2959 Sunset Way,Tampa,FL,35889,United States,2023-11-21,Small Business
CUST-14105,Sharon Nguyen,sharon.nguyen446@proton.me,+1-463-974-9753,4843 Maple Rd,Owensboro,KY,59495,United States,2025-06-10,Consumer
CUST-14106,Dylan Howard,dylan.howard653@hotmail.com,+1-863-260-4098,592 Lakeview Ave,North Charleston,SC,54926,United States,2024-01-05,Consumer
CUST-14107,Scott Reyes,scott.reyes310@proton.me,+1-406-767-3821,3623 Maple Rd,Mesa,AZ,83853,United States,2024-04-04,Small Business
CUST-14108,Christine Morales,christine.morales537@outlook.com,+1-335-992-9582,9908 Lakeview Ave,Richmond,VA,64687,United States,2025-03-10,Corporate
CUST-14109,Alexis Moreno,alexis.moreno162@gmail.com,+1-426-916-9964,111 Oak Ave,Ann Arbor,MI,93151,United States,2024-05-07,Consumer
CUST-14110,Lauren Shaw,lauren.shaw931@proton.me,+1-888-667-8894,231 Oak Ave,Fort Worth,TX,20222,United States,2024-03-10,Small Business
CUST-14111,Sandra Lee,sandra.lee661@corporate.com,+1-357-416-2132,5894 Cedar Blvd,Tuscaloosa,AL,24149,United States,2024-06-01,Consumer
CUST-14112,Charles Lewis,charles.lewis355@gmail.com,+1-790-994-2051,6266 Cedar Blvd,Columbia,MO,63085,United States,2024-05-28,Corporate
CUST-14113,Julia Sanders,julia.sanders781@outlook.com,+1-323-579-2054,730 Broadway,Richmond,VA,89364,United States,2026-04-15,Small Business
CUST-14114,Lisa Thomas,lisa.thomas311@icloud.com,+1-215-236-3279,7627 Park Blvd,Lakewood,CO,44708,United States,2026-03-30,Consumer
CUST-14115,Marilyn Long,marilyn.long159@bizmail.io,+1-858-622-4091,9170 Main St,Bellevue,WA,47892,United States,2024-07-13,Corporate
CUST-14116,Ruth Gomez,ruth.gomez437@icloud.com,+1-911-856-2645,1537 Pine St,Broken Arrow,OK,68361,United States,2025-06-28,Consumer
CUST-14117,Christina Gray,christina.gray895@bizmail.io,+1-280-482-2782,4460 Maple Rd,Edmond,OK,75921,United States,2025-02-17,Consumer
CUST-14118,Paul Webb,paul.webb830@hotmail.com,+1-948-590-2835,4708 Cedar Blvd,San Jose,CA,97852,United States,2025-03-05,Consumer
CUST-14119,Vincent Gibson,vincent.gibson735@outlook.com,+1-907-753-6127,5189 Main St,Chandler,AZ,49382,United States,2026-01-22,Consumer
CUST-14120,Joan Gutierrez,joan.gutierrez510@proton.me,+1-336-720-8935,2753 Broadway,Independence,MO,48380,United States,2025-01-12,Consumer
CUST-14121,Christina Washington,christina.washington192@outlook.com,+1-494-548-6649,4934 Main St,Sparks,NV,81198,United States,2023-04-19,Corporate
CUST-14122,Joshua Young,joshua.young661@corporate.com,+1-321-312-8753,7399 Sunset Way,Los Angeles,CA,49348,United States,2026-04-18,Consumer
CUST-14123,Rebecca Washington,rebecca.washington730@corporate.com,+1-593-331-8063,9841 Maple Rd,Montgomery,AL,67695,United States,2026-03-28,Corporate
CUST-14124,Teresa Gray,teresa.gray773@outlook.com,+1-870-554-6754,3300 Highland Dr,Salt Lake City,UT,14263,United States,2025-01-22,Consumer
CUST-14125,Julia Patel,julia.patel872@bizmail.io,+1-884-964-4574,1828 Maple Rd,Columbia,SC,69563,United States,2024-03-03,Corporate
CUST-14126,Raymond Murray,raymond.murray236@yahoo.com,+1-955-319-2024,7389 Elm St,Louisville,KY,26123,United States,2023-09-02,Consumer
CUST-14127,Timothy Sanders,timothy.sanders923@hotmail.com,+1-776-847-3889,2137 Elm St,Toledo,OH,28621,United States,2023-04-16,Consumer
CUST-14128,Emma Richardson,emma.richardson497@yahoo.com,+1-668-270-4784,5402 Broadway,Columbia,MO,81780,United States,2025-03-06,Corporate
CUST-14129,Roy Tran,roy.tran812@hotmail.com,+1-751-989-3852,5519 Washington Ave,Salt Lake City,UT,55850,United States,2025-12-11,Consumer
CUST-14130,Jason Olson,jason.olson699@icloud.com,+1-327-640-2350,2626 Main St,Bowling Green,KY,36097,United States,2024-01-13,Consumer
CUST-14131,Terry Butler,terry.butler310@outlook.com,+1-882-911-8735,7987 Elm St,Bloomington,MN,83184,United States,2023-06-04,Consumer
CUST-14132,Gabriel Vasquez,gabriel.vasquez460@proton.me,+1-236-593-7152,9812 Oak Ave,Albany,NY,87322,United States,2025-08-24,Consumer
CUST-14133,Brittany Owens,brittany.owens347@hotmail.com,+1-498-280-7887,4779 Highland Dr,North Las Vegas,NV,77893,United States,2024-08-27,Consumer
CUST-14134,Nancy Thompson,nancy.thompson329@gmail.com,+1-374-596-3050,1728 Sunset Way,Bellevue,WA,51643,United States,2024-08-14,Consumer
CUST-14135,Gabriel Williams,gabriel.williams183@icloud.com,+1-901-578-3005,9108 Elm St,Lafayette,LA,42744,United States,2025-01-14,Corporate
CUST-14136,Gabriel Thompson,gabriel.thompson105@icloud.com,+1-911-263-8212,4039 Highland Dr,Eugene,OR,62294,United States,2024-01-07,Consumer
CUST-14137,Judy Howard,judy.howard325@icloud.com,+1-230-204-8605,4888 Elm St,Warren,MI,45513,United States,2023-07-20,Corporate
CUST-14138,Kelly Cole,kelly.cole673@hotmail.com,+1-630-966-6674,1742 Sunset Way,Provo,UT,25873,United States,2023-10-14,Consumer
CUST-14139,Stephanie Hall,stephanie.hall211@gmail.com,+1-540-667-6786,7691 Lakeview Ave,Augusta,GA,66826,United States,2024-05-10,Consumer
CUST-14140,Joseph Patterson,joseph.patterson477@corporate.com,+1-637-636-1730,6433 Highland Dr,Allentown,PA,13044,United States,2026-02-01,Consumer
CUST-14141,Andrea Castillo,andrea.castillo440@corporate.com,+1-581-554-4427,2327 Washington Ave,Phoenix,AZ,16193,United States,2025-08-01,Corporate
CUST-14142,Helen Ramirez,helen.ramirez288@gmail.com,+1-890-970-5259,3302 Highland Dr,San Antonio,TX,98144,United States,2024-12-16,Consumer
CUST-14143,Rebecca Brooks,rebecca.brooks913@yahoo.com,+1-765-875-3545,226 Sunset Way,New York,NY,10700,United States,2024-03-28,Consumer
CUST-14144,Sharon Murray,sharon.murray737@outlook.com,+1-688-283-2557,8389 Highland Dr,St. Petersburg,FL,38249,United States,2023-04-28,Consumer
CUST-14145,Betty Olson,betty.olson108@corporate.com,+1-540-202-2594,8697 Oak Ave,Clarksville,TN,26852,United States,2023-06-02,Consumer
CUST-14146,Julie Williams,julie.williams451@bizmail.io,+1-900-527-3050,2166 Washington Ave,Indianapolis,IN,78147,United States,2025-11-02,Consumer
CUST-14147,Daniel Bennett,daniel.bennett240@outlook.com,+1-722-309-7614,7251 Elm St,Duluth,MN,90566,United States,2025-09-10,Corporate
CUST-14148,Judith Phillips,judith.phillips796@bizmail.io,+1-496-783-5030,1995 Cedar Blvd,Columbus,OH,90516,United States,2025-12-23,Consumer
CUST-14149,Louis Cole,louis.cole360@icloud.com,+1-703-633-7060,1125 Oak Ave,Lexington,KY,55171,United States,2024-01-09,Corporate
CUST-14150,Samuel Fisher,samuel.fisher402@icloud.com,+1-810-312-8467,2877 Park Blvd,Aurora,CO,24450,United States,2024-01-14,Consumer
CUST-14151,Gerald Roberts,gerald.roberts899@icloud.com,+1-494-324-4838,5568 Main St,Reading,PA,22189,United States,2024-02-05,Consumer
CUST-14152,Patricia Griffin,patricia.griffin994@bizmail.io,+1-533-656-5940,4945 Washington Ave,Gaithersburg,MD,93191,United States,2024-09-01,Consumer
CUST-14153,Nicholas Castro,nicholas.castro232@outlook.com,+1-308-976-3082,5505 Elm St,St. Petersburg,FL,74019,United States,2025-08-13,Consumer
CUST-14154,Walter Bailey,walter.bailey233@yahoo.com,+1-548-267-4407,5184 Broadway,STAMFORD,CT,17613,United States,2026-03-11,Consumer
CUST-14155,Adam Chavez,adam.chavez716@icloud.com,+1-758-702-5366,4903 Park Blvd,Racine,WI,66207,United States,2024-01-26,Corporate
CUST-14156,Brandon Thompson,brandon.thompson830@icloud.com,+1-469-289-1417,7045 Elm St,Jersey City,NJ,94044,United States,2025-06-27,Corporate
CUST-14157,Paul Olson,paul.olson441@outlook.com,+1-930-991-1698,6997 Park Blvd,Chandler,AZ,58062,United States,2023-12-01,Consumer
CUST-14158,Alice Reyes,alice.reyes508@bizmail.io,+1-462-518-2555,648 Lakeview Ave,Vancouver,WA,99142,United States,2025-03-19,Corporate
CUST-14159,Nicholas Phillips,nicholas.phillips542@outlook.com,+1-921-256-1200,3669 Broadway,Bridgeport,CT,24676,United States,2023-10-14,Small Business
CUST-14160,Doris Morales,doris.morales498@yahoo.com,,968 Cedar Blvd,Tuscaloosa,AL,34009,United States,2024-07-14,Consumer
CUST-14161,Heather Jenkins,heather.jenkins108@hotmail.com,+1-686-720-9326,8265 Lakeview Ave,Hartford,CT,57138,United States,2024-11-01,Small Business
CUST-14162,Noah Harrison,noah.harrison650@bizmail.io,+1-834-950-6824,7722 Lakeview Ave,Warren,MI,75610,United States,2023-07-18,Consumer
CUST-14163,Justin Guzman,justin.guzman436@yahoo.com,+1-862-826-1887,6253 Highland Dr,Lowell,MA,48496,United States,2025-12-05,Corporate
CUST-14164,Laura Shaw,laura.shaw31@icloud.com,+1-336-980-9080,8566 Washington Ave,Bowling Green,KY,22639,United States,2023-03-19,Consumer
CUST-14165,Carl Crawford,carl.crawford28@gmail.com,+1-434-391-7312,5522 Main St,Evansville,IN,29149,United States,2023-03-18,Consumer
CUST-14166,Samantha Scott,samantha.scott783@outlook.com,+1-240-951-8257,6768 Elm St,Miami,FL,45727,United States,2024-12-12,Corporate
CUST-14167,Laura Parker,laura.parker624@proton.me,+1-687-647-1869,4174 Lakeview Ave,Reading,PA,46992,United States,2024-07-10,Small Business
CUST-14168,Adam Jackson,adam.jackson706@outlook.com,+1-973-935-8829,980 Pine St,Springfield,MO,92917,United States,2026-03-30,Corporate
CUST-14169,Henry Marshall,henry.marshall721@bizmail.io,+1-621-702-7172,2595 Oak Ave,Seattle,WA,28805,United States,2023-12-04,Small Business
CUST-14170,Ronald Bennett,ronald.bennett778@yahoo.com,+1-487-938-4713,2074 Elm St,Aurora,CO,62956,United States,2024-09-24,Corporate
CUST-14171,Andrea Gordon,andrea.gordon852@proton.me,+1-450-267-3920,927 Main St,Rochester,MN,83200,United States,2025-05-05,Consumer
CUST-14172,David Richardson,david.richardson296@yahoo.com,+1-893-661-1524,3621 Washington Ave,New Orleans,LA,32986,United States,2026-02-23,Corporate
CUST-14173,Gary Cole,gary.cole316@outlook.com,+1-518-264-5789,7306 Oak Ave,Columbus,OH,36811,United States,2025-01-08,Corporate
CUST-14174,Evelyn Powell,evelyn.powell812@bizmail.io,+1-820-875-5822,2411 Broadway,Oklahoma City,OK,72957,United States,2025-07-03,Consumer
CUST-14175,Anthony Hayes,anthony.hayes795@outlook.com,+1-282-925-6581,1523 Park Blvd,Knoxville,TN,81038,United States,2025-08-26,Corporate
CUST-14176,Brittany Cole,brittany.cole240@outlook.com,+1-480-903-1989,4596 Highland Dr,Tucson,AZ,20509,United States,2023-03-26,Consumer
CUST-14177,Julie Snyder,julie.snyder411@outlook.com,+1-692-294-5527,5849 Park Blvd,Fort Worth,TX,61956,United States,2024-08-16,Consumer
CUST-14178,Wayne Ford,wayne.ford176@icloud.com,+1-652-723-7095,7449 Park Blvd,Lake Charles,LA,67131,United States,2023-12-26,Consumer
CUST-14179,Kyle Young,kyle.young594@icloud.com,+1-910-871-2415,8171 Washington Ave,Fort Worth,TX,87428,United States,2025-06-01,Corporate
CUST-14180,Logan Cole,logan.cole672@bizmail.io,+1-791-634-3634,4632 Pine St,San Francisco,CA,32447,United States,2026-05-08,Consumer
CUST-14181,Justin Gomez,justin.gomez630@bizmail.io,+1-712-852-1655,6982 Pine St,Charleston,SC,38759,United States,2026-05-31,Consumer
CUST-14182,Austin Ward,austin.ward565@hotmail.com,+1-815-866-9375,8071 Lakeview Ave,Duluth,MN,64343,United States,2025-12-03,Consumer
CUST-14183,Roy Rivera,roy.rivera154@outlook.com,+1-587-766-7597,8311 Park Blvd,Dayton,OH,86193,United States,2026-05-16,Consumer
CUST-14184,Walter Sanders,walter.sanders386@hotmail.com,+1-535-695-7332,5413 Cedar Blvd,Mobile,AL,79638,United States,2024-04-29,Consumer
CUST-14185,Isabella Butler,isabella.butler124@icloud.com,+1-332-353-3839,5769 Park Blvd,Columbus,OH,76226,United States,2024-10-19,Consumer
CUST-14186,Emily Adams,emily.adams718@proton.me,+1-948-978-1049,9471 Pine St,Tacoma,WA,41264,United States,2024-01-19,Corporate
CUST-14187,Natalie Mason,natalie.mason798@outlook.com,+1-875-634-7912,3005 Maple Rd,Atlanta,GA,47548,United States,2023-12-05,Corporate
CUST-14188,Douglas Barnes,douglas.barnes834@gmail.com,+1-692-271-1997,902 Maple Rd,Akron,OH,29951,United States,2026-05-27,Consumer
CUST-14189,Marie Murray,marie.murray480@icloud.com,+1-812-817-7375,7937 Highland Dr,Charlotte,NC,92439,United States,2024-01-05,Consumer
CUST-14190,Julia Edwards,julia.edwards751@icloud.com,+1-739-656-8038,9175 Sunset Way,Savannah,GA,35649,United States,2025-04-11,Consumer
CUST-14191,Aaron Aguilar,aaron.aguilar135@bizmail.io,+1-415-770-8105,8923 Oak Ave,Naperville,IL,77203,United States,2023-06-12,Small Business
CUST-14192,George Torres,george.torres837@icloud.com,+1-691-756-9036,3914 Lakeview Ave,Newark,NJ,74376,United States,2025-01-06,Consumer
CUST-14193,Lawrence Burns,lawrence.burns271@corporate.com,+1-231-882-4227,3517 Pine St,San Jose,CA,77687,United States,2023-06-26,Consumer
CUST-14194,Kayla Simpson,kayla.simpson484@outlook.com,+1-936-357-7690,7209 Maple Rd,Syracuse,NY,61722,United States,2024-06-12,Consumer
CUST-14195,Kelly Russell,kelly.russell883@corporate.com,+1-653-886-4750,9959 Park Blvd,Cambridge,MA,80555,United States,2023-12-12,Consumer
CUST-14196,Alice Lopez,alice.lopez281@corporate.com,+1-713-787-4730,3658 Main St,Lakewood,CO,67389,United States,2024-05-27,Consumer
CUST-14197,Anna Hernandez,anna.hernandez407@yahoo.com,+1-256-926-4856,4058 Maple Rd,Allentown,PA,28387,United States,2024-01-13,Consumer
CUST-14198,Walter Bryant,walter.bryant550@hotmail.com,+1-998-820-2819,8890 Washington Ave,Tacoma,WA,24244,United States,2025-05-12,Corporate
CUST-14199,Andrew Henry,andrew.henry977@proton.me,+1-683-386-5332,7753 Washington Ave,San Jose,CA,41223,United States,2024-09-22,Corporate
CUST-14200,Rachel Griffin,rachel.griffin726@proton.me,+1-235-211-8619,2391 Sunset Way,Owensboro,KY,96575,United States,2025-08-03,Small Business
CUST-14201,Ryan Ellis,ryan.ellis602@corporate.com,+1-644-903-3638,4486 Broadway,Indianapolis,IN,13541,United States,2024-06-04,Corporate
CUST-14202,Wayne Jones,wayne.jones39@hotmail.com,+1-715-973-8654,3761 Elm St,Dallas,TX,90785,United States,2024-07-31,Corporate
CUST-14203,Helen Edwards,helen.edwards400@hotmail.com,+1-833-778-7418,1743 Lakeview Ave,Reno,NV,40782,United States,2024-10-21,Consumer
CUST-14204,Arthur Burns,arthur.burns174@outlook.com,+1-914-639-6037,6307 Lakeview Ave,Worcester,MA,29595,United States,2023-12-03,Consumer
CUST-14205,Samuel Morris,samuel.morris161@bizmail.io,+1-211-339-8540,6052 Lakeview Ave,Las Vegas,NV,11373,United States,2025-01-31,Consumer
CUST-14206,Julie Olson,julie.olson259@gmail.com,+1-526-310-5131,5971 Cedar Blvd,Lafayette,LA,83793,United States,2023-10-11,Corporate
CUST-14207,Dylan Williams,dylan.williams922@yahoo.com,+1-358-979-1614,8258 Elm St,west jordan,UT,77596,United States,2025-10-04,Corporate
CUST-14208,Alexis Porter,alexis.porter552@proton.me,+1-782-424-3568,2453 Pine St,Reno,NV,57965,United States,2025-12-17,Consumer
CUST-14209,Victoria Gray,victoria.gray108@hotmail.com,+1-960-748-6064,4681 Oak Ave,Cleveland,OH,26668,United States,2025-05-22,Consumer
CUST-14210,Arthur Vargas,arthur.vargas421@icloud.com,+1-413-253-4907,9137 Oak Ave,Denver,CO,68618,United States,2024-04-26,Consumer
CUST-14211,Jesse Hernandez,jesse.hernandez699@corporate.com,+1-812-578-2067,313 Washington Ave,San Diego,CA,96415,United States,2023-09-18,Corporate
CUST-14212,Mark Dixon,mark.dixon882@bizmail.io,+1-498-242-9232,1952 Oak Ave,Lexington,KY,78012,United States,2026-01-21,Consumer
CUST-14213,Michael Long,michael.long80@hotmail.com,+1-521-335-9932,7322 Sunset Way,Hillsboro,OR,29040,United States,2025-02-16,Consumer
CUST-14214,Austin Jenkins,austin.jenkins17@outlook.com,+1-765-493-1924,6008 Maple Rd,Carmel,IN,40745,United States,2025-08-28,Consumer
CUST-14215,Samuel Foster,samuel.foster594@yahoo.com,+1-353-868-7691,974 Pine St,St. Louis,MO,24003,United States,2026-02-14,Corporate
CUST-14216,Louis Murray,louis.murray637@yahoo.com,+1-761-478-5462,353 Highland Dr,Mesa,AZ,44530,United States,2023-03-27,Corporate
CUST-14217,Joyce Price,joyce.price799@outlook.com,+1-711-856-1842,6207 Pine St,Boston,MA,91553,United States,2024-09-08,Consumer
CUST-14218,Walter Martinez,walter.martinez240@gmail.com,+1-944-248-7087,6530 Main St,Vancouver,WA,30077,United States,2024-07-12,Consumer
CUST-14219,Helen Gordon,helen.gordon20@yahoo.com,+1-341-998-4623,5580 Main St,Oklahoma City,OK,57279,United States,2024-03-21,Consumer
CUST-14220,Dennis Gonzales,dennis.gonzales367@gmail.com,+1-723-569-7104,7600 Washington Ave,Norman,OK,13813,United States,2026-02-07,Consumer
CUST-14221,Kathryn Diaz,kathryn.diaz108@hotmail.com,+1-699-472-4698,7663 Maple Rd,Frederick,MD,86498,United States,2023-09-29,Corporate
CUST-14222,David Carter,david.carter720@corporate.com,+1-218-806-3043,540 Maple Rd,Tulsa,OK,20832,United States,2024-08-03,Consumer
CUST-14223,Helen Bryant,helen.bryant267@icloud.com,+1-372-282-2650,1316 Broadway,Provo,UT,34548,United States,2026-01-06,Consumer
CUST-14224,Judy Coleman,judy.coleman206@yahoo.com,+1-424-455-1121,8902 Cedar Blvd,Macon,GA,68984,United States,2025-08-31,Consumer
CUST-14225,Dorothy Murphy,dorothy.murphy326@corporate.com,+1-422-400-3960,8537 Park Blvd,Kansas City,MO,37169,United States,2023-08-30,Consumer
CUST-14226,Carolyn Coleman,carolyn.coleman433@gmail.com,+1-965-874-6466,9173 Main St,Bellevue,WA,61470,United States,2024-08-14,Consumer
CUST-14227,Sean Vargas,sean.vargas128@proton.me,+1-680-581-1870,1616 Elm St,West Valley City,UT,81365,United States,2024-06-14,Consumer
CUST-14228,Wayne Bennett,wayne.bennett660@gmail.com,+1-692-664-5484,1846 Pine St,Kansas City,MO,83376,United States,2023-11-14,Corporate
CUST-14229,Sandra Ruiz,sandra.ruiz447@corporate.com,+1-294-810-6588,4237 Oak Ave,Reno,NV,,United States,2025-10-10,Consumer
CUST-14230,Jose Sanders,jose.sanders410@corporate.com,+1-749-766-6931,4859 Elm St,Salem,OR,61844,United States,2024-02-02,Consumer
CUST-14231,Albert Perry,albert.perry453@proton.me,+1-818-835-6770,9922 Main St,Chattanooga,TN,65778,United States,2025-03-07,Consumer
CUST-14232,Larry King,larry.king864@corporate.com,+1-385-388-7245,7129 Pine St,Waterbury,CT,23406,United States,2025-02-08,Consumer
CUST-14233,Judy Ramirez,judy.ramirez329@corporate.com,+1-364-761-9466,3928 Washington Ave,Fort Collins,CO,22673,United States,2023-06-18,Consumer
CUST-14234,Jessica Myers,jessica.myers379@yahoo.com,+1-845-404-2265,3327 Elm St,Columbus,OH,96279,United States,2025-04-03,Consumer
CUST-14235,Olivia Johnson,olivia.johnson496@icloud.com,+1-504-514-8475,9564 Cedar Blvd,Clarksville,TN,47949,United States,2025-06-30,Consumer
CUST-14236,Ryan Porter,ryan.porter634@corporate.com,+1-770-364-3787,5772 Sunset Way,Chattanooga,TN,19980,United States,2025-10-18,Consumer
CUST-14237,Hannah Cooper,hannah.cooper732@proton.me,+1-912-897-9119,5087 Main St,Orlando,FL,93176,United States,2025-04-23,Consumer
CUST-14238,Stephen Davis,stephen.davis165@corporate.com,+1-306-963-8980,5788 Washington Ave,Akron,OH,72478,United States,2023-11-19,Consumer
CUST-14239,Arthur Anderson,arthur.anderson768@hotmail.com,+1-468-352-6387,2136 Oak Ave,St. Petersburg,FL,41839,United States,2024-04-03,Consumer
CUST-14240,Eric Bennett,eric.bennett139@hotmail.com,+1-306-577-3119,8519 Washington Ave,Fort Worth,TX,96838,United States,2024-08-28,Consumer
CUST-14241,Mary Moore,mary.moore472@gmail.com,+1-865-883-7236,4227 Highland Dr,Oklahoma City,OK,97928,United States,2024-01-10,Small Business
CUST-14242,Katherine Diaz,katherine.diaz30@yahoo.com,+1-568-590-2566,4623 Washington Ave,Knoxville,TN,33490,United States,2025-01-14,Small Business
CUST-14243,Beverly Kim,beverly.kim202@bizmail.io,+1-635-730-5425,218 Lakeview Ave,Richmond,VA,39871,United States,2025-12-26,Consumer
CUST-14244,Charles Mendez,charles.mendez643@gmail.com,+1-698-313-7133,7995 Broadway,Indianapolis,IN,12044,United States,2023-08-29,Consumer
CUST-14245,Frank Clark,frank.clark296@proton.me,+1-534-744-4103,8990 Park Blvd,Rockville,MD,22928,United States,2024-08-31,Corporate
CUST-14246,Elizabeth Graham,elizabeth.graham753@yahoo.com,+1-729-250-9767,4314 Cedar Blvd,Kenosha,WI,65881,United States,2025-06-07,Corporate
CUST-14247,Sarah Ross,sarah.ross888@bizmail.io,+1-930-373-4201,480 Highland Dr,Ann Arbor,MI,28339,United States,2023-05-20,Consumer
CUST-14248,Robert Richardson,robert.richardson13@icloud.com,+1-222-878-1112,6287 Broadway,Greensboro,NC,54614,United States,2024-04-03,Consumer
CUST-14249,Diana Young,diana.young500@icloud.com,+1-416-254-1467,3005 Park Blvd,Indianapolis,IN,77272,United States,2026-02-23,Consumer
CUST-14250,Randy Scott,randy.scott810@bizmail.io,+1-427-636-6308,1070 Pine St,Pittsburgh,PA,37096,United States,2023-11-08,Corporate
CUST-14251,Willie Foster,willie.foster276@bizmail.io,+1-439-565-4454,5463 Maple Rd,Trenton,NJ,16301,United States,2026-03-01,Consumer
CUST-14252,Gabriel Sanders,gabriel.sanders998@proton.me,+1-414-776-8671,3210 Pine St,Frederick,MD,16871,United States,2024-12-15,Corporate
CUST-14253,Marilyn Ruiz,marilyn.ruiz70@corporate.com,+1-263-932-1417,9302 Highland Dr,Grand Rapids,MI,65156,United States,2023-12-24,Corporate
CUST-14254,Shirley Williams,shirley.williams725@icloud.com,+1-317-596-5767,1593 Oak Ave,Dallas,TX,95816,United States,2024-08-26,Consumer
CUST-14255,Theresa Phillips,theresa.phillips744@gmail.com,+1-856-979-3562,6009 Pine St,Richmond,VA,50694,United States,2023-12-24,Corporate
CUST-14256,David Hernandez,david.hernandez598@outlook.com,+1-371-393-9530,4355 Cedar Blvd,Rockford,IL,94663,United States,2024-02-06,Consumer
CUST-14257,Madison Carter,madison.carter955@hotmail.com,+1-576-775-3739,2649 Elm St,Lakewood,CO,51837,United States,2023-05-26,Consumer
CUST-14258,Jeremy Chavez,jeremy.chavez465@bizmail.io,+1-563-607-7000,5255 Oak Ave,Green Bay,WI,91614,United States,2025-06-05,Consumer
CUST-14259,Andrea Porter,andrea.porter202@corporate.com,+1-702-617-7937,5786 Park Blvd,Tucson,AZ,80263,United States,2024-07-18,Consumer
CUST-14260,James Lee,james.lee261@icloud.com,+1-859-978-9451,8177 Elm St,Springfield,IL,19356,United States,2025-06-22,Corporate
CUST-14261,Juan Ortiz,juan.ortiz764@icloud.com,+1-543-495-6432,7539 Pine St,Dallas,TX,47649,United States,2025-05-31,Consumer
CUST-14262,Billy Reyes,billy.reyes585@outlook.com,+1-570-354-7089,4791 Cedar Blvd,Waterbury,CT,36240,United States,2024-01-12,Consumer
CUST-14263,Debra Murphy,debra.murphy74@bizmail.io,,6322 Washington Ave,Philadelphia,PA,56133,United States,2024-07-05,Small Business
CUST-14264,Nathan Ford,nathan.ford491@yahoo.com,+1-566-687-6257,6902 Oak Ave,LEXINGTON,KY,43522,United States,2023-03-31,Consumer
CUST-14265,Elizabeth Diaz,elizabeth.diaz742@outlook.com,+1-414-796-6541,6053 Oak Ave,Pittsburgh,PA,23447,United States,2026-04-20,Consumer
CUST-14266,Adam Tucker,adam.tucker166@proton.me,+1-465-301-5288,2173 Maple Rd,Augusta,GA,35038,United States,2023-07-18,Consumer
CUST-14267,Paul Bell,paul.bell337@icloud.com,+1-686-308-6506,695 Pine St,Tampa,FL,44613,United States,2025-09-12,Consumer
CUST-14268,Tyler Cole,tyler.cole573@gmail.com,+1-984-280-3042,5882 Highland Dr,Broken Arrow,OK,74715,United States,2023-05-14,Consumer
CUST-14269,Jacqueline Kim,jacqueline.kim412@icloud.com,+1-545-563-5402,6891 Highland Dr,Cleveland,OH,99933,United States,2025-05-15,Consumer
CUST-14270,Marie Jimenez,marie.jimenez45@proton.me,+1-655-284-8454,4152 Maple Rd,Columbia,SC,21344,United States,2023-04-05,Consumer
CUST-14271,Patrick Ramos,patrick.ramos971@bizmail.io,+1-647-854-3648,6341 Main St,Jersey City,NJ,69515,United States,2024-07-03,Corporate
CUST-14272,Gregory Barnes,gregory.barnes248@gmail.com,+1-837-826-9750,7203 Sunset Way,Fresno,CA,86451,United States,2024-10-26,Consumer
CUST-14273,Diana Myers,diana.myers517@corporate.com,+1-783-785-4560,8695 Oak Ave,Clarksville,TN,67229,United States,2026-05-06,Small Business
CUST-14274,Ashley Gordon,ashley.gordon481@hotmail.com,+1-598-320-3839,3941 Broadway,Ann Arbor,MI,99389,United States,2023-03-25,Consumer
CUST-14275,John Martinez,john.martinez354@yahoo.com,+1-706-534-9514,6595 Cedar Blvd,Detroit,MI,57485,United States,2025-08-14,Corporate
CUST-14276,Rebecca Bennett,rebecca.bennett45@outlook.com,+1-716-993-7583,6791 Washington Ave,Cleveland,OH,72064,United States,2025-04-08,Consumer
CUST-14277,Gerald Patel,gerald.patel81@yahoo.com,+1-594-365-2098,1072 Lakeview Ave,Eugene,OR,37856,United States,2023-05-23,Consumer
CUST-14278,Charlotte Perez,charlotte.perez872@bizmail.io,+1-411-828-7595,6058 Broadway,Greenville,SC,43168,United States,2024-09-14,Corporate
CUST-14279,Christopher Jones,christopher.jones77@gmail.com,+1-409-896-1901,2457 Park Blvd,Richmond,VA,74916,United States,2024-07-04,Consumer
CUST-14280,Sean Mendez,sean.mendez402@bizmail.io,+1-822-393-6435,8642 Pine St,Rockville,MD,81828,United States,2023-05-10,Consumer
CUST-14281,Edward Sanchez,edward.sanchez181@yahoo.com,+1-372-553-9981,7198 Main St,Rockville,MD,53702,United States,2024-12-11,Consumer
CUST-14282,Bobby Johnson,bobby.johnson708@hotmail.com,+1-248-868-2891,5293 Oak Ave,St. Petersburg,FL,15833,United States,2023-07-18,Corporate
CUST-14283,Anthony Howard,anthony.howard367@gmail.com,+1-881-281-4967,4462 Park Blvd,Virginia Beach,VA,83184,United States,2026-05-27,Consumer
CUST-14284,Jean Perry,jean.perry83@outlook.com,+1-375-621-5967,7509 Maple Rd,Owensboro,KY,43378,United States,2025-03-09,Consumer
CUST-14285,Jeffrey Vargas,jeffrey.vargas624@corporate.com,+1-213-496-3072,4253 Main St,Warren,MI,37771,United States,2025-05-31,Consumer
CUST-14286,Larry Mendez,larry.mendez252@corporate.com,+1-740-866-6528,3143 Park Blvd,Naperville,IL,98171,United States,2024-11-11,Corporate
CUST-14287,Nathan Herrera,nathan.herrera571@yahoo.com,+1-369-356-6024,6394 Washington Ave,Sacramento,CA,22831,United States,2025-06-03,Consumer
CUST-14288,Kenneth Castro,kenneth.castro175@gmail.com,+1-822-980-8668,9716 Lakeview Ave,Kenosha,WI,10209,United States,2026-03-12,Consumer
CUST-14289,Amy Alvarez,amy.alvarez89@yahoo.com,+1-680-549-4493,3962 Oak Ave,Eugene,OR,91624,United States,2025-11-05,Consumer
CUST-14290,Rachel Evans,rachel.evans11@corporate.com,+1-252-515-4861,7762 Park Blvd,Clarksville,TN,72122,United States,2025-01-27,Small Business
CUST-14291,George Patel,george.patel151@gmail.com,,3875 Cedar Blvd,Boston,MA,74532,United States,2025-04-20,Consumer
CUST-14292,Melissa Gray,melissa.gray465@hotmail.com,+1-268-395-4864,1246 Oak Ave,Gaithersburg,MD,45600,United States,2024-04-08,Consumer
CUST-14293,Keith Collins,keith.collins154@corporate.com,+1-871-642-4235,1523 Elm St,Springfield,MO,30694,United States,2024-10-13,Consumer
CUST-14294,Janice Simpson,janice.simpson976@hotmail.com,+1-908-782-2925,4142 Oak Ave,Dayton,OH,95608,United States,2026-04-01,Consumer
CUST-14295,Debra Gomez,debra.gomez222@corporate.com,+1-513-628-4207,5485 Oak Ave,Chandler,AZ,21528,United States,2024-04-15,Corporate
CUST-14296,Carol Mitchell,carol.mitchell152@proton.me,+1-903-421-6059,8480 Broadway,Baton Rouge,LA,37858,United States,2023-07-12,Consumer
CUST-14297,Marie Tucker,marie.tucker226@hotmail.com,+1-810-616-6821,7278 Park Blvd,Lake Charles,LA,84465,United States,2023-11-28,Consumer
CUST-14298,Bruce Cruz,bruce.cruz632@bizmail.io,+1-200-899-7349,4920 Main St,Philadelphia,PA,97690,United States,2024-06-21,Small Business
CUST-14299,Andrew Gomez,andrew.gomez169@hotmail.com,+1-467-671-9241,3448 Main St,Paterson,NJ,15362,United States,2025-12-26,Corporate
CUST-14300,Christine Brown,christine.brown519@gmail.com,+1-394-866-5412,9457 Oak Ave,Spokane,WA,28578,United States,2025-10-24,Consumer
CUST-14301,Alan Ruiz,alan.ruiz416@icloud.com,+1-623-504-3738,7709 Maple Rd,Bellevue,WA,92383,United States,2025-09-17,Corporate
CUST-14302,Diane Gutierrez,diane.gutierrez406@bizmail.io,+1-628-721-8881,7202 Park Blvd,Reno,NV,36568,United States,2024-08-28,Consumer
CUST-14303,Abigail Mitchell,abigail.mitchell736@icloud.com,+1-204-291-4808,3477 Cedar Blvd,Racine,WI,63521,United States,2024-03-31,Consumer
CUST-14304,  Ann Harrison  ,ann.harrison11@outlook.com,+1-856-627-8929,2076 Highland Dr,Louisville,KY,69271,United States,2025-08-28,Consumer
CUST-14305,Bryan Reed,bryan.reed132@hotmail.com,+1-952-670-6811,7021 Oak Ave,Edmond,OK,56115,United States,2025-11-20,Small Business
CUST-14306,Rebecca Owens,rebecca.owens417@gmail.com,+1-628-727-4013,2683 Sunset Way,Rockville,MD,29691,United States,2024-10-29,Consumer
CUST-14307,Diane Jackson,diane.jackson589@corporate.com,+1-591-271-7039,2880 Highland Dr,New Orleans,LA,11412,United States,2024-09-10,Corporate
CUST-14308,Alexander Jordan,alexander.jordan526@proton.me,+1-244-633-1244,3233 Main St,Milwaukee,WI,81717,United States,2023-06-16,Corporate
CUST-14309,Jeffrey Kelly,jeffrey.kelly198@gmail.com,+1-340-680-4482,501 Broadway,Huntsville,AL,20269,United States,2023-09-16,Consumer
CUST-14310,Martha Gordon,martha.gordon729@yahoo.com,+1-910-903-3282,9808 Broadway,Lakewood,CO,53326,United States,2024-05-19,Consumer
CUST-14311,Kyle Flores,kyle.flores258@proton.me,+1-953-766-3459,3746 Cedar Blvd,Columbus,OH,36824,United States,2025-08-03,Consumer
CUST-14312,Catherine Moore,catherine.moore651@bizmail.io,+1-981-959-8693,4091 Sunset Way,Charleston,SC,41600,United States,2025-10-27,Corporate
CUST-14313,Kenneth Vasquez,kenneth.vasquez974@outlook.com,+1-451-600-1125,9133 Lakeview Ave,Cambridge,MA,67358,United States,2023-04-28,Consumer
CUST-14314,Alexis Foster,alexis.foster271@hotmail.com,+1-721-585-6551,7628 Pine St,Newark,NJ,49923,United States,2024-02-16,Consumer
CUST-14315,Michelle Garcia,michelle.garcia702@hotmail.com,+1-779-829-3021,9727 Sunset Way,Indianapolis,IN,50556,United States,2024-04-09,Corporate
CUST-14316,Brian Webb,brian.webb20@gmail.com,+1-730-478-4893,3679 Highland Dr,Houston,TX,37326,United States,2023-07-14,Consumer
CUST-14317,Nancy Henry,nancy.henry458@corporate.com,+1-455-399-1346,5631 Main St,Miami,FL,92965,United States,2023-05-02,Small Business
CUST-14318,Anna Wells,anna.wells254@outlook.com,+1-651-299-3721,9445 Sunset Way,Rochester,NY,47076,United States,2024-07-05,Corporate
CUST-14319,Andrew Aguilar,andrew.aguilar825@corporate.com,+1-288-890-7189,9797 Cedar Blvd,Reno,NV,24611,United States,2024-11-02,Small Business
CUST-14320,Amanda Cooper,amanda.cooper894@yahoo.com,+1-870-867-8009,3911 Maple Rd,Carmel,IN,53312,United States,2026-02-01,Consumer
CUST-14321,Judith Brown,judith.brown48@icloud.com,+1-687-620-3600,2970 Washington Ave,Knoxville,TN,20021,United States,2024-08-14,Corporate
CUST-14322,Jonathan Young,jonathan.young225@proton.me,+1-285-641-4838,5258 Park Blvd,Naperville,IL,80000,United States,2024-08-01,Consumer
CUST-14323,Donald Bell,donald.bell430@hotmail.com,+1-690-308-4114,2895 Broadway,BOWLING GREEN,KY,66849,United States,2024-10-29,Small Business
CUST-14324,Bradley Thomas,bradley.thomas113@proton.me,+1-733-990-6585,2078 Oak Ave,Hillsboro,OR,95050,United States,2025-06-01,Consumer
CUST-14325,Donald Wilson,donald.wilson144@icloud.com,+1-984-963-7073,4195 Elm St,Sterling Heights,MI,15982,United States,2025-11-20,Consumer
CUST-14326,Heather Ellis,heather.ellis109@hotmail.com,+1-249-750-2862,2403 Lakeview Ave,Carmel,IN,11932,United States,2025-07-02,Consumer
CUST-14327,Christopher Perry,christopher.perry60@outlook.com,+1-663-297-7505,9291 Highland Dr,Gresham,OR,61801,United States,2023-08-21,Consumer
CUST-14328,Albert Mcdonald,albert.mcdonald799@bizmail.io,+1-291-758-2256,3356 Sunset Way,Durham,NC,77185,United States,2023-04-19,Consumer
CUST-14329,Olivia Lopez,olivia.lopez847@hotmail.com,+1-685-438-1027,9189 Main St,Houston,TX,94987,United States,2024-06-18,Consumer
CUST-14330,Matthew Parker,matthew.parker868@outlook.com,+1-518-844-2513,5029 Lakeview Ave,Charleston,SC,49068,United States,2025-10-11,Consumer
CUST-14331,Pamela Richardson,pamela.richardson651@hotmail.com,+1-350-535-7761,3721 Pine St,Gaithersburg,MD,79799,United States,2024-04-10,Consumer
CUST-14332,Robert Garcia,robert.garcia548@icloud.com,+1-452-483-6893,218 Main St,Gaithersburg,MD,65023,United States,2025-11-25,Consumer
CUST-14333,Daniel Thompson,daniel.thompson36@bizmail.io,+1-994-598-7392,1255 Park Blvd,Denver,CO,38111,United States,2025-04-21,Consumer
CUST-14334,Betty Jimenez,betty.jimenez328@outlook.com,+1-856-231-9555,8107 Maple Rd,Springfield,MO,64232,United States,2024-02-28,Consumer
CUST-14335,Charles Tran,charles.tran412@outlook.com,+1-431-999-5600,4268 Pine St,Columbia,MO,85247,United States,2025-10-27,Consumer
CUST-14336,Andrew Richardson,andrew.richardson94@icloud.com,+1-999-784-7716,3311 Broadway,Lafayette,LA,32430,United States,2023-08-15,Small Business
CUST-14337,Sophia Chen,sophia.chen289@hotmail.com,+1-312-688-3581,3273 Oak Ave,Phoenix,AZ,,United States,2025-12-30,Corporate
CUST-14338,Douglas Anderson,douglas.anderson258@bizmail.io,+1-337-302-9938,6047 Sunset Way,Scottsdale,AZ,59269,United States,2024-03-23,Consumer
CUST-14339,Andrea Cook,andrea.cook50@proton.me,+1-910-667-2447,2703 Washington Ave,Bowling Green,KY,73101,United States,2026-02-16,Consumer
CUST-14340,Jerry Bailey,jerry.bailey414@corporate.com,+1-629-668-2558,5591 Park Blvd,Bloomington,MN,51356,United States,2025-11-06,Corporate
CUST-14341,Nancy Walker,nancy.walker117@gmail.com,+1-909-545-9625,9385 Cedar Blvd,Yonkers,NY,12352,United States,2025-08-17,Corporate
CUST-14342,Judith Mendez,judith.mendez380@proton.me,+1-340-553-8543,6998 Oak Ave,Owensboro,KY,33910,United States,2025-05-16,Consumer
CUST-14343,Jacob Carter,jacob.carter535@hotmail.com,+1-748-248-9449,6945 Oak Ave,Edmond,OK,92324,United States,2024-06-19,Consumer
CUST-14344,Amber Silva,amber.silva848@hotmail.com,+1-409-486-3376,2738 Highland Dr,Birmingham,AL,11316,United States,2023-07-09,Consumer
CUST-14345,Harold Marshall,harold.marshall717@gmail.com,+1-266-929-4939,3688 Highland Dr,Cleveland,OH,26236,United States,2024-04-26,Consumer
CUST-14346,John Washington,john.washington263@bizmail.io,+1-630-552-6067,9393 Broadway,Charlotte,NC,16217,United States,2026-05-03,Corporate
CUST-14347,Nicole Hernandez,nicole.hernandez161@proton.me,+1-660-761-9002,710 Broadway,Mesa,AZ,10053,United States,2024-07-06,Corporate
CUST-14348,Barbara Olson,barbara.olson708@bizmail.io,+1-953-816-1113,4543 Washington Ave,Milwaukee,WI,28745,United States,2024-08-04,Consumer
CUST-14349,Sarah Tucker,sarah.tucker440@hotmail.com,+1-743-972-9860,3175 Washington Ave,Fort Wayne,IN,78378,United States,2025-10-15,Consumer
CUST-14350,Adam Lee,adam.lee986@bizmail.io,+1-887-686-2089,7561 Lakeview Ave,Columbia,SC,60967,United States,2024-02-06,Consumer
CUST-14351,Virginia Wells,virginia.wells647@yahoo.com,+1-566-478-9851,7671 Sunset Way,West Valley City,UT,60427,United States,2024-09-26,Consumer
CUST-14352,Albert Ortiz,albert.ortiz345@outlook.com,+1-655-970-8738,680 Elm St,Columbia,SC,43793,United States,2025-11-15,Consumer
CUST-14353,Walter Gray,walter.gray176@hotmail.com,+1-502-747-2316,9004 Lakeview Ave,Rochester,NY,66355,United States,2024-07-08,Small Business
CUST-14354,Eugene Castro,eugene.castro538@proton.me,+1-225-303-4698,9504 Oak Ave,Bloomington,MN,67921,United States,2023-06-05,Small Business
CUST-14355,Kyle Thomas,kyle.thomas315@outlook.com,+1-222-303-4944,4629 Highland Dr,Provo,UT,20576,United States,2023-12-16,Corporate
CUST-14356,Emma Diaz,emma.diaz689@yahoo.com,+1-518-217-5799,6496 Maple Rd,New Haven,CT,81542,United States,2023-04-27,Consumer
CUST-14357,Beverly Gomez,beverly.gomez230@corporate.com,+1-879-366-8889,3823 Cedar Blvd,Gresham,OR,34243,United States,2024-05-29,Consumer
CUST-14358,John Morris,john.morris416@hotmail.com,+1-454-979-3926,1129 Lakeview Ave,PATERSON,NJ,50617,United States,2024-09-12,Small Business
CUST-14359,Samuel Ramos,samuel.ramos508@bizmail.io,,1037 Park Blvd,Columbia,MO,23333,United States,2024-03-30,Consumer
CUST-14360,Jordan Martin,jordan.martin416@bizmail.io,+1-629-269-8624,414 Highland Dr,Racine,WI,46559,United States,2023-03-19,Consumer
CUST-14361,Philip Hernandez,philip.hernandez756@outlook.com,+1-526-694-7518,2278 Oak Ave,North Charleston,SC,62948,United States,2025-03-16,Consumer
CUST-14362,Billy Tucker,billy.tucker364@bizmail.io,+1-976-804-6626,6221 Main St,rockford,IL,13387,United States,2026-03-24,Consumer
CUST-14363,Stephen Jackson,stephen.jackson253@gmail.com,+1-583-944-8353,2662 Park Blvd,Chandler,AZ,99118,United States,2024-06-25,Consumer
CUST-14364,Melissa Garcia,melissa.garcia563@outlook.com,+1-774-417-1358,5349 Cedar Blvd,Jacksonville,FL,51853,United States,2025-06-30,Consumer
CUST-14365,Ryan Snyder,ryan.snyder999@bizmail.io,+1-389-204-4547,2601 Lakeview Ave,Mount Pleasant,SC,13784,United States,2023-09-25,Consumer
CUST-14366,Deborah Torres,deborah.torres948@proton.me,+1-630-703-8796,4539 Washington Ave,Fort Collins,CO,73127,United States,2025-02-20,Consumer
CUST-14367,Timothy Mitchell,timothy.mitchell299@outlook.com,+1-628-865-9327,9116 Lakeview Ave,Tampa,FL,76237,United States,2024-11-10,Consumer
CUST-14368,Catherine Griffin,catherine.griffin356@bizmail.io,+1-762-580-7463,5003 Elm St,Mesa,AZ,79423,United States,2024-10-23,Consumer
CUST-14369,Amanda Peterson,amanda.peterson281@corporate.com,+1-751-897-3087,9266 Elm St,Lowell,MA,41729,United States,2025-08-23,Consumer
CUST-14370,George Aguilar,george.aguilar120@yahoo.com,+1-763-678-8873,8788 Washington Ave,New Haven,CT,52760,United States,2023-08-31,Consumer
CUST-14371,Sarah Peterson,sarah.peterson506@bizmail.io,+1-507-655-7677,3324 Highland Dr,Columbia,MO,97181,United States,2024-10-26,Consumer
CUST-14372,Robert Roberts,robert.roberts883@outlook.com,+1-709-698-7851,997 Washington Ave,Carmel,IN,67519,United States,2026-01-14,Consumer
CUST-14373,Hannah Ross,hannah.ross984@gmail.com,+1-538-902-1498,5415 Park Blvd,Rochester,MN,32900,United States,2023-12-16,Consumer
CUST-14374,Brian Torres,brian.torres800@corporate.com,+1-538-294-9704,6730 Elm St,Spokane,WA,44323,United States,2026-01-09,Corporate
CUST-14375,Nancy King,nancy.king889@icloud.com,+1-929-733-3053,8321 Broadway,Detroit,MI,98690,United States,2026-01-21,Corporate
CUST-14376,Gerald Gonzales,gerald.gonzales952@hotmail.com,+1-647-619-1869,1779 Park Blvd,Mesa,AZ,24161,United States,2023-07-24,Consumer
CUST-14377,Rachel Kennedy,rachel.kennedy47@yahoo.com,+1-904-542-7055,2802 Maple Rd,Kenosha,WI,70701,United States,2025-01-31,Consumer
CUST-14378,Paul Ortiz,paul.ortiz167@proton.me,+1-935-697-8411,3305 Elm St,Reno,NV,53889,United States,2024-04-01,Consumer
CUST-14379,Emily Johnson,emily.johnson94@icloud.com,+1-868-282-9199,922 Main St,Erie,PA,26297,United States,2025-05-28,Consumer
CUST-14380,Jean Medina,jean.medina270@bizmail.io,+1-902-522-6453,5996 Park Blvd,Albany,NY,79936,United States,2026-02-15,Consumer
CUST-14381,Beverly Mason,beverly.mason244@yahoo.com,+1-392-330-2086,9107 Broadway,Rockford,IL,33654,United States,2025-03-14,Consumer
CUST-14382,Diana Ortiz,diana.ortiz535@gmail.com,+1-736-478-7390,9937 Sunset Way,Columbus,GA,87020,United States,2023-07-07,Corporate
CUST-14383,Emily Vargas,emily.vargas289@proton.me,+1-637-345-8769,1853 Broadway,stamford,CT,76908,United States,2023-11-15,Consumer
CUST-14384,Scott Powell,scott.powell564@gmail.com,+1-816-262-7219,6641 Main St,Greensboro,NC,83919,United States,2023-06-21,Consumer
CUST-14385,Ronald Wilson,ronald.wilson425@proton.me,+1-714-744-9187,3007 Pine St,Joliet,IL,48143,United States,2024-01-29,Consumer
CUST-14386,Gary Perez,gary.perez296@outlook.com,+1-903-243-3830,7612 Pine St,Tuscaloosa,AL,99695,United States,2025-08-13,Consumer
CUST-14387,Barbara Freeman,barbara.freeman156@outlook.com,+1-238-386-2212,5690 Broadway,El Paso,TX,20483,United States,2023-07-10,Consumer
CUST-14388,Beverly Gibson,beverly.gibson531@hotmail.com,+1-232-532-5762,1872 Lakeview Ave,San Antonio,TX,60237,United States,2024-06-06,Consumer
CUST-14389,Ryan Cole,ryan.cole520@bizmail.io,+1-580-279-1883,857 Cedar Blvd,Sacramento,CA,69247,United States,2026-05-15,Consumer
CUST-14390,Nathan Miller,nathan.miller531@hotmail.com,+1-445-364-7982,7762 Pine St,Columbus,GA,70855,United States,2023-09-30,Corporate
CUST-14391,Helen Silva,helen.silva153@icloud.com,+1-437-757-6799,4319 Cedar Blvd,Houston,TX,37375,United States,2025-03-09,Consumer
CUST-14392,Evelyn Stewart,evelyn.stewart361@outlook.com,+1-279-835-7927,4648 Elm St,Montgomery,AL,81825,United States,2026-02-08,Consumer
CUST-14393,Frances Hill,frances.hill943@outlook.com,+1-896-881-2309,2545 Elm St,Raleigh,NC,22212,United States,2025-08-21,Small Business
CUST-14394,Keith Herrera,keith.herrera182@icloud.com,+1-221-688-9903,2057 Pine St,Dayton,OH,90838,United States,2023-07-02,Consumer
CUST-14395,Johnny James,johnny.james471@gmail.com,+1-668-710-4054,5017 Pine St,Fresno,CA,64075,United States,2023-10-17,Corporate
CUST-14396,Scott Reynolds,scott.reynolds81@yahoo.com,+1-436-312-7125,6902 Sunset Way,Lakewood,CO,67423,United States,2024-08-02,Corporate
CUST-14397,Alan Hernandez,alan.hernandez833@hotmail.com,+1-524-815-8032,3881 Highland Dr,Grand Rapids,MI,60751,United States,2025-09-06,Small Business
CUST-14398,Martha Kelly,martha.kelly836@gmail.com,+1-786-214-4151,5772 Sunset Way,Fort Wayne,IN,23047,United States,2024-05-01,Consumer
CUST-14399,Joan Wright,joan.wright721@bizmail.io,+1-558-235-4068,8142 Broadway,Dayton,OH,34568,United States,2024-04-17,Consumer
CUST-14400,Brandon Mitchell,brandon.mitchell250@bizmail.io,+1-366-728-9967,608 Park Blvd,Huntsville,AL,32674,United States,2025-10-17,Consumer
CUST-14401,Russell Shaw,russell.shaw397@proton.me,+1-792-927-1043,2016 Highland Dr,Gaithersburg,MD,15486,United States,2024-09-09,Corporate
CUST-14402,Jonathan Cruz,jonathan.cruz203@proton.me,+1-227-376-2198,1366 Oak Ave,Richmond,VA,28814,United States,2025-01-26,Corporate
CUST-14403,Walter Johnson,walter.johnson560@outlook.com,+1-383-330-1902,5980 Cedar Blvd,Las Vegas,NV,15254,United States,2026-03-02,Consumer
CUST-14404,  Carl Freeman  ,carl.freeman794@gmail.com,+1-741-784-9656,596 Pine St,Rockville,MD,60263,United States,2025-02-04,Consumer
CUST-14405,Zachary Robinson,zachary.robinson491@outlook.com,+1-469-676-6774,9361 Highland Dr,Oklahoma City,OK,47487,United States,2026-04-30,Corporate
CUST-14406,Jeremy Roberts,jeremy.roberts341@gmail.com,+1-953-612-9436,8797 Broadway,Yonkers,NY,64881,United States,2023-03-26,Corporate
CUST-14407,Marie Barnes,marie.barnes134@corporate.com,+1-220-444-6707,971 Maple Rd,Erie,PA,35802,United States,2026-03-13,Consumer
CUST-14408,Debra Brown,debra.brown769@bizmail.io,+1-262-907-6725,2631 Pine St,Salem,OR,26599,United States,2024-03-16,Small Business
CUST-14409,Joyce Crawford,joyce.crawford928@hotmail.com,+1-590-749-7810,6307 Park Blvd,Shreveport,LA,66527,United States,2024-12-21,Consumer
CUST-14410,Gabriel Rogers,gabriel.rogers179@hotmail.com,+1-208-217-1082,321 Lakeview Ave,Milwaukee,WI,46444,United States,2024-02-08,Consumer
CUST-14411,Olivia Ortiz,olivia.ortiz510@yahoo.com,+1-217-976-8777,4036 Sunset Way,Lowell,MA,45549,United States,2025-05-05,Corporate
CUST-14412,George Nguyen,george.nguyen238@bizmail.io,+1-637-999-3694,2414 Cedar Blvd,Edmond,OK,39231,United States,2024-08-04,Corporate
CUST-14413,Barbara Robinson,barbara.robinson515@corporate.com,+1-577-672-9831,7006 Washington Ave,Charlotte,NC,71697,United States,2024-06-29,Consumer
CUST-14414,Richard Martinez,richard.martinez98@yahoo.com,+1-742-590-3665,4493 Park Blvd,Stamford,CT,88440,United States,2026-04-23,Consumer
CUST-14415,Sharon Gordon,sharon.gordon690@yahoo.com,+1-492-257-3103,6567 Highland Dr,Reno,NV,76611,United States,2025-04-04,Consumer
CUST-14416,Laura Thompson,laura.thompson369@gmail.com,+1-864-219-9247,7979 Elm St,North Charleston,SC,93015,United States,2024-08-14,Consumer
CUST-14417,Gregory Sanchez,gregory.sanchez763@outlook.com,+1-397-702-1888,8906 Pine St,St. Petersburg,FL,39277,United States,2025-03-23,Consumer
CUST-14418,Julia Brooks,julia.brooks656@yahoo.com,+1-450-718-7010,4987 Oak Ave,Tallahassee,FL,35957,United States,2026-04-28,Consumer
CUST-14419,Madison Edwards,madison.edwards340@bizmail.io,+1-247-267-8699,7453 Cedar Blvd,North Las Vegas,NV,46677,United States,2025-07-06,Consumer
CUST-14420,Denise Martinez,denise.martinez207@corporate.com,+1-245-554-5825,9356 Park Blvd,Yonkers,NY,57363,United States,2026-01-15,Consumer
CUST-14421,Cynthia Lee,cynthia.lee178@bizmail.io,+1-679-521-7855,9895 Highland Dr,St. Louis,MO,60864,United States,2026-03-15,Corporate
CUST-14422,Victoria Garcia,victoria.garcia641@corporate.com,+1-210-825-6888,6395 Washington Ave,St. Petersburg,FL,66840,United States,2024-09-23,Corporate
CUST-14423,Russell Mcdonald,russell.mcdonald894@yahoo.com,+1-923-217-8877,5231 Sunset Way,Independence,MO,26995,United States,2025-05-14,Consumer
CUST-14424,Ann Stewart,ann.stewart238@icloud.com,+1-907-586-4247,1949 Pine St,Gaithersburg,MD,52175,United States,2026-04-16,Consumer
CUST-14425,Paul Herrera,paul.herrera712@corporate.com,+1-322-875-8780,5339 Broadway,Baltimore,MD,77634,United States,2024-02-16,Consumer
CUST-14426,Nicholas Brooks,nicholas.brooks968@hotmail.com,+1-883-900-3778,2926 Main St,Covington,KY,60075,United States,2024-11-15,Consumer
CUST-14427,Teresa Wells,teresa.wells802@icloud.com,+1-255-211-4246,5829 Sunset Way,Paterson,NJ,79298,United States,2025-07-22,Consumer
CUST-14428,Gloria Alexander,gloria.alexander772@hotmail.com,+1-831-299-1642,8405 Sunset Way,Spokane,WA,43287,United States,2024-05-07,Consumer
CUST-14429,Sean Owens,sean.owens863@outlook.com,+1-651-942-3680,7518 Park Blvd,Salt Lake City,UT,89688,United States,2025-01-25,Consumer
CUST-14430,Richard Bryant,richard.bryant971@yahoo.com,+1-595-878-8763,1509 Park Blvd,Rockford,IL,20354,United States,2025-05-12,Consumer
CUST-14431,Mary Edwards,mary.edwards997@bizmail.io,+1-424-647-2082,8260 Pine St,Buffalo,NY,16982,United States,2024-10-26,Consumer
CUST-14432,Eric Ramirez,eric.ramirez524@hotmail.com,,394 Main St,Lakewood,CO,18696,United States,2023-10-04,Consumer
CUST-14433,Lisa Collins,lisa.collins182@yahoo.com,+1-482-760-1301,4282 Main St,Albany,NY,93648,United States,2025-01-27,Consumer
CUST-14434,Amy Snyder,amy.snyder686@yahoo.com,+1-794-353-8636,8161 Maple Rd,Philadelphia,PA,56560,United States,2023-03-20,Consumer
CUST-14435,Zachary Butler,zachary.butler540@hotmail.com,+1-636-774-2616,6216 Lakeview Ave,Elizabeth,NJ,19895,United States,2024-10-17,Consumer
CUST-14436,Ronald Evans,ronald.evans788@bizmail.io,+1-516-699-1729,9775 Oak Ave,Reno,NV,91400,United States,2024-03-09,Consumer
CUST-14437,Wayne Walker,wayne.walker896@icloud.com,+1-428-734-3151,6258 Elm St,Greenville,SC,11957,United States,2025-05-17,Consumer
CUST-14438,Gerald Silva,gerald.silva396@corporate.com,+1-621-899-2936,6408 Lakeview Ave,Kansas City,MO,27775,United States,2024-04-16,Corporate
CUST-14439,Kenneth Alexander,kenneth.alexander868@corporate.com,+1-912-585-6817,7570 Pine St,Minneapolis,MN,98482,United States,2023-11-16,Small Business
CUST-14440,Janet Tucker,janet.tucker940@bizmail.io,+1-702-644-8903,3605 Lakeview Ave,Springfield,MA,88703,United States,2023-11-22,Consumer
CUST-14441,Cheryl Jones,cheryl.jones44@corporate.com,+1-737-336-4148,4166 Park Blvd,Hartford,CT,51694,United States,2026-03-12,Consumer
CUST-14442,Austin Morris,austin.morris958@outlook.com,+1-644-710-9193,6724 Elm St,Springfield,MA,22233,United States,2024-11-06,Consumer
CUST-14443,Judy Owens,judy.owens771@proton.me,+1-359-283-8535,3542 Maple Rd,Durham,NC,10395,United States,2024-05-08,Consumer
CUST-14444,Julia Bennett,julia.bennett583@outlook.com,+1-843-720-9606,346 Maple Rd,Owensboro,KY,99186,United States,2023-07-14,Small Business
CUST-14445,Kenneth Freeman,kenneth.freeman643@icloud.com,+1-256-724-9562,8906 Cedar Blvd,Elizabeth,NJ,62212,United States,2024-06-21,Consumer
CUST-14446,Douglas Guzman,douglas.guzman437@outlook.com,+1-392-901-2361,5765 Lakeview Ave,Hillsboro,OR,11330,United States,2026-01-11,Consumer
CUST-14447,Pamela Hunter,pamela.hunter924@bizmail.io,+1-203-853-9944,4773 Sunset Way,Gaithersburg,MD,50669,United States,2025-12-21,Corporate
CUST-14448,Mark Vasquez,mark.vasquez656@proton.me,+1-799-586-4925,4295 Cedar Blvd,Ann Arbor,MI,79262,United States,2025-07-11,Consumer
CUST-14449,Diana Gonzalez,diana.gonzalez656@corporate.com,+1-666-382-5358,277 Sunset Way,Jacksonville,FL,28517,United States,2025-01-03,Consumer
CUST-14450,Logan Hayes,logan.hayes156@yahoo.com,+1-581-607-7944,7453 Main St,El Paso,TX,42321,United States,2026-02-04,Consumer
CUST-14451,Karen Ellis,karen.ellis17@hotmail.com,+1-541-932-3600,838 Park Blvd,Jacksonville,FL,24575,United States,2023-10-22,Corporate
CUST-14452,Alice Harrison,alice.harrison258@yahoo.com,+1-768-796-7514,630 Elm St,Aurora,IL,20324,United States,2026-04-16,Consumer
CUST-14453,Jerry Ramirez,jerry.ramirez102@bizmail.io,+1-923-462-2441,4668 Washington Ave,Memphis,TN,48713,United States,2025-11-28,Corporate
CUST-14454,Scott Wood,scott.wood890@icloud.com,+1-548-572-2228,6899 Pine St,Lexington,KY,42417,United States,2025-12-07,Corporate
CUST-14455,Grace Bell,grace.bell401@icloud.com,,5141 Sunset Way,Columbus,OH,35742,United States,2024-02-20,Consumer
CUST-14456,Zachary Ramos,zachary.ramos930@proton.me,+1-867-201-2053,9384 Oak Ave,Cincinnati,OH,33508,United States,2024-12-11,Consumer
CUST-14457,Eric Hamilton,eric.hamilton455@corporate.com,+1-840-998-8862,8053 Sunset Way,Owensboro,KY,95365,United States,2026-04-21,Consumer
CUST-14458,Rebecca Ortiz,rebecca.ortiz290@hotmail.com,+1-760-643-5500,9667 Oak Ave,Warren,MI,29621,United States,2026-01-19,Consumer
CUST-14459,Frank Miller,frank.miller211@proton.me,+1-952-975-2243,8631 Pine St,Fresno,CA,44797,United States,2023-03-20,Consumer
CUST-14460,Rebecca Guzman,rebecca.guzman759@corporate.com,+1-572-300-4349,2472 Park Blvd,Green Bay,WI,,United States,2025-07-21,Consumer
CUST-14461,Jordan Munoz,jordan.munoz794@hotmail.com,+1-970-441-9461,4446 Park Blvd,Tulsa,OK,66264,United States,2025-10-31,Corporate
CUST-14462,Ann Sanchez,ann.sanchez59@yahoo.com,+1-592-416-4917,9382 Broadway,Denver,CO,57496,United States,2025-07-11,Corporate
CUST-14463,Gary Powell,gary.powell147@corporate.com,+1-569-701-2961,1920 Lakeview Ave,Trenton,NJ,38839,United States,2025-09-13,Corporate
CUST-14464,Sophia Ramos,sophia.ramos12@gmail.com,+1-637-377-4915,8816 Oak Ave,Rockford,IL,37775,United States,2025-10-22,Consumer
CUST-14465,Grace Hunter,grace.hunter434@bizmail.io,+1-784-291-9086,7475 Washington Ave,Greensboro,NC,25196,United States,2025-06-17,Consumer
CUST-14466,Victoria Williams,victoria.williams493@outlook.com,+1-827-352-4885,3842 Lakeview Ave,Milwaukee,WI,22437,United States,2023-08-29,Consumer
CUST-14467,Brittany Turner,brittany.turner263@proton.me,+1-642-371-9903,7643 Lakeview Ave,Columbus,OH,58934,United States,2024-05-21,Consumer
CUST-14468,Patrick Silva,patrick.silva598@hotmail.com,+1-306-472-8312,8233 Oak Ave,Shreveport,LA,13675,United States,2026-04-16,Corporate
CUST-14469,Kevin Ford,kevin.ford676@outlook.com,+1-497-492-7326,9068 Maple Rd,Philadelphia,PA,80275,United States,2023-05-25,Corporate
CUST-14470,Deborah Long,deborah.long227@corporate.com,+1-857-491-8195,3879 Maple Rd,Kenosha,WI,10512,United States,2025-09-07,Small Business
CUST-14471,Emily Scott,emily.scott473@icloud.com,+1-602-724-2287,2697 Elm St,Erie,PA,36208,United States,2024-12-31,Consumer
CUST-14472,Paul Aguilar,paul.aguilar498@proton.me,+1-825-207-5546,4329 Park Blvd,Sparks,NV,46715,United States,2023-09-11,Consumer
CUST-14473,Henry Richardson,henry.richardson13@proton.me,+1-669-800-5907,650 Washington Ave,Greensboro,NC,20218,United States,2025-03-18,Consumer
CUST-14474,Rachel Parker,rachel.parker141@hotmail.com,+1-506-475-9808,3900 Pine St,Frederick,MD,92845,United States,2025-06-04,Corporate
CUST-14475,Jesse Patel,jesse.patel677@bizmail.io,+1-694-525-5322,8195 Maple Rd,Salt Lake City,UT,82106,United States,2024-08-16,Corporate
CUST-14476,Louis Chavez,louis.chavez192@proton.me,+1-930-200-2696,7125 Maple Rd,San Jose,CA,65511,United States,2023-11-21,Consumer
CUST-14477,Gabriel Romero,gabriel.romero896@hotmail.com,+1-761-687-3703,4716 Sunset Way,Tampa,FL,90298,United States,2023-12-05,Consumer
CUST-14478,Joyce Robinson,joyce.robinson704@icloud.com,+1-205-530-7962,9103 Maple Rd,Reading,PA,99764,United States,2024-06-17,Corporate
CUST-14479,Ann Gonzalez,ann.gonzalez666@gmail.com,+1-808-713-9428,3089 Maple Rd,Philadelphia,PA,72119,United States,2023-07-25,Small Business
CUST-14480,Kimberly Alvarez,kimberly.alvarez672@hotmail.com,+1-985-347-4203,5760 Broadway,Denver,CO,10512,United States,2025-06-03,Consumer
CUST-14481,Jason Gonzalez,jason.gonzalez611@gmail.com,+1-371-522-2423,472 Main St,Clarksville,TN,27131,United States,2025-07-14,Corporate
CUST-14482,Carol Wallace,carol.wallace867@bizmail.io,+1-785-784-9396,8708 Cedar Blvd,West Valley City,UT,57332,United States,2023-04-08,Consumer
CUST-14483,Natalie Cook,natalie.cook247@outlook.com,+1-374-506-1805,9126 Main St,Erie,PA,14449,United States,2025-03-24,Corporate
CUST-14484,Bruce Rodriguez,bruce.rodriguez116@bizmail.io,+1-308-555-1806,6322 Sunset Way,Macon,GA,80012,United States,2026-05-06,Consumer
CUST-14485,Patricia Gibson,patricia.gibson388@outlook.com,+1-890-251-9869,5450 Oak Ave,Waterbury,CT,86746,United States,2023-07-22,Small Business
CUST-14486,Melissa Scott,melissa.scott32@bizmail.io,+1-906-496-5598,1895 Oak Ave,Chandler,AZ,15955,United States,2023-07-22,Corporate
CUST-14487,Sara Thomas,sara.thomas747@bizmail.io,+1-454-682-3061,5734 Highland Dr,Tacoma,WA,75643,United States,2025-02-05,Consumer
CUST-14488,Jennifer Ramirez,jennifer.ramirez446@hotmail.com,+1-733-906-4338,4508 Cedar Blvd,Trenton,NJ,85472,United States,2025-08-06,Consumer
CUST-14489,Beverly Simmons,beverly.simmons512@yahoo.com,+1-543-519-4016,9389 Lakeview Ave,West Jordan,UT,92406,United States,2023-05-20,Corporate
CUST-14490,Jordan Tucker,jordan.tucker816@hotmail.com,+1-649-887-9137,945 Main St,Owensboro,KY,20711,United States,2024-08-06,Consumer
CUST-14491,Nancy Snyder,nancy.snyder234@corporate.com,+1-428-557-3433,1974 Broadway,Columbus,GA,34727,United States,2026-02-24,Small Business
CUST-14492,Jonathan Williams,jonathan.williams338@corporate.com,+1-630-453-2805,4557 Broadway,New Orleans,LA,58870,United States,2024-07-07,Consumer
CUST-14493,Dennis Lewis,dennis.lewis888@yahoo.com,+1-315-913-9551,8295 Highland Dr,Paterson,NJ,29107,United States,2026-01-20,Corporate
CUST-14494,Dylan Robinson,dylan.robinson697@proton.me,+1-320-687-4363,3913 Washington Ave,Mobile,AL,52630,United States,2025-08-02,Consumer
CUST-14495,Terry Walker,terry.walker817@bizmail.io,+1-470-223-1010,1621 Highland Dr,Atlanta,GA,38574,United States,2024-11-07,Consumer
CUST-14496,Betty Johnson,betty.johnson195@hotmail.com,+1-477-440-3603,6398 Elm St,Savannah,GA,31577,United States,2024-02-12,Corporate
CUST-14497,Teresa Watson,teresa.watson650@yahoo.com,+1-857-793-8980,8301 Broadway,Duluth,MN,89672,United States,2025-12-18,Consumer
CUST-14498,Thomas Jordan,thomas.jordan420@gmail.com,+1-856-418-5419,6115 Highland Dr,Chesapeake,VA,41252,United States,2025-10-13,Corporate
CUST-14499,Dylan Evans,dylan.evans60@gmail.com,+1-822-271-1548,194 Washington Ave,Ann Arbor,MI,45755,United States,2026-04-03,Consumer
CUST-14500,Carl White,carl.white966@icloud.com,+1-287-607-8710,9751 Maple Rd,Columbia,SC,34668,United States,2023-05-30,Consumer
CUST-14501,Robert Stewart,robert.stewart354@gmail.com,+1-871-640-5556,437 Sunset Way,Springfield,MA,10381,United States,2026-02-22,Consumer
CUST-14502,Mark Anderson,mark.anderson388@yahoo.com,+1-218-533-3657,517 Sunset Way,Lowell,MA,59262,United States,2025-10-29,Consumer
CUST-14503,Megan Howard,megan.howard210@icloud.com,+1-287-737-6969,7220 Washington Ave,Chesapeake,VA,79859,United States,2024-11-21,Corporate
CUST-14504,Austin Morales,austin.morales118@outlook.com,,9083 Sunset Way,West Jordan,UT,76852,United States,2024-12-24,Corporate
CUST-14505,Billy Mendez,billy.mendez697@icloud.com,+1-380-260-2325,9901 Park Blvd,Broken Arrow,OK,92205,United States,2023-04-15,Consumer
CUST-14506,Jennifer Cole,jennifer.cole141@icloud.com,+1-935-376-6358,5595 Sunset Way,Jacksonville,FL,65551,United States,2023-06-21,Consumer
CUST-14507,Natalie Hunter,natalie.hunter484@corporate.com,+1-300-571-2562,9037 Main St,Scranton,PA,67655,United States,2025-10-05,Consumer
CUST-14508,Jonathan Richardson,jonathan.richardson455@gmail.com,+1-262-460-3276,5755 Highland Dr,Durham,NC,71380,United States,2025-09-14,Consumer
CUST-14509,Megan White,megan.white905@proton.me,+1-758-508-8216,9409 Broadway,Paterson,NJ,49093,United States,2025-05-20,Small Business
CUST-14510,Dylan Powell,dylan.powell28@yahoo.com,+1-875-920-5335,559 Lakeview Ave,Winston-Salem,NC,90645,United States,2026-01-21,Corporate
CUST-14511,Christine Cox,christine.cox184@proton.me,+1-348-312-7897,5823 Cedar Blvd,Ann Arbor,MI,65414,United States,2024-09-23,Consumer
CUST-14512,Peter Parker,peter.parker770@corporate.com,,4306 Broadway,Cambridge,MA,61167,United States,2026-02-22,Consumer
CUST-14513,Kathleen Clark,kathleen.clark515@gmail.com,+1-614-555-2076,1778 Maple Rd,Clarksville,TN,87820,United States,2024-08-13,Consumer
CUST-14514,Joan Vasquez,joan.vasquez345@gmail.com,+1-891-838-7906,8481 Main St,Macon,GA,39325,United States,2023-04-30,Corporate
CUST-14515,Donna Alexander,donna.alexander185@icloud.com,,5967 Maple Rd,Lafayette,LA,64411,United States,2025-09-28,Small Business
CUST-14516,Kyle Mendez,kyle.mendez353@yahoo.com,+1-408-330-8120,1715 Cedar Blvd,Erie,PA,54998,United States,2023-11-27,Consumer
CUST-14517,Paul Jordan,paul.jordan141@icloud.com,+1-407-861-3172,1041 Main St,El Paso,TX,82199,United States,2026-05-20,Consumer
CUST-14518,Beverly Edwards,beverly.edwards761@hotmail.com,+1-217-999-8424,1638 Sunset Way,Durham,NC,71740,United States,2026-03-04,Small Business
CUST-14519,Janet Cruz,janet.cruz423@hotmail.com,+1-913-719-4603,5404 Washington Ave,Miami,FL,54580,United States,2025-02-09,Consumer
CUST-14520,Natalie Mcdonald,natalie.mcdonald119@hotmail.com,+1-755-442-4895,6304 Pine St,Jersey City,NJ,99972,United States,2023-10-31,Consumer
CUST-14521,Joshua Freeman,joshua.freeman488@yahoo.com,+1-587-593-4180,3528 Lakeview Ave,Greensboro,NC,78277,United States,2024-02-02,Consumer
CUST-14522,Dorothy Harris,dorothy.harris57@bizmail.io,+1-203-297-9386,2654 Oak Ave,Lake Charles,LA,77305,United States,2023-12-25,Corporate
CUST-14523,Christine Gray,christine.gray980@proton.me,+1-302-382-2701,9024 Sunset Way,Charlotte,NC,27543,United States,2023-09-02,Consumer
CUST-14524,Deborah Howard,deborah.howard598@yahoo.com,+1-807-511-5360,5701 Broadway,Oklahoma City,OK,71493,United States,2026-04-30,Consumer
CUST-14525,Victoria Jimenez,victoria.jimenez430@bizmail.io,+1-305-304-8954,2112 Lakeview Ave,Naperville,IL,36428,United States,2024-04-20,Consumer
CUST-14526,Carolyn Wallace,carolyn.wallace358@corporate.com,+1-552-833-3829,3510 Main St,Tallahassee,FL,68243,United States,2024-11-28,Consumer
CUST-14527,Justin Rivera,justin.rivera422@corporate.com,+1-518-433-4558,3255 Lakeview Ave,Macon,GA,22001,United States,2025-09-09,Corporate
CUST-14528,Catherine Perez,catherine.perez77@yahoo.com,+1-524-336-3649,7340 Main St,Colorado Springs,CO,18577,United States,2023-11-19,Corporate
CUST-14529,Juan Henry,juan.henry841@bizmail.io,+1-639-845-5205,2159 Main St,Huntsville,AL,65269,United States,2025-03-23,Consumer
CUST-14530,Sandra White,sandra.white51@yahoo.com,+1-241-827-2879,605 Broadway,West Valley City,UT,19851,United States,2023-08-14,Corporate
CUST-14531,Richard James,richard.james609@proton.me,,6661 Lakeview Ave,Denver,CO,50807,United States,2025-05-16,Consumer
CUST-14532,Terry Tucker,terry.tucker658@outlook.com,+1-338-670-9672,3869 Highland Dr,Toledo,OH,99868,United States,2024-05-28,Small Business
CUST-14533,John Nelson,john.nelson324@hotmail.com,+1-741-756-9919,464 Park Blvd,Lexington,KY,33774,United States,2024-07-03,Corporate
CUST-14534,Diana Fisher,diana.fisher332@hotmail.com,+1-418-785-6775,9866 Maple Rd,Cambridge,MA,62285,United States,2024-05-31,Consumer
CUST-14535,Henry Stewart,henry.stewart360@icloud.com,+1-465-664-5286,9634 Lakeview Ave,Scranton,PA,48724,United States,2026-01-02,Consumer
CUST-14536,Thomas Martin,thomas.martin281@bizmail.io,+1-757-897-2974,9242 Maple Rd,Albany,NY,76752,United States,2024-02-20,Consumer
CUST-14537,Randy Morgan,randy.morgan295@bizmail.io,+1-883-509-9779,5076 Sunset Way,Lakewood,CO,47955,United States,2024-11-22,Consumer
CUST-14538,Kayla Porter,kayla.porter726@hotmail.com,+1-381-320-7028,7693 Maple Rd,Warren,MI,20535,United States,2024-09-03,Consumer
CUST-14539,Shirley King,shirley.king75@icloud.com,+1-407-793-2397,4520 Cedar Blvd,Charleston,SC,72868,United States,2024-04-14,Small Business
CUST-14540,Diane Reed,diane.reed760@proton.me,+1-530-470-7011,2513 Elm St,Orlando,FL,37729,United States,2024-03-10,Corporate
CUST-14541,Rebecca Simmons,rebecca.simmons823@bizmail.io,+1-651-853-4567,1087 Highland Dr,Portland,OR,64166,United States,2025-06-12,Small Business
CUST-14542,Michael Morris,michael.morris414@outlook.com,+1-252-931-8845,5730 Cedar Blvd,Durham,NC,83309,United States,2025-03-20,Consumer
CUST-14543,Daniel Shaw,daniel.shaw967@yahoo.com,+1-722-938-4453,5350 Main St,St. Louis,MO,77763,United States,2025-05-07,Consumer
CUST-14544,Nicole Ford,nicole.ford47@corporate.com,+1-721-321-6664,1638 Broadway,Newark,NJ,57611,United States,2024-08-10,Consumer
CUST-14545,Christina Herrera,christina.herrera83@bizmail.io,+1-923-971-7433,2755 Broadway,Vancouver,WA,31107,United States,2024-07-17,Consumer
CUST-14546,Emma Collins,emma.collins285@proton.me,+1-619-559-2364,4499 Highland Dr,Portland,OR,49979,United States,2023-07-31,Consumer
CUST-14547,Willie Rodriguez,willie.rodriguez777@icloud.com,+1-449-757-5286,5366 Elm St,Warren,MI,60453,United States,2026-01-09,Consumer
CUST-14548,Daniel Allen,daniel.allen713@hotmail.com,+1-773-302-4350,1392 Maple Rd,Chicago,IL,90880,United States,2025-08-13,Small Business
CUST-14549,Alice Morales,alice.morales642@icloud.com,+1-224-779-3490,3136 Maple Rd,Independence,MO,78209,United States,2026-02-06,Corporate
CUST-14550,Emma Moore,emma.moore459@gmail.com,+1-896-613-9691,3398 Lakeview Ave,Chandler,AZ,87610,United States,2023-08-12,Consumer
CUST-14551,Dennis Sullivan,dennis.sullivan962@gmail.com,+1-882-207-8878,8091 Cedar Blvd,Detroit,MI,99611,United States,2023-11-25,Consumer
CUST-14552,Lawrence Sullivan,lawrence.sullivan615@gmail.com,+1-948-318-3312,1586 Cedar Blvd,Newport News,VA,55880,United States,2025-05-17,Consumer
CUST-14553,Susan Walker,susan.walker711@icloud.com,+1-642-946-5234,6470 Washington Ave,Jersey City,NJ,43093,United States,2025-07-04,Consumer
CUST-14554,Joyce Griffin,joyce.griffin307@gmail.com,+1-415-844-2414,4488 Sunset Way,West Jordan,UT,49117,United States,2024-07-28,Consumer
CUST-14555,Jordan Gutierrez,jordan.gutierrez29@proton.me,+1-583-527-4720,2766 Oak Ave,North Las Vegas,NV,33664,United States,2024-07-24,Consumer
CUST-14556,Russell Dixon,russell.dixon334@gmail.com,+1-357-596-5671,6119 Main St,Eugene,OR,56110,United States,2023-04-28,Consumer
CUST-14557,Rebecca Powell,rebecca.powell583@hotmail.com,+1-792-790-4265,9602 Maple Rd,Worcester,MA,29502,United States,2026-02-10,Corporate
CUST-14558,Albert Woods,albert.woods602@gmail.com,+1-300-231-7552,5679 Lakeview Ave,Hartford,CT,76248,United States,2024-02-19,Consumer
CUST-14559,Emma Gomez,emma.gomez226@corporate.com,,7180 Cedar Blvd,Jersey City,NJ,96539,United States,2026-03-27,Consumer
CUST-14560,Julia Adams,julia.adams927@gmail.com,+1-246-874-6726,967 Maple Rd,Provo,UT,28258,United States,2023-08-18,Consumer
CUST-14561,Mary Simmons,mary.simmons941@bizmail.io,+1-685-951-9398,1465 Main St,Madison,WI,88918,United States,2023-03-21,Small Business
CUST-14562,Sara Sanchez,sara.sanchez768@proton.me,+1-471-374-5848,9211 Park Blvd,Lake Charles,LA,13241,United States,2024-06-18,Consumer
CUST-14563,Brandon Clark,brandon.clark16@bizmail.io,+1-699-790-6722,1370 Elm St,Nashville,TN,44115,United States,2024-09-09,Consumer
CUST-14564,Jesse Adams,jesse.adams214@bizmail.io,+1-847-986-1554,1133 Washington Ave,Baltimore,MD,94646,United States,2025-08-30,Consumer
CUST-14565,Patricia Ward,patricia.ward245@gmail.com,+1-999-838-6076,7815 Broadway,Broken Arrow,OK,40884,United States,2023-09-26,Consumer
CUST-14566,Benjamin Munoz,benjamin.munoz151@bizmail.io,+1-589-702-8482,4657 Oak Ave,Lake Charles,LA,49580,United States,2025-05-16,Consumer
CUST-14567,Olivia Bailey,olivia.bailey579@proton.me,+1-629-410-8262,1760 Washington Ave,Mobile,AL,67771,United States,2024-02-16,Consumer
CUST-14568,Grace Robinson,grace.robinson387@proton.me,+1-341-518-2161,8197 Oak Ave,North Las Vegas,NV,77885,United States,2025-11-19,Consumer
CUST-14569,Judith Harrison,judith.harrison263@hotmail.com,+1-949-957-4342,2939 Elm St,Elizabeth,NJ,93636,United States,2025-06-30,Consumer
CUST-14570,Christopher Miller,christopher.miller217@yahoo.com,+1-474-785-2107,4521 Oak Ave,Duluth,MN,78607,United States,2025-06-26,Consumer
CUST-14571,Kimberly Lopez,kimberly.lopez488@hotmail.com,+1-917-773-2527,5233 Broadway,Fort Collins,CO,50043,United States,2025-12-15,Consumer
CUST-14572,Jesse Peterson,jesse.peterson200@yahoo.com,+1-376-463-6277,8931 Maple Rd,Akron,OH,17404,United States,2025-09-08,Consumer
CUST-14573,Isabella Williams,isabella.williams54@outlook.com,+1-672-729-6947,7450 Pine St,Las Vegas,NV,75280,United States,2023-07-24,Corporate
CUST-14574,Brenda Adams,brenda.adams327@bizmail.io,+1-262-376-7327,1870 Broadway,Raleigh,NC,98716,United States,2024-07-25,Consumer
CUST-14575,Justin Perry,justin.perry144@gmail.com,+1-695-993-3855,9466 Park Blvd,Scottsdale,AZ,92031,United States,2024-02-21,Consumer
CUST-14576,Bradley Stewart,bradley.stewart458@gmail.com,+1-720-620-4945,3509 Pine St,Tuscaloosa,AL,94928,United States,2025-10-06,Corporate
CUST-14577,Cynthia Chen,cynthia.chen572@outlook.com,+1-783-869-1333,3395 Sunset Way,Reno,NV,16133,United States,2023-12-13,Corporate
CUST-14578,Theresa Tucker,theresa.tucker320@hotmail.com,+1-201-357-8384,8579 Cedar Blvd,Buffalo,NY,83023,United States,2023-08-08,Consumer
CUST-14579,Dennis Fernandez,dennis.fernandez711@hotmail.com,+1-668-813-1904,4424 Pine St,Green Bay,WI,24259,United States,2024-11-12,Consumer
CUST-14580,Jacob Cole,jacob.cole31@outlook.com,,2501 Main St,Seattle,WA,66530,United States,2025-06-24,Small Business
CUST-14581,Juan Silva,juan.silva18@corporate.com,+1-853-693-3276,4492 Washington Ave,Kenosha,WI,80298,United States,2025-06-13,Consumer
CUST-14582,Mary Olson,mary.olson133@outlook.com,+1-726-760-2695,6632 Highland Dr,Aurora,IL,32287,United States,2025-08-03,Consumer
CUST-14583,  Samantha Castro  ,samantha.castro243@outlook.com,+1-706-347-4694,5096 Pine St,Baton Rouge,LA,29592,United States,2025-03-13,Consumer
CUST-14584,Johnny Powell,johnny.powell547@yahoo.com,+1-460-975-9901,9670 Broadway,Fort Wayne,IN,82901,United States,2026-02-02,Consumer
CUST-14585,Amber Nelson,amber.nelson139@outlook.com,+1-714-944-5933,7062 Washington Ave,Dayton,OH,35107,United States,2025-06-29,Consumer
CUST-14586,Olivia Lee,olivia.lee419@icloud.com,+1-350-313-4930,3815 Park Blvd,Indianapolis,IN,76719,United States,2026-02-28,Small Business
CUST-14587,Marie Rivera,marie.rivera687@proton.me,+1-509-463-8317,2250 Maple Rd,Shreveport,LA,55185,United States,2025-12-17,Consumer
CUST-14588,Angela Medina,angela.medina179@outlook.com,+1-873-551-8412,3387 Main St,Bowling Green,KY,43324,United States,2023-08-27,Consumer
CUST-14589,Carolyn Mason,carolyn.mason869@hotmail.com,+1-427-348-1825,955 Washington Ave,Fort Wayne,IN,67402,United States,2026-02-14,Consumer
CUST-14590,Terry Murphy,terry.murphy259@corporate.com,+1-964-880-7255,8013 Elm St,Fort Collins,CO,73899,United States,2026-05-27,Small Business
CUST-14591,Roger Simmons,roger.simmons489@icloud.com,+1-431-438-6445,3743 Sunset Way,Las Vegas,NV,51573,United States,2023-09-08,Consumer
CUST-14592,Jesse Martinez,jesse.martinez946@hotmail.com,+1-891-257-6349,7256 Highland Dr,Savannah,GA,87610,United States,2025-05-19,Corporate
CUST-14593,Christina Ross,christina.ross484@yahoo.com,+1-357-960-1719,7659 Highland Dr,Sparks,NV,32120,United States,2025-10-29,Consumer
CUST-14594,Carl Martinez,carl.martinez682@outlook.com,+1-972-665-6369,7090 Oak Ave,Pittsburgh,PA,44364,United States,2024-06-07,Corporate
CUST-14595,Zachary Hill,zachary.hill75@yahoo.com,+1-656-528-6408,5554 Lakeview Ave,Austin,TX,12981,United States,2026-02-09,Consumer
CUST-14596,Pamela Wallace,pamela.wallace921@corporate.com,+1-664-932-5975,4967 Pine St,Virginia Beach,VA,15653,United States,2025-01-09,Consumer
CUST-14597,Christian Washington,christian.washington727@corporate.com,+1-699-842-9055,8609 Lakeview Ave,owensboro,KY,26313,United States,2026-03-06,Corporate
CUST-14598,Kevin Kelly,kevin.kelly757@gmail.com,+1-209-773-4512,3775 Pine St,Athens,GA,98655,United States,2025-08-27,Consumer
CUST-14599,Donald Brooks,donald.brooks641@icloud.com,+1-256-995-4765,8448 Main St,Louisville,KY,35686,United States,2024-08-29,Consumer
CUST-14600,Timothy Clark,timothy.clark164@proton.me,+1-911-229-5432,9124 Sunset Way,Worcester,MA,24330,United States,2025-01-06,Consumer
CUST-14601,Brittany Owens,brittany.owens520@proton.me,+1-778-779-8577,3840 Maple Rd,Lake Charles,LA,80925,United States,2025-10-22,Consumer
CUST-14602,Paul Moreno,paul.moreno156@icloud.com,+1-917-878-9839,6589 Cedar Blvd,Syracuse,NY,87389,United States,2023-06-21,Corporate
CUST-14603,Elizabeth Butler,elizabeth.butler860@bizmail.io,+1-775-624-4219,760 Cedar Blvd,San Diego,CA,66212,United States,2025-05-31,Consumer
CUST-14604,Lawrence Moore,lawrence.moore412@bizmail.io,+1-240-678-7223,8911 Lakeview Ave,Shreveport,LA,81477,United States,2023-03-18,Consumer
CUST-14605,Shirley Cooper,shirley.cooper568@proton.me,+1-283-243-2733,5720 Pine St,Baltimore,MD,25728,United States,2024-11-16,Consumer
CUST-14606,Brian Chavez,brian.chavez25@yahoo.com,+1-716-964-1761,8708 Park Blvd,Hartford,CT,39957,United States,2024-07-16,Consumer
CUST-14607,Brian Edwards,brian.edwards759@bizmail.io,+1-384-696-7100,2692 Oak Ave,Aurora,IL,93971,United States,2026-04-28,Consumer
CUST-14608,Carol West,carol.west727@hotmail.com,+1-426-494-2110,6425 Washington Ave,Atlanta,GA,25802,United States,2025-08-03,Small Business
CUST-14609,Kenneth Coleman,kenneth.coleman459@outlook.com,+1-676-651-8637,1895 Broadway,Springfield,MA,86380,United States,2023-10-28,Consumer
CUST-14610,Jose Miller,jose.miller985@corporate.com,+1-948-539-8214,4792 Main St,Dayton,OH,49479,United States,2024-06-09,Consumer
CUST-14611,Cynthia Gutierrez,cynthia.gutierrez619@bizmail.io,+1-296-637-5756,6662 Maple Rd,North Las Vegas,NV,92012,United States,2023-06-03,Consumer
CUST-14612,Rose Bryant,rose.bryant796@gmail.com,,9008 Oak Ave,Baton Rouge,LA,61064,United States,2023-09-21,Consumer
CUST-14613,William Moreno,william.moreno866@outlook.com,+1-950-618-4331,7908 Broadway,St. Louis,MO,25324,United States,2023-10-10,Consumer
CUST-14614,Jeremy Gonzalez,jeremy.gonzalez335@gmail.com,+1-950-727-2449,3358 Cedar Blvd,West Valley City,UT,34375,United States,2025-04-01,Consumer
CUST-14615,Joan Gutierrez,joan.gutierrez685@proton.me,+1-943-490-5639,8000 Maple Rd,Norman,OK,44745,United States,2024-10-12,Consumer
CUST-14616,Sophia Guzman,sophia.guzman846@bizmail.io,+1-277-666-6108,488 Washington Ave,Warren,MI,67406,United States,2025-06-08,Small Business
CUST-14617,Kelly Kennedy,kelly.kennedy800@corporate.com,+1-323-423-8739,7129 Highland Dr,Chicago,IL,99264,United States,2024-12-13,Small Business
CUST-14618,Edward Jordan,edward.jordan334@icloud.com,+1-230-757-9066,8583 Park Blvd,Fort Worth,TX,27158,United States,2024-04-22,Consumer
CUST-14619,Amanda Herrera,amanda.herrera929@corporate.com,+1-422-523-2829,6085 Washington Ave,Philadelphia,PA,,United States,2025-12-25,Consumer
CUST-14620,Maria Baker,maria.baker632@icloud.com,+1-396-524-7869,2238 Sunset Way,North Charleston,SC,23391,United States,2025-06-16,Corporate
CUST-14621,Jeremy Campbell,jeremy.campbell38@yahoo.com,+1-371-563-3173,1056 Main St,Reading,PA,43310,United States,2023-05-19,Consumer
CUST-14622,Austin Moore,austin.moore130@outlook.com,+1-498-693-7509,6963 Washington Ave,Reading,PA,95161,United States,2023-05-20,Small Business
CUST-14623,Andrea Evans,andrea.evans183@hotmail.com,+1-251-829-4539,7891 Elm St,Columbus,OH,74250,United States,2026-04-08,Consumer
CUST-14624,Juan Ford,juan.ford764@yahoo.com,+1-930-809-7238,8204 Highland Dr,Indianapolis,IN,49724,United States,2024-12-19,Consumer
CUST-14625,Margaret Mcdonald,margaret.mcdonald648@outlook.com,+1-202-720-5453,7088 Elm St,Eugene,OR,18950,United States,2024-10-13,Consumer
CUST-14626,Lisa Kennedy,lisa.kennedy562@hotmail.com,+1-971-899-6685,9634 Cedar Blvd,ROCHESTER,NY,62840,United States,2024-12-10,Consumer
CUST-14627,Richard Hamilton,richard.hamilton473@bizmail.io,+1-368-342-6565,7843 Lakeview Ave,Tulsa,OK,81932,United States,2024-05-17,Consumer
CUST-14628,Steven Hall,steven.hall687@outlook.com,+1-983-389-8780,2864 Elm St,Madison,WI,25420,United States,2024-07-12,Consumer
CUST-14629,Kayla Kennedy,kayla.kennedy22@icloud.com,+1-897-213-8420,9546 Elm St,Provo,UT,91945,United States,2024-05-12,Consumer
CUST-14630,Joyce Reynolds,joyce.reynolds394@bizmail.io,+1-882-696-9522,3233 Highland Dr,Aurora,IL,91098,United States,2023-12-12,Consumer
CUST-14631,Christopher Sullivan,christopher.sullivan446@outlook.com,+1-614-972-8910,4997 Main St,Kansas City,MO,62515,United States,2025-04-14,Consumer
CUST-14632,  Elizabeth Alexander  ,elizabeth.alexander642@yahoo.com,+1-711-599-5492,8829 Main St,Worcester,MA,32259,United States,2025-03-30,Consumer
CUST-14633,Albert Alvarez,albert.alvarez745@outlook.com,+1-809-281-6932,6364 Elm St,Charlotte,NC,98975,United States,2024-09-17,Consumer
CUST-14634,Isabella Aguilar,isabella.aguilar664@hotmail.com,+1-784-383-3077,8910 Cedar Blvd,Springfield,MO,19298,United States,2024-11-02,Corporate
CUST-14635,William Wright,william.wright375@yahoo.com,+1-283-879-8988,5016 Sunset Way,Hillsboro,OR,40684,United States,2025-08-28,Consumer
CUST-14636,Doris Morales,doris.morales561@hotmail.com,+1-601-234-8775,197 Broadway,Huntsville,AL,55890,United States,2023-05-21,Small Business
CUST-14637,Ryan Gray,ryan.gray206@yahoo.com,+1-648-364-7915,1172 Main St,Knoxville,TN,89460,United States,2025-10-29,Consumer
CUST-14638,Katherine Jenkins,katherine.jenkins467@corporate.com,+1-306-984-3941,7011 Elm St,Salt Lake City,UT,42892,United States,2025-04-15,Consumer
CUST-14639,Alice Burns,alice.burns843@proton.me,+1-399-684-8813,8928 Sunset Way,Chesapeake,VA,76274,United States,2023-09-08,Corporate
CUST-14640,Julie Tran,julie.tran89@yahoo.com,+1-788-762-9312,9171 Park Blvd,Kenosha,WI,53257,United States,2026-03-04,Consumer
CUST-14641,Joan Roberts,joan.roberts473@proton.me,+1-500-525-8559,4772 Park Blvd,Austin,TX,93944,United States,2025-05-26,Small Business
CUST-14642,Heather Hernandez,heather.hernandez575@icloud.com,+1-519-753-7115,6886 Pine St,Shreveport,LA,54471,United States,2023-06-30,Corporate
CUST-14643,Kevin Graham,kevin.graham753@proton.me,+1-636-572-3463,7846 Park Blvd,Detroit,MI,19297,United States,2024-05-14,Consumer
CUST-14644,Bruce Ruiz,bruce.ruiz919@yahoo.com,+1-752-258-7020,2160 Park Blvd,Erie,PA,62553,United States,2024-04-07,Small Business
CUST-14645,Michael Lopez,michael.lopez253@yahoo.com,+1-632-936-5547,6802 Main St,Paterson,NJ,62172,United States,2023-04-14,Consumer
CUST-14646,Albert Richardson,albert.richardson254@bizmail.io,+1-542-536-9826,3550 Sunset Way,Baton Rouge,LA,31057,United States,2023-04-02,Consumer
CUST-14647,Laura Collins,laura.collins676@outlook.com,+1-566-492-9375,5419 Highland Dr,Winston-Salem,NC,42636,United States,2025-11-30,Consumer
CUST-14648,Abigail Hall,abigail.hall455@proton.me,+1-412-464-9191,7447 Lakeview Ave,North Las Vegas,NV,,United States,2026-05-15,Corporate
CUST-14649,Jennifer Garcia,jennifer.garcia10@gmail.com,+1-220-410-3749,6950 Washington Ave,Edmond,OK,20803,United States,2025-07-25,Consumer
CUST-14650,Ann Brown,ann.brown825@hotmail.com,+1-515-910-2138,6514 Maple Rd,Greenville,SC,63220,United States,2023-07-26,Small Business
CUST-14651,Kayla Bell,kayla.bell791@hotmail.com,+1-982-365-6807,1122 Oak Ave,San Francisco,CA,89811,United States,2024-06-23,Consumer
CUST-14652,Arthur Robinson,arthur.robinson217@bizmail.io,+1-535-799-3560,7983 Oak Ave,Henderson,NV,58290,United States,2024-05-21,Small Business
CUST-14653,Heather Powell,heather.powell149@icloud.com,+1-417-743-1407,1892 Broadway,Spokane,WA,47831,United States,2025-10-05,Consumer
CUST-14654,Juan Lopez,juan.lopez325@corporate.com,+1-220-752-4621,4949 Sunset Way,Cambridge,MA,48493,United States,2025-10-07,Small Business
CUST-14655,Sandra West,sandra.west787@icloud.com,+1-297-335-4357,3747 Oak Ave,San Jose,CA,81775,United States,2024-08-07,Corporate
CUST-14656,Laura Cooper,laura.cooper867@bizmail.io,+1-493-273-1488,3725 Park Blvd,Spokane,WA,23507,United States,2023-08-14,Consumer
CUST-14657,Ruth Bailey,ruth.bailey550@outlook.com,+1-394-824-8436,3256 Broadway,Mobile,AL,60397,United States,2023-04-08,Consumer
CUST-14658,William Green,william.green230@proton.me,+1-575-564-1275,1214 Maple Rd,Ann Arbor,MI,64149,United States,2023-06-20,Consumer
CUST-14659,Teresa Lee,teresa.lee366@outlook.com,,9548 Elm St,Orem,UT,87294,United States,2024-12-10,Consumer
CUST-14660,Bradley Wells,bradley.wells757@bizmail.io,+1-259-544-5750,4297 Elm St,Chesapeake,VA,84615,United States,2024-03-29,Consumer
CUST-14661,Margaret Gutierrez,margaret.gutierrez150@gmail.com,,8363 Sunset Way,Chicago,IL,10592,United States,2024-08-28,Consumer
CUST-14662,Kelly Jackson,kelly.jackson878@hotmail.com,+1-334-268-3313,1727 Main St,Gresham,OR,12906,United States,2025-01-11,Consumer
CUST-14663,Jeremy Crawford,jeremy.crawford51@gmail.com,+1-738-491-8071,5239 Pine St,Norfolk,VA,20598,United States,2023-10-09,Consumer
CUST-14664,Gregory Gonzales,gregory.gonzales179@gmail.com,+1-964-858-6279,4462 Pine St,Spokane,WA,33961,United States,2023-07-07,Corporate
CUST-14665,Robert Ruiz,robert.ruiz759@outlook.com,,9494 Main St,Memphis,TN,88716,United States,2024-04-08,Consumer
CUST-14666,Ruth Cook,ruth.cook742@icloud.com,+1-542-976-9592,3178 Sunset Way,Fort Collins,CO,28575,United States,2023-07-09,Consumer
CUST-14667,Gabriel Bennett,gabriel.bennett152@gmail.com,+1-511-675-8915,480 Main St,Springfield,MA,93319,United States,2025-12-13,Consumer
CUST-14668,Mary Romero,mary.romero908@outlook.com,+1-570-551-4494,9048 Maple Rd,Joliet,IL,42592,United States,2024-03-22,Consumer
CUST-14669,Sharon Mcdonald,sharon.mcdonald790@outlook.com,+1-330-545-1956,7073 Cedar Blvd,Springfield,IL,61728,United States,2025-02-06,Consumer
CUST-14670,Jacob Scott,jacob.scott276@corporate.com,+1-462-634-8909,6055 Main St,OKLAHOMA CITY,OK,19346,United States,2025-02-11,Consumer
CUST-14671,Katherine Ramos,katherine.ramos73@icloud.com,,814 Oak Ave,Springfield,MO,31685,United States,2025-12-08,Consumer
CUST-14672,Charlotte Cooper,charlotte.cooper791@gmail.com,+1-797-752-1874,9617 Highland Dr,Columbus,OH,57653,United States,2025-03-14,Corporate
CUST-14673,Shirley Hernandez,shirley.hernandez756@bizmail.io,+1-613-715-5779,8729 Washington Ave,Charleston,SC,17188,United States,2024-02-14,Consumer
CUST-14674,Nicole Flores,nicole.flores460@corporate.com,+1-735-560-8660,5597 Elm St,Norfolk,VA,70868,United States,2025-07-02,Consumer
CUST-14675,Pamela Richardson,pamela.richardson515@proton.me,+1-223-288-4443,2499 Elm St,Frederick,MD,74783,United States,2025-08-15,Consumer
CUST-14676,Douglas Richardson,douglas.richardson102@corporate.com,+1-594-259-6821,2962 Cedar Blvd,Aurora,IL,32686,United States,2024-11-05,Consumer
CUST-14677,Stephen Crawford,stephen.crawford195@gmail.com,+1-948-917-4643,5312 Park Blvd,Boston,MA,47715,United States,2023-05-06,Corporate
CUST-14678,Jeffrey Walker,jeffrey.walker613@icloud.com,+1-729-592-4492,6244 Maple Rd,Charlotte,NC,47997,United States,2025-06-03,Corporate
CUST-14679,Judith Gray,judith.gray214@hotmail.com,+1-694-679-8073,3666 Main St,Cleveland,OH,71205,United States,2024-06-11,Corporate
CUST-14680,Victoria Brooks,victoria.brooks474@corporate.com,+1-564-507-7363,9713 Oak Ave,Newport News,VA,28724,United States,2023-05-29,Consumer
CUST-14681,Gloria Kennedy,gloria.kennedy665@icloud.com,+1-929-703-9359,5354 Sunset Way,Athens,GA,13739,United States,2023-09-02,Small Business
CUST-14682,Amber Snyder,amber.snyder546@icloud.com,+1-618-744-8658,6814 Oak Ave,Colorado Springs,CO,84279,United States,2024-08-31,Consumer
CUST-14683,Michael Brooks,michael.brooks980@proton.me,+1-572-299-1710,8189 Pine St,Houston,TX,55500,United States,2024-03-12,Corporate
CUST-14684,Ashley Woods,ashley.woods916@yahoo.com,+1-288-581-9646,550 Oak Ave,Bellevue,WA,59955,United States,2023-06-29,Consumer
CUST-14685,Douglas Allen,douglas.allen756@outlook.com,+1-624-719-4502,2014 Elm St,Bridgeport,CT,20379,United States,2023-11-09,Corporate
CUST-14686,Eric Mitchell,eric.mitchell664@yahoo.com,+1-996-298-7615,7988 Washington Ave,Seattle,WA,59058,United States,2026-01-28,Consumer
CUST-14687,Amy Bennett,amy.bennett816@outlook.com,+1-952-994-2100,4972 Lakeview Ave,Broken Arrow,OK,82316,United States,2025-07-24,Consumer
CUST-14688,James King,james.king42@bizmail.io,+1-452-329-6572,7500 Elm St,Erie,PA,23810,United States,2025-01-10,Consumer
CUST-14689,George Morris,george.morris530@gmail.com,+1-532-619-5116,3448 Oak Ave,Lexington,KY,49230,United States,2026-03-19,Consumer
CUST-14690,Christopher Anderson,christopher.anderson799@yahoo.com,+1-272-737-7328,7552 Main St,Gresham,OR,37463,United States,2024-11-04,Consumer
CUST-14691,Harold Ford,harold.ford337@hotmail.com,+1-502-570-4105,1889 Sunset Way,Virginia Beach,VA,99467,United States,2025-03-29,Consumer
CUST-14692,Joshua Alvarez,joshua.alvarez991@bizmail.io,+1-397-462-2692,3966 Elm St,Hartford,CT,10466,United States,2024-10-10,Consumer
CUST-14693,Debra Bailey,debra.bailey779@bizmail.io,+1-312-865-7301,2228 Broadway,Cambridge,MA,43312,United States,2026-05-19,Consumer
CUST-14694,Terry Lewis,terry.lewis936@icloud.com,+1-971-830-5611,9157 Broadway,Dallas,TX,53652,United States,2025-05-08,Consumer
CUST-14695,Paul Garcia,paul.garcia756@proton.me,+1-882-730-5538,5494 Sunset Way,Lake Charles,LA,42794,United States,2023-12-11,Consumer
CUST-14696,Dorothy Simmons,dorothy.simmons108@gmail.com,+1-633-975-8107,8044 Maple Rd,Seattle,WA,26990,United States,2023-09-14,Consumer
CUST-14697,Deborah Reed,deborah.reed920@yahoo.com,+1-929-802-1626,6745 Park Blvd,Stamford,CT,55990,United States,2024-12-26,Consumer
CUST-14698,Thomas Johnson,thomas.johnson223@hotmail.com,+1-502-404-9027,1784 Main St,Columbus,OH,64510,United States,2023-04-17,Consumer
CUST-14699,Kevin James,kevin.james199@icloud.com,+1-671-444-6531,3552 Lakeview Ave,Stamford,CT,45333,United States,2023-12-03,Consumer
CUST-14700,Steven Richardson,steven.richardson999@icloud.com,+1-369-365-6447,3723 Elm St,Scottsdale,AZ,91092,United States,2023-06-28,Consumer
CUST-14701,George Romero,george.romero603@gmail.com,+1-397-435-9484,4274 Park Blvd,Durham,NC,93846,United States,2023-11-30,Corporate
CUST-14702,Ethan Williams,ethan.williams755@proton.me,+1-343-366-3988,1451 Broadway,South Bend,IN,74365,United States,2024-07-05,Corporate
CUST-14703,Diana Lopez,diana.lopez659@outlook.com,+1-419-877-5607,2276 Main St,Montgomery,AL,11600,United States,2026-03-24,Consumer
CUST-14704,Frances Wallace,frances.wallace951@icloud.com,+1-567-233-1890,2152 Oak Ave,Springfield,MO,58881,United States,2025-03-26,Consumer
CUST-14705,Kathleen Owens,kathleen.owens589@hotmail.com,+1-855-973-4092,6769 Elm St,Vancouver,WA,64460,United States,2025-04-20,Consumer
CUST-14706,Nicole Simpson,nicole.simpson565@proton.me,+1-910-316-4602,5172 Pine St,Racine,WI,72866,United States,2026-01-06,Corporate
CUST-14707,Amy Adams,amy.adams513@proton.me,+1-795-519-3558,8973 Cedar Blvd,Chattanooga,TN,34889,United States,2024-03-24,Consumer
CUST-14708,Noah Powell,noah.powell245@icloud.com,+1-506-389-9391,668 Highland Dr,Vancouver,WA,62435,United States,2025-10-21,Consumer
CUST-14709,  Brittany Lewis  ,brittany.lewis630@bizmail.io,+1-667-205-6836,4345 Broadway,Fort Wayne,IN,48709,United States,2024-04-15,Consumer
CUST-14710,Alan Gutierrez,alan.gutierrez668@hotmail.com,+1-705-606-6789,1666 Maple Rd,North Las Vegas,NV,58659,United States,2026-03-28,Small Business
CUST-14711,Beverly Shaw,beverly.shaw375@icloud.com,+1-556-303-4281,8513 Cedar Blvd,Milwaukee,WI,70034,United States,2024-11-17,Consumer
CUST-14712,Kevin Washington,kevin.washington625@proton.me,+1-632-538-2779,5583 Lakeview Ave,Columbus,GA,97387,United States,2025-03-15,Consumer
CUST-14713,Jason Wilson,jason.wilson360@corporate.com,+1-658-618-6964,7190 Oak Ave,Chattanooga,TN,14763,United States,2024-09-25,Consumer
CUST-14714,Terry Parker,terry.parker109@hotmail.com,+1-591-697-7298,9626 Lakeview Ave,Shreveport,LA,43848,United States,2025-02-14,Corporate
CUST-14715,Jesse Hill,jesse.hill113@hotmail.com,+1-858-809-4665,7856 Cedar Blvd,Saint Paul,MN,90626,United States,2024-04-30,Corporate
CUST-14716,Gabriel Green,gabriel.green788@yahoo.com,+1-918-600-9432,7010 Park Blvd,Fort Wayne,IN,21015,United States,2026-02-23,Consumer
CUST-14717,Angela Romero,angela.romero214@outlook.com,+1-203-668-2037,8814 Oak Ave,Scottsdale,AZ,69034,United States,2023-06-23,Small Business
CUST-14718,Nicholas Cook,nicholas.cook413@bizmail.io,+1-885-284-9263,7750 Broadway,Duluth,MN,28753,United States,2025-10-09,Consumer
CUST-14719,Ryan Wells,ryan.wells985@gmail.com,+1-559-969-5454,1365 Highland Dr,Bloomington,MN,45144,United States,2023-04-19,Consumer
CUST-14720,Rose Chen,rose.chen658@proton.me,+1-872-324-3001,7981 Pine St,Greenville,SC,80019,United States,2024-09-26,Consumer
CUST-14721,Kimberly Torres,kimberly.torres376@yahoo.com,+1-371-370-9582,5491 Sunset Way,Detroit,MI,48881,United States,2023-12-04,Consumer
CUST-14722,Sharon Dixon,sharon.dixon60@icloud.com,+1-553-663-5523,3766 Oak Ave,Sacramento,CA,25108,United States,2023-11-01,Consumer
CUST-14723,Elizabeth Davis,elizabeth.davis271@corporate.com,+1-237-976-2974,2569 Sunset Way,Lakewood,CO,33518,United States,2024-09-01,Consumer
CUST-14724,Grace Kennedy,grace.kennedy803@icloud.com,+1-302-867-6487,961 Sunset Way,New Haven,CT,62474,United States,2023-11-06,Consumer
CUST-14725,Victoria Simmons,victoria.simmons377@bizmail.io,+1-813-218-4488,5378 Pine St,Raleigh,NC,85778,United States,2026-02-12,Consumer
CUST-14726,Maria Cooper,maria.cooper237@proton.me,+1-782-712-5585,8829 Sunset Way,Tuscaloosa,AL,30807,United States,2025-07-29,Small Business
CUST-14727,Doris Lee,doris.lee999@hotmail.com,+1-277-379-2318,2534 Cedar Blvd,Mount Pleasant,SC,47038,United States,2023-05-26,Consumer
CUST-14728,Rachel Burns,rachel.burns732@corporate.com,+1-349-674-3346,3799 Elm St,Lafayette,LA,15550,United States,2025-04-08,Consumer
CUST-14729,Rebecca Ross,rebecca.ross824@bizmail.io,+1-259-924-6248,7788 Oak Ave,Orlando,FL,77930,United States,2025-11-30,Corporate
CUST-14730,Jordan Gibson,jordan.gibson525@bizmail.io,+1-245-956-1863,9417 Washington Ave,Knoxville,TN,49629,United States,2024-11-04,Consumer
CUST-14731,Dennis Wells,dennis.wells901@proton.me,+1-614-939-1723,2105 Washington Ave,Fort Wayne,IN,77178,United States,2024-11-05,Corporate
CUST-14732,Gloria Bell,gloria.bell627@proton.me,+1-436-950-3246,5128 Highland Dr,Owensboro,KY,79037,United States,2023-11-13,Consumer
CUST-14733,Sharon Olson,sharon.olson410@yahoo.com,+1-826-784-4416,2162 Washington Ave,Buffalo,NY,94074,United States,2025-03-29,Corporate
CUST-14734,Carl Jenkins,carl.jenkins910@hotmail.com,+1-335-957-4101,6538 Sunset Way,Aurora,CO,67459,United States,2025-10-15,Consumer
CUST-14735,John Parker,john.parker573@corporate.com,+1-529-751-9921,449 Park Blvd,Austin,TX,19539,United States,2023-11-18,Consumer
CUST-14736,Sandra Nguyen,sandra.nguyen319@proton.me,+1-586-525-8112,6487 Cedar Blvd,Durham,NC,54282,United States,2026-03-12,Consumer
CUST-14737,Rebecca Powell,rebecca.powell783@yahoo.com,+1-413-833-3342,2402 Maple Rd,greenville,SC,97465,United States,2025-04-27,Consumer
CUST-14738,Charlotte Campbell,charlotte.campbell618@outlook.com,+1-231-509-9800,7406 Highland Dr,Buffalo,NY,74498,United States,2025-11-14,Small Business
CUST-14739,Megan Lopez,megan.lopez353@bizmail.io,+1-918-782-4567,8198 Broadway,Pittsburgh,PA,36330,United States,2025-11-23,Consumer
CUST-14740,Dylan Johnson,dylan.johnson613@outlook.com,,1212 Cedar Blvd,Reading,PA,27018,United States,2025-12-17,Consumer
CUST-14741,Brenda Chavez,brenda.chavez687@proton.me,+1-250-941-8741,4961 Highland Dr,Stamford,CT,10923,United States,2023-10-03,Consumer
CUST-14742,Christopher Edwards,christopher.edwards904@corporate.com,+1-793-632-6114,4024 Sunset Way,St. Louis,MO,35729,United States,2025-07-17,Corporate
CUST-14743,Ann Edwards,ann.edwards714@gmail.com,+1-931-901-4573,4191 Sunset Way,Savannah,GA,11820,United States,2025-12-03,Consumer
CUST-14744,Victoria Patterson,victoria.patterson316@gmail.com,+1-490-710-7783,1354 Highland Dr,North Las Vegas,NV,19195,United States,2025-04-20,Consumer
CUST-14745,Julie Thompson,julie.thompson123@yahoo.com,+1-211-607-5726,2576 Highland Dr,Kansas City,MO,76207,United States,2024-08-15,Consumer
CUST-14746,Thomas Porter,thomas.porter739@proton.me,+1-930-892-9562,9617 Cedar Blvd,Tuscaloosa,AL,85946,United States,2023-08-31,Consumer
CUST-14747,Thomas Martinez,thomas.martinez950@gmail.com,+1-692-362-4762,2523 Lakeview Ave,Racine,WI,19836,United States,2023-04-12,Corporate
CUST-14748,Alan Bryant,alan.bryant252@gmail.com,+1-292-839-6062,4482 Oak Ave,Mobile,AL,78004,United States,2024-09-24,Consumer
CUST-14749,Timothy Ward,timothy.ward264@bizmail.io,+1-498-341-5369,9899 Pine St,Raleigh,NC,54471,United States,2024-11-26,Consumer
CUST-14750,  Gregory Harrison  ,gregory.harrison169@icloud.com,+1-797-333-9304,3209 Oak Ave,Chattanooga,TN,15679,United States,2024-12-09,Consumer
CUST-14751,Douglas Moore,douglas.moore255@bizmail.io,+1-987-791-3866,4029 Pine St,San Diego,CA,,United States,2025-11-21,Small Business
CUST-14752,Isabella Flores,isabella.flores339@corporate.com,+1-408-308-1917,6269 Maple Rd,Naperville,IL,16037,United States,2024-09-22,Consumer
CUST-14753,Larry Taylor,larry.taylor863@corporate.com,+1-289-906-8684,7106 Broadway,Cambridge,MA,66612,United States,2023-05-05,Consumer
CUST-14754,Austin Coleman,austin.coleman184@bizmail.io,+1-575-926-9946,1543 Main St,Huntsville,AL,49503,United States,2025-09-17,Small Business
CUST-14755,Emma Taylor,emma.taylor754@outlook.com,+1-552-806-3932,3566 Main St,Huntsville,AL,79089,United States,2026-02-24,Consumer
CUST-14756,Ethan Bell,ethan.bell337@outlook.com,+1-717-726-1428,789 Pine St,Allentown,PA,25580,United States,2023-04-16,Consumer
CUST-14757,Michael Sanders,michael.sanders392@gmail.com,,1527 Park Blvd,Scottsdale,AZ,13153,United States,2024-11-16,Corporate
CUST-14758,Eric Allen,eric.allen225@gmail.com,+1-736-650-9897,7329 Elm St,Shreveport,LA,72831,United States,2026-02-19,Small Business
CUST-14759,Dorothy Nelson,dorothy.nelson128@icloud.com,+1-436-895-4146,5369 Sunset Way,Norman,OK,48739,United States,2023-06-27,Consumer
CUST-14760,Juan Jackson,juan.jackson25@gmail.com,+1-345-444-4514,5304 Sunset Way,Toledo,OH,72469,United States,2026-01-29,Consumer
CUST-14761,Michael Fisher,michael.fisher94@proton.me,+1-684-254-9324,8796 Cedar Blvd,Springfield,MA,97717,United States,2025-06-09,Consumer
CUST-14762,Elizabeth Ortiz,elizabeth.ortiz240@proton.me,+1-486-425-5987,9683 Oak Ave,Seattle,WA,50842,United States,2025-11-16,Corporate
CUST-14763,Keith Wells,keith.wells690@proton.me,+1-663-946-5691,6993 Broadway,Eugene,OR,55346,United States,2025-07-26,Consumer
CUST-14764,Cynthia Anderson,cynthia.anderson932@gmail.com,+1-882-881-6552,9070 Oak Ave,Portland,OR,38441,United States,2024-11-20,Consumer
CUST-14765,  Andrea Hughes  ,andrea.hughes138@outlook.com,+1-569-748-1547,9873 Highland Dr,Newark,NJ,66336,United States,2025-02-02,Consumer
CUST-14766,Teresa Munoz,teresa.munoz967@icloud.com,+1-443-418-2101,2986 Highland Dr,Baton Rouge,LA,68094,United States,2025-01-01,Corporate
CUST-14767,Ruth Price,ruth.price898@gmail.com,+1-360-340-1159,8806 Main St,Bellevue,WA,54697,United States,2024-07-12,Consumer
CUST-14768,Scott Hayes,scott.hayes76@icloud.com,+1-388-996-5587,6591 Elm St,Lowell,MA,58440,United States,2025-07-22,Consumer
CUST-14769,Jack Tucker,jack.tucker654@outlook.com,+1-245-317-5347,765 Lakeview Ave,Durham,NC,24850,United States,2025-11-09,Consumer
CUST-14770,Laura Peterson,laura.peterson817@yahoo.com,+1-903-867-7900,1081 Oak Ave,San Jose,CA,68303,United States,2026-04-24,Corporate
CUST-14771,Brittany Cruz,brittany.cruz326@corporate.com,+1-407-379-2561,6130 Elm St,Broken Arrow,OK,41666,United States,2025-10-19,Consumer
CUST-14772,Madison Hamilton,madison.hamilton345@outlook.com,+1-759-584-2639,3129 Broadway,Columbus,OH,74790,United States,2024-08-13,Consumer
CUST-14773,Bruce Gonzalez,bruce.gonzalez212@bizmail.io,+1-925-542-9842,1470 Sunset Way,Naperville,IL,,United States,2026-03-25,Consumer
CUST-14774,Barbara Mitchell,barbara.mitchell23@bizmail.io,+1-580-860-8999,8567 Lakeview Ave,Columbia,MO,45044,United States,2025-08-07,Consumer
CUST-14775,Ryan Ruiz,ryan.ruiz48@outlook.com,+1-644-518-3969,1911 Broadway,Lakewood,CO,98291,United States,2025-12-16,Consumer
CUST-14776,Gerald Ellis,gerald.ellis972@hotmail.com,+1-492-702-8673,9790 Maple Rd,Austin,TX,40477,United States,2024-09-30,Consumer
CUST-14777,Joe Gomez,joe.gomez858@yahoo.com,+1-575-958-8623,191 Pine St,San Diego,CA,58326,United States,2025-07-27,Corporate
CUST-14778,Edward Reyes,edward.reyes648@hotmail.com,+1-768-314-6925,9391 Sunset Way,Grand Rapids,MI,42787,United States,2026-05-09,Small Business
CUST-14779,Wayne Jimenez,wayne.jimenez235@icloud.com,,1925 Pine St,Knoxville,TN,48157,United States,2023-07-09,Consumer
CUST-14780,Alice Garcia,alice.garcia118@gmail.com,,1250 Oak Ave,Los Angeles,CA,81429,United States,2025-02-20,Consumer
CUST-14781,Frank Myers,frank.myers182@yahoo.com,+1-626-420-5134,8389 Pine St,Lowell,MA,67271,United States,2023-03-19,Corporate
CUST-14782,Cynthia Thomas,cynthia.thomas963@bizmail.io,+1-544-563-1344,8534 Maple Rd,Cincinnati,OH,44178,United States,2024-07-17,Corporate
CUST-14783,Martha Silva,martha.silva92@icloud.com,+1-668-868-2396,9622 Elm St,Kansas City,MO,61661,United States,2023-06-04,Consumer
CUST-14784,Alexis Davis,alexis.davis134@hotmail.com,+1-589-428-6712,5723 Pine St,Augusta,GA,73511,United States,2023-08-31,Consumer
CUST-14785,Hannah Coleman,hannah.coleman191@gmail.com,+1-414-370-4267,8706 Cedar Blvd,Lake Charles,LA,68183,United States,2025-03-18,Corporate
CUST-14786,Evelyn Thomas,evelyn.thomas907@outlook.com,+1-688-911-5792,565 Maple Rd,Green Bay,WI,41334,United States,2024-08-30,Consumer
CUST-14787,Samuel Simpson,samuel.simpson959@gmail.com,+1-369-441-5060,2077 Main St,Greensboro,NC,83362,United States,2025-05-27,Consumer
CUST-14788,Judy Bailey,judy.bailey774@yahoo.com,+1-459-441-9457,8651 Lakeview Ave,Huntsville,AL,52700,United States,2023-05-29,Consumer
CUST-14789,Albert Morgan,albert.morgan682@hotmail.com,+1-709-293-9751,1181 Lakeview Ave,Bowie,MD,43975,United States,2026-02-26,Consumer
CUST-14790,Pamela Martinez,pamela.martinez428@yahoo.com,+1-437-421-6752,4370 Park Blvd,Chicago,IL,47358,United States,2024-02-19,Consumer
CUST-14791,Walter Thomas,walter.thomas365@corporate.com,+1-395-497-2960,4444 Oak Ave,Norman,OK,52215,United States,2025-06-20,Corporate
CUST-14792,Kyle Patterson,kyle.patterson947@hotmail.com,+1-778-338-3359,3188 Highland Dr,Kansas City,MO,68994,United States,2025-10-17,Corporate
CUST-14793,Paul Ford,paul.ford275@yahoo.com,+1-807-200-9396,3057 Park Blvd,Charleston,SC,93735,United States,2024-05-13,Consumer
CUST-14794,Stephen Myers,stephen.myers781@outlook.com,+1-580-218-8992,7135 Cedar Blvd,Newport News,VA,95253,United States,2024-02-09,Small Business
CUST-14795,Wayne Reyes,wayne.reyes783@icloud.com,+1-707-314-3961,1707 Pine St,grand rapids,MI,58990,United States,2024-02-01,Consumer
CUST-14796,  Joseph Crawford  ,joseph.crawford273@outlook.com,+1-989-969-9835,6531 Cedar Blvd,Fort Wayne,IN,12717,United States,2024-07-27,Consumer
CUST-14797,Amanda Russell,amanda.russell298@bizmail.io,+1-470-899-5771,9982 Cedar Blvd,North Charleston,SC,75164,United States,2024-05-26,Consumer
CUST-14798,Katherine Torres,katherine.torres263@hotmail.com,+1-247-370-9316,9801 Park Blvd,Seattle,WA,78196,United States,2025-11-09,Corporate
CUST-14799,Jordan Diaz,jordan.diaz296@bizmail.io,+1-813-401-6961,3687 Highland Dr,Winston-Salem,NC,61268,United States,2025-04-10,Corporate
CUST-14800,Maria Adams,maria.adams163@corporate.com,+1-336-623-8447,1428 Sunset Way,Montgomery,AL,48149,United States,2025-10-28,Consumer
CUST-14801,Kenneth Sullivan,kenneth.sullivan451@yahoo.com,+1-797-294-7756,6447 Park Blvd,New York,NY,37331,United States,2023-09-26,Consumer
CUST-14802,Donald Snyder,donald.snyder613@hotmail.com,,8071 Park Blvd,Fort Collins,CO,55706,United States,2023-11-06,Corporate
CUST-14803,Anna Mendoza,anna.mendoza758@corporate.com,+1-802-667-2658,7230 Maple Rd,New Haven,CT,67989,United States,2025-02-24,Consumer
CUST-14804,Helen Morales,helen.morales236@gmail.com,+1-239-676-9694,2932 Cedar Blvd,Minneapolis,MN,62547,United States,2024-02-13,Corporate
CUST-14805,  Vincent Mcdonald  ,vincent.mcdonald782@icloud.com,+1-880-842-6979,6960 Cedar Blvd,Clarksville,TN,74309,United States,2025-12-26,Consumer
CUST-14806,Keith Patterson,keith.patterson155@corporate.com,+1-858-787-9617,7920 Park Blvd,Bridgeport,CT,60336,United States,2023-04-23,Consumer
CUST-14807,Sandra Gonzalez,sandra.gonzalez227@hotmail.com,,8674 Elm St,Edmond,OK,70589,United States,2024-06-07,Corporate
CUST-14808,Jordan Ramos,jordan.ramos785@outlook.com,+1-799-439-7531,1724 Washington Ave,Green Bay,WI,69850,United States,2023-11-25,Corporate
CUST-14809,Brittany Olson,brittany.olson918@outlook.com,+1-783-603-9842,6379 Cedar Blvd,Columbia,MO,85162,United States,2026-03-09,Consumer
CUST-14810,Brittany Cole,brittany.cole648@corporate.com,,2198 Park Blvd,Gresham,OR,40234,United States,2023-11-16,Consumer
CUST-14811,Kelly Castillo,kelly.castillo676@hotmail.com,+1-316-926-4207,8461 Cedar Blvd,San Diego,CA,11186,United States,2024-05-08,Corporate
CUST-14812,Margaret Taylor,margaret.taylor671@outlook.com,+1-204-857-8686,9885 Main St,Jersey City,NJ,81307,United States,2023-11-03,Small Business
CUST-14813,Bruce Henry,bruce.henry421@yahoo.com,+1-728-378-7122,6887 Lakeview Ave,Tuscaloosa,AL,99197,United States,2023-08-06,Consumer
CUST-14814,David Baker,david.baker921@gmail.com,+1-348-374-3941,5029 Pine St,Denver,CO,27184,United States,2023-04-26,Corporate
CUST-14815,Roy Bell,roy.bell585@corporate.com,+1-607-619-4001,6709 Elm St,Austin,TX,57107,United States,2024-08-02,Small Business
CUST-14816,Scott Parker,scott.parker211@outlook.com,+1-402-889-9553,4442 Main St,Covington,KY,36359,United States,2023-05-12,Consumer
CUST-14817,Melissa Jenkins,melissa.jenkins599@proton.me,+1-658-655-5857,2844 Park Blvd,Cambridge,MA,43401,United States,2025-12-23,Consumer
CUST-14818,Gloria Ortiz,gloria.ortiz749@proton.me,+1-507-679-3528,887 Highland Dr,Bloomington,MN,13385,United States,2026-02-07,Consumer
CUST-14819,Maria Wood,maria.wood744@hotmail.com,+1-682-313-9208,9999 Oak Ave,Gaithersburg,MD,70202,United States,2025-08-14,Corporate
CUST-14820,Barbara Cole,barbara.cole39@yahoo.com,+1-658-782-8717,7798 Washington Ave,Bridgeport,CT,16031,United States,2025-02-10,Consumer
CUST-14821,Susan Rivera,susan.rivera951@icloud.com,+1-905-917-8046,5145 Maple Rd,Los Angeles,CA,94980,United States,2025-07-08,Consumer
CUST-14822,Amy Mendoza,amy.mendoza626@hotmail.com,+1-303-369-5258,5608 Broadway,Pittsburgh,PA,13880,United States,2024-08-15,Corporate
CUST-14823,Billy Ramirez,billy.ramirez379@hotmail.com,+1-862-226-5138,1835 Oak Ave,Huntsville,AL,32197,United States,2025-08-02,Corporate
CUST-14824,Diane Bennett,diane.bennett721@proton.me,+1-299-655-7381,5334 Washington Ave,Norfolk,VA,53167,United States,2024-12-13,Corporate
CUST-14825,Julie Cox,julie.cox906@outlook.com,+1-617-351-9376,7998 Elm St,Sacramento,CA,95808,United States,2024-08-07,Consumer
CUST-14826,Jessica Roberts,jessica.roberts425@yahoo.com,+1-506-442-3905,8459 Sunset Way,Grand Rapids,MI,11313,United States,2025-11-09,Small Business
CUST-14827,Kathryn Hunter,kathryn.hunter684@gmail.com,+1-624-812-9964,1962 Sunset Way,Boston,MA,88605,United States,2024-10-15,Consumer
CUST-14828,Walter Jackson,walter.jackson70@bizmail.io,+1-298-872-2712,3762 Broadway,Greensboro,NC,85824,United States,2026-01-29,Consumer
CUST-14829,Madison Wilson,madison.wilson488@proton.me,+1-751-226-4102,9910 Oak Ave,Greenville,SC,79183,United States,2024-04-03,Consumer
CUST-14830,Evelyn Porter,evelyn.porter564@bizmail.io,+1-540-277-9307,5684 Cedar Blvd,Jersey City,NJ,97984,United States,2026-03-16,Corporate
CUST-14831,George Vargas,george.vargas592@bizmail.io,,3427 Cedar Blvd,Denver,CO,40131,United States,2023-11-19,Small Business
CUST-14832,Linda Cook,linda.cook678@corporate.com,+1-946-902-6118,5028 Oak Ave,Raleigh,NC,31625,United States,2025-11-27,Corporate
CUST-14833,Johnny Wright,johnny.wright44@corporate.com,+1-573-759-7146,2951 Lakeview Ave,Salem,OR,11839,United States,2025-04-06,Small Business
CUST-14834,Laura Gutierrez,laura.gutierrez640@icloud.com,+1-505-371-2527,1142 Pine St,Clarksville,TN,18777,United States,2023-04-07,Consumer
CUST-14835,Lauren Watson,lauren.watson96@hotmail.com,+1-311-541-7877,1246 Park Blvd,Augusta,GA,51510,United States,2023-09-08,Small Business
CUST-14836,Amanda Bailey,amanda.bailey479@outlook.com,+1-458-685-7529,1970 Park Blvd,Chicago,IL,86178,United States,2025-02-22,Consumer
CUST-14837,Albert Evans,albert.evans543@hotmail.com,+1-326-659-3556,8117 Cedar Blvd,Rochester,NY,60275,United States,2026-03-16,Consumer
CUST-14838,Judith James,judith.james403@icloud.com,+1-935-926-1091,1784 Elm St,Orlando,FL,33862,United States,2024-12-09,Small Business
CUST-14839,Gloria Snyder,gloria.snyder216@gmail.com,+1-804-355-3368,1337 Cedar Blvd,Rockford,IL,76110,United States,2025-09-04,Consumer
CUST-14840,Nicholas Chavez,nicholas.chavez429@gmail.com,+1-708-368-5894,3276 Main St,Dayton,OH,77405,United States,2026-03-07,Consumer
CUST-14841,Edward Peterson,edward.peterson388@yahoo.com,+1-829-652-3390,8897 Lakeview Ave,Orlando,FL,85167,United States,2024-07-14,Consumer
CUST-14842,Megan Hunter,megan.hunter670@outlook.com,+1-684-725-7965,3314 Lakeview Ave,Jacksonville,FL,15191,United States,2025-01-21,Corporate
CUST-14843,Douglas Butler,douglas.butler146@gmail.com,+1-618-820-6711,5309 Maple Rd,Mobile,AL,22528,United States,2024-05-21,Corporate
CUST-14844,Roy Tucker,roy.tucker887@yahoo.com,+1-542-591-7400,7832 Lakeview Ave,Columbus,OH,62128,United States,2024-07-22,Consumer
CUST-14845,Olivia Clark,olivia.clark978@outlook.com,+1-822-350-9788,8614 Oak Ave,Charlotte,NC,24869,United States,2025-03-25,Consumer
CUST-14846,Jason Fernandez,jason.fernandez471@corporate.com,+1-527-905-6860,4851 Elm St,Colorado Springs,CO,43227,United States,2024-08-05,Consumer
CUST-14847,Samuel Gutierrez,samuel.gutierrez536@gmail.com,+1-596-787-1824,5112 Cedar Blvd,Evansville,IN,88724,United States,2023-05-20,Consumer
CUST-14848,Andrea Murray,andrea.murray601@hotmail.com,+1-836-855-9924,5089 Pine St,Sparks,NV,85827,United States,2023-05-22,Corporate
CUST-14849,Donna Jimenez,donna.jimenez324@gmail.com,+1-553-895-3174,1825 Highland Dr,Rockville,MD,88135,United States,2026-03-21,Consumer
CUST-14850,Melissa Smith,melissa.smith62@yahoo.com,+1-537-435-1327,2767 Highland Dr,Cambridge,MA,35427,United States,2023-08-18,Consumer
CUST-14851,Maria Graham,maria.graham587@bizmail.io,+1-792-339-6790,3935 Sunset Way,Rochester,NY,28492,United States,2023-11-24,Consumer
CUST-14852,Andrew Romero,andrew.romero392@icloud.com,+1-454-343-6857,8620 Sunset Way,Lexington,KY,28801,United States,2025-10-31,Consumer
CUST-14853,Judy Jones,judy.jones186@bizmail.io,+1-481-381-3246,1692 Maple Rd,New Orleans,LA,65369,United States,2024-09-16,Consumer
CUST-14854,Louis Wood,louis.wood672@proton.me,+1-215-349-5893,6778 Lakeview Ave,Aurora,CO,50637,United States,2024-09-22,Consumer
CUST-14855,Charles Jimenez,charles.jimenez114@icloud.com,+1-693-696-9023,3892 Main St,Houston,TX,74848,United States,2023-06-03,Small Business
CUST-14856,Christine Harris,christine.harris467@icloud.com,+1-705-376-1934,5140 Main St,Fort Collins,CO,11364,United States,2024-09-17,Consumer
CUST-14857,Alan Kim,alan.kim115@outlook.com,+1-277-655-6610,7059 Lakeview Ave,Warren,MI,12687,United States,2026-05-13,Small Business
CUST-14858,Timothy Munoz,timothy.munoz290@proton.me,+1-573-233-2389,2662 Highland Dr,Toledo,OH,19089,United States,2024-09-03,Consumer
CUST-14859,Kenneth Murray,kenneth.murray478@bizmail.io,+1-553-592-5808,6643 Highland Dr,Columbia,MO,66080,United States,2023-12-23,Small Business
CUST-14860,Alexis Phillips,alexis.phillips45@hotmail.com,+1-735-961-2550,6759 Sunset Way,Augusta,GA,29752,United States,2024-04-08,Corporate
CUST-14861,Sara Henry,sara.henry979@gmail.com,+1-268-974-5985,6332 Oak Ave,Greenville,SC,71883,United States,2026-05-28,Small Business
CUST-14862,Joseph Gordon,joseph.gordon142@hotmail.com,+1-599-672-9817,3888 Oak Ave,Memphis,TN,91453,United States,2025-06-30,Consumer
CUST-14863,Maria Bailey,maria.bailey839@outlook.com,+1-443-344-5338,3350 Highland Dr,Newark,NJ,76606,United States,2025-07-13,Consumer
CUST-14864,Billy Ward,billy.ward981@outlook.com,+1-455-703-3571,4289 Highland Dr,Bloomington,MN,37914,United States,2023-11-26,Corporate
CUST-14865,Kevin Dixon,kevin.dixon323@gmail.com,+1-602-273-9470,6701 Broadway,Augusta,GA,28119,United States,2025-12-05,Consumer
CUST-14866,Jennifer Alvarez,jennifer.alvarez268@proton.me,+1-227-575-7662,5974 Broadway,Frederick,MD,68694,United States,2024-03-11,Consumer
CUST-14867,Joyce Chen,joyce.chen653@yahoo.com,+1-359-983-6553,9281 Main St,Cincinnati,OH,39156,United States,2025-11-18,Consumer
CUST-14868,Carol Perez,carol.perez58@hotmail.com,+1-950-504-1955,4971 Maple Rd,Durham,NC,67124,United States,2023-12-07,Consumer
CUST-14869,Danielle Coleman,danielle.coleman82@corporate.com,+1-256-462-7617,4964 Cedar Blvd,Spokane,WA,65365,United States,2024-08-24,Consumer
CUST-14870,Douglas Adams,douglas.adams716@gmail.com,+1-565-993-4570,1275 Cedar Blvd,Cambridge,MA,60720,United States,2024-09-13,Consumer
CUST-14871,Martha Turner,martha.turner398@icloud.com,+1-704-683-8889,3138 Pine St,Sterling Heights,MI,59315,United States,2023-10-28,Corporate
CUST-14872,Shirley Baker,shirley.baker190@bizmail.io,+1-855-622-2736,2289 Lakeview Ave,Evansville,IN,19453,United States,2023-09-16,Consumer
CUST-14873,Betty Green,betty.green897@bizmail.io,+1-659-823-5695,8374 Oak Ave,Hillsboro,OR,90286,United States,2024-11-05,Consumer
CUST-14874,Elizabeth Sullivan,elizabeth.sullivan365@corporate.com,+1-292-940-1175,4921 Main St,Orlando,FL,70044,United States,2023-04-28,Consumer
CUST-14875,  Edward Torres  ,edward.torres525@hotmail.com,+1-733-273-1494,6300 Maple Rd,Covington,KY,61479,United States,2024-08-07,Consumer
CUST-14876,Maria Ruiz,maria.ruiz885@corporate.com,+1-524-271-3987,519 Elm St,Madison,WI,92434,United States,2024-03-20,Consumer
CUST-14877,Steven Herrera,steven.herrera441@hotmail.com,+1-675-984-8921,227 Oak Ave,Mobile,AL,75689,United States,2026-04-08,Consumer
CUST-14878,  Emily Jones  ,emily.jones399@outlook.com,+1-703-231-7554,6181 Cedar Blvd,Saint Paul,MN,35310,United States,2025-07-26,Consumer
CUST-14879,Walter Marshall,walter.marshall969@icloud.com,+1-535-501-4700,6087 Broadway,North Las Vegas,NV,28035,United States,2024-07-23,Small Business
CUST-14880,Robert Richardson,robert.richardson234@proton.me,+1-817-572-3260,4853 Main St,Independence,MO,,United States,2024-05-25,Consumer
CUST-14881,Anna Watson,anna.watson668@corporate.com,+1-982-617-1207,6217 Sunset Way,Huntsville,AL,62318,United States,2025-12-03,Consumer
CUST-14882,Teresa Green,teresa.green991@yahoo.com,+1-544-739-9378,4133 Maple Rd,Akron,OH,93846,United States,2024-12-13,Consumer
CUST-14883,Judith Anderson,judith.anderson565@corporate.com,+1-612-880-1709,2733 Sunset Way,Miami,FL,63963,United States,2025-06-20,Consumer
CUST-14884,George Stevens,george.stevens630@corporate.com,+1-558-644-2548,8000 Sunset Way,Winston-Salem,NC,76308,United States,2025-11-21,Consumer
CUST-14885,Carolyn Gutierrez,carolyn.gutierrez832@yahoo.com,+1-958-999-2129,5276 Cedar Blvd,Columbia,SC,60321,United States,2023-04-26,Consumer
CUST-14886,Dennis Jimenez,dennis.jimenez299@bizmail.io,+1-917-488-4747,959 Cedar Blvd,Ann Arbor,MI,35784,United States,2024-09-13,Consumer
CUST-14887,Lauren Harrison,lauren.harrison454@yahoo.com,+1-311-985-6391,5836 Washington Ave,Bowling Green,KY,61869,United States,2024-11-28,Consumer
CUST-14888,Jose Smith,jose.smith459@bizmail.io,+1-638-627-1449,1347 Park Blvd,Detroit,MI,58504,United States,2024-04-07,Small Business
CUST-14889,Doris Ross,doris.ross492@icloud.com,+1-217-663-5790,8967 Lakeview Ave,Norman,OK,92359,United States,2025-11-16,Consumer
CUST-14890,Megan Wright,megan.wright853@corporate.com,+1-839-798-5993,6576 Elm St,Columbus,OH,24657,United States,2023-08-19,Corporate
CUST-14891,Betty Griffin,betty.griffin410@proton.me,+1-769-795-9947,8875 Pine St,Norman,OK,95510,United States,2024-10-10,Consumer
CUST-14892,Ann Ramos,ann.ramos33@corporate.com,+1-735-480-2742,5075 Elm St,Salem,OR,83065,United States,2024-09-17,Consumer
CUST-14893,Frank Patterson,frank.patterson658@corporate.com,+1-934-662-8681,2246 Sunset Way,Kansas City,MO,54869,United States,2025-04-23,Consumer
CUST-14894,Nancy Carter,nancy.carter887@outlook.com,+1-692-612-4532,9845 Oak Ave,Springfield,IL,39710,United States,2026-04-18,Consumer
CUST-14895,Jordan Reed,jordan.reed412@bizmail.io,+1-896-911-7281,6104 Highland Dr,Akron,OH,69092,United States,2023-08-13,Small Business
CUST-14896,Megan Ramirez,megan.ramirez967@bizmail.io,+1-564-432-5361,738 Highland Dr,Louisville,KY,98374,United States,2023-06-04,Consumer
CUST-14897,Kathryn Shaw,kathryn.shaw99@bizmail.io,+1-523-629-4574,4739 Pine St,shreveport,LA,24872,United States,2023-12-10,Consumer
CUST-14898,Jesse Sanchez,jesse.sanchez639@corporate.com,+1-835-629-8871,2763 Park Blvd,Salem,OR,66793,United States,2024-04-07,Corporate
CUST-14899,Kathleen Diaz,kathleen.diaz954@icloud.com,+1-703-404-2067,9348 Washington Ave,Lexington,KY,59713,United States,2025-06-07,Corporate
CUST-14900,Deborah Butler,deborah.butler918@gmail.com,+1-245-640-8745,9214 Lakeview Ave,Las Vegas,NV,26557,United States,2023-08-11,Consumer
CUST-14901,Christina Walker,christina.walker98@hotmail.com,+1-941-930-8678,343 Oak Ave,North Las Vegas,NV,86660,United States,2024-05-03,Consumer
CUST-14902,Frances Diaz,frances.diaz90@corporate.com,+1-482-595-1446,8086 Broadway,rochester,MN,48361,United States,2024-12-24,Consumer
CUST-14903,Danielle Powell,danielle.powell349@icloud.com,+1-251-232-5265,5470 Elm St,West Valley City,UT,81912,United States,2024-06-19,Consumer
CUST-14904,Aaron Ford,aaron.ford165@outlook.com,+1-956-253-1302,6405 Elm St,Madison,WI,29665,United States,2024-07-13,Corporate
CUST-14905,Ethan Mason,ethan.mason288@outlook.com,+1-853-257-2359,8416 Broadway,Detroit,MI,48915,United States,2023-11-18,Small Business
CUST-14906,Brenda Torres,brenda.torres488@outlook.com,+1-269-711-1449,4697 Lakeview Ave,Mount Pleasant,SC,82017,United States,2026-05-29,Consumer
CUST-14907,Walter Snyder,walter.snyder828@bizmail.io,+1-825-597-3320,2137 Oak Ave,Sparks,NV,25840,United States,2026-04-05,Small Business
CUST-14908,Donna Stewart,donna.stewart529@icloud.com,+1-606-573-9837,137 Lakeview Ave,Durham,NC,54953,United States,2026-03-09,Corporate
CUST-14909,Matthew Sullivan,matthew.sullivan114@icloud.com,+1-632-617-3681,2837 Maple Rd,Newport News,VA,99630,United States,2024-02-01,Small Business
CUST-14910,Elizabeth Owens,elizabeth.owens38@outlook.com,+1-302-443-1342,6055 Main St,Oklahoma City,OK,99765,United States,2024-04-21,Corporate
CUST-14911,Jacob Burns,jacob.burns924@hotmail.com,+1-742-760-2176,4459 Washington Ave,Clarksville,TN,35451,United States,2024-12-15,Consumer
CUST-14912,Philip Mcdonald,philip.mcdonald25@bizmail.io,+1-780-907-5956,3501 Pine St,Durham,NC,49582,United States,2025-08-07,Consumer
CUST-14913,Amber Graham,amber.graham101@corporate.com,+1-390-289-4645,2889 Cedar Blvd,Vancouver,WA,60529,United States,2024-05-06,Consumer
CUST-14914,Janet Williams,janet.williams839@corporate.com,+1-284-240-4183,2305 Oak Ave,Orem,UT,73344,United States,2025-10-09,Consumer
CUST-14915,Keith Johnson,keith.johnson694@bizmail.io,+1-894-234-6439,1340 Lakeview Ave,Worcester,MA,59609,United States,2023-04-18,Consumer
CUST-14916,Noah Castro,noah.castro28@hotmail.com,+1-549-841-9365,1533 Washington Ave,Salt Lake City,UT,88997,United States,2025-03-19,Consumer
CUST-14917,Melissa Guzman,melissa.guzman287@outlook.com,+1-998-233-2434,9297 Elm St,Madison,WI,11285,United States,2025-12-14,Consumer
CUST-14918,Kenneth Wallace,kenneth.wallace459@corporate.com,+1-559-620-9049,3142 Maple Rd,Miami,FL,82071,United States,2025-02-20,Consumer
CUST-14919,Maria Bennett,maria.bennett329@yahoo.com,+1-255-298-6798,9618 Highland Dr,Columbia,SC,77672,United States,2026-04-13,Consumer
CUST-14920,George Ortiz,george.ortiz820@hotmail.com,+1-228-934-7553,7179 Oak Ave,North Charleston,SC,43397,United States,2025-06-01,Corporate
CUST-14921,Amanda Allen,amanda.allen856@corporate.com,+1-917-891-5545,8953 Washington Ave,Syracuse,NY,74315,United States,2025-08-30,Consumer
CUST-14922,Ann Baker,ann.baker131@hotmail.com,+1-424-380-2218,1973 Lakeview Ave,Bowling Green,KY,87070,United States,2024-06-17,Consumer
CUST-14923,Dennis Thomas,dennis.thomas66@gmail.com,+1-765-623-2865,7503 Sunset Way,Fort Worth,TX,32921,United States,2024-06-26,Consumer
CUST-14924,Mark Phillips,mark.phillips462@icloud.com,+1-353-471-3539,1074 Lakeview Ave,Savannah,GA,50229,United States,2024-07-04,Small Business
CUST-14925,Isabella Edwards,isabella.edwards604@outlook.com,+1-523-689-1421,8169 Lakeview Ave,Newport News,VA,59026,United States,2023-12-31,Consumer
CUST-14926,Grace Vargas,grace.vargas735@corporate.com,+1-963-789-9815,1278 Oak Ave,Milwaukee,WI,44312,United States,2025-07-14,Corporate
CUST-14927,Nancy Dixon,nancy.dixon729@corporate.com,+1-941-273-7273,8114 Oak Ave,Nashville,TN,33733,United States,2025-02-19,Consumer
CUST-14928,George Bryant,george.bryant91@gmail.com,,1697 Main St,Aurora,IL,48334,United States,2026-02-11,Consumer
CUST-14929,Timothy Mitchell,timothy.mitchell321@icloud.com,+1-852-325-4895,8880 Pine St,Lake Charles,LA,21358,United States,2026-04-23,Corporate
CUST-14930,Amy White,amy.white181@icloud.com,+1-254-693-4788,1405 Cedar Blvd,Greenville,SC,87869,United States,2026-01-11,Consumer
CUST-14931,Carl Medina,carl.medina471@bizmail.io,+1-274-415-1669,5058 Maple Rd,Salem,OR,79354,United States,2023-10-08,Corporate
CUST-14932,Amber Perry,amber.perry17@gmail.com,+1-959-695-8518,7094 Pine St,Bridgeport,CT,87005,United States,2023-08-03,Consumer
CUST-14933,Peter Rodriguez,peter.rodriguez392@icloud.com,+1-986-801-2075,3183 Sunset Way,Evansville,IN,29553,United States,2023-10-27,Consumer
CUST-14934,Sarah Edwards,sarah.edwards674@hotmail.com,+1-456-750-6490,2089 Highland Dr,Broken Arrow,OK,92194,United States,2025-09-23,Consumer
CUST-14935,Carol Edwards,carol.edwards189@proton.me,,6040 Elm St,Greensboro,NC,15432,United States,2025-04-06,Small Business
CUST-14936,Noah Crawford,noah.crawford108@gmail.com,+1-735-880-8423,4580 Sunset Way,Denver,CO,68159,United States,2025-07-24,Consumer
CUST-14937,Bryan Mendez,bryan.mendez582@bizmail.io,+1-896-337-6549,4210 Park Blvd,Sterling Heights,MI,11456,United States,2023-12-26,Corporate
CUST-14938,Gregory Stewart,gregory.stewart772@bizmail.io,+1-645-749-4681,6138 Cedar Blvd,Lake Charles,LA,25509,United States,2023-07-19,Consumer
CUST-14939,Christopher Lewis,christopher.lewis164@yahoo.com,+1-822-732-8869,4285 Pine St,Oklahoma City,OK,65983,United States,2026-05-08,Consumer
CUST-14940,Stephanie White,stephanie.white704@yahoo.com,+1-597-494-2882,409 Park Blvd,Kansas City,MO,55214,United States,2024-01-24,Consumer
CUST-14941,  Anna Mendoza  ,anna.mendoza861@outlook.com,+1-444-967-1409,6332 Lakeview Ave,Kenosha,WI,47827,United States,2025-10-06,Small Business
CUST-14942,Madison Brown,madison.brown991@hotmail.com,+1-367-527-3644,4503 Washington Ave,Knoxville,TN,77842,United States,2025-10-09,Corporate
CUST-14943,Donald Guzman,donald.guzman830@hotmail.com,+1-699-403-1400,8767 Park Blvd,Yonkers,NY,95289,United States,2025-03-11,Consumer
CUST-14944,  Grace Washington  ,grace.washington996@icloud.com,+1-537-882-6919,1958 Cedar Blvd,Cleveland,OH,45813,United States,2023-04-11,Consumer
CUST-14945,Marie Sullivan,marie.sullivan146@icloud.com,+1-387-482-7804,9389 Cedar Blvd,Provo,UT,35739,United States,2024-04-28,Consumer
CUST-14946,Madison Bryant,madison.bryant961@bizmail.io,+1-684-693-3586,977 Pine St,Fort Wayne,IN,96106,United States,2023-04-28,Consumer
CUST-14947,Megan Walker,megan.walker289@outlook.com,+1-676-313-7159,7070 Elm St,Carmel,IN,99002,United States,2023-08-07,Consumer
CUST-14948,Raymond Parker,raymond.parker904@icloud.com,+1-472-698-8087,9894 Washington Ave,Evansville,IN,12424,United States,2025-07-03,Consumer
CUST-14949,Jonathan Ward,jonathan.ward988@hotmail.com,+1-353-548-4551,2746 Sunset Way,Chandler,AZ,77863,United States,2026-05-31,Consumer
CUST-14950,Mary Gordon,mary.gordon673@bizmail.io,+1-379-316-4109,9401 Sunset Way,Los Angeles,CA,22850,United States,2023-04-24,Corporate
CUST-14951,Kevin Martinez,kevin.martinez652@proton.me,+1-658-368-4325,8896 Washington Ave,Bowling Green,KY,66105,United States,2026-04-02,Consumer
CUST-14952,Richard Martin,richard.martin605@yahoo.com,+1-449-986-8064,4535 Main St,Gresham,OR,19157,United States,2023-05-11,Consumer
CUST-14953,Carl Rodriguez,carl.rodriguez848@hotmail.com,+1-247-503-9093,8092 Cedar Blvd,Huntsville,AL,77117,United States,2024-05-22,Consumer
CUST-14954,Donald Tran,donald.tran861@hotmail.com,+1-265-597-4665,3090 Maple Rd,Ann Arbor,MI,70290,United States,2023-06-13,Small Business
CUST-14955,Jose Edwards,jose.edwards15@outlook.com,+1-428-543-3405,1619 Park Blvd,Chandler,AZ,96978,United States,2025-02-14,Consumer
CUST-14956,Betty Walker,betty.walker81@icloud.com,+1-228-917-6284,1315 Main St,Reading,PA,85225,United States,2023-04-14,Consumer
CUST-14957,Robert Price,robert.price898@corporate.com,+1-883-252-6453,6276 Maple Rd,Dallas,TX,70260,United States,2023-06-30,Consumer
CUST-14958,Elizabeth Webb,elizabeth.webb423@proton.me,+1-943-472-4235,4377 Broadway,Lowell,MA,69025,United States,2024-12-24,Consumer
CUST-14959,Stephen Wood,stephen.wood274@corporate.com,+1-410-688-4403,4168 Cedar Blvd,ROCKFORD,IL,52493,United States,2023-07-30,Small Business
CUST-14960,Helen Patterson,helen.patterson251@hotmail.com,+1-867-380-6996,4154 Lakeview Ave,vancouver,WA,29867,United States,2025-11-10,Consumer
CUST-14961,Steven Silva,steven.silva305@gmail.com,+1-970-203-2779,1570 Maple Rd,Louisville,KY,87722,United States,2023-06-19,Consumer
CUST-14962,Jeremy Herrera,jeremy.herrera309@yahoo.com,+1-510-595-6700,6917 Washington Ave,Columbia,MO,96060,United States,2025-11-03,Consumer
CUST-14963,Harold Martinez,harold.martinez685@bizmail.io,+1-399-983-8470,6119 Oak Ave,Baton Rouge,LA,93917,United States,2024-12-14,Consumer
CUST-14964,Kathleen Chavez,kathleen.chavez768@outlook.com,+1-329-356-9772,5023 Park Blvd,Montgomery,AL,66100,United States,2024-06-11,Corporate
CUST-14965,Elizabeth Anderson,elizabeth.anderson599@yahoo.com,+1-861-357-7235,1867 Highland Dr,Ann Arbor,MI,10190,United States,2023-09-07,Consumer
CUST-14966,Jack Sanchez,jack.sanchez647@hotmail.com,+1-258-259-6092,8449 Highland Dr,St. Petersburg,FL,58606,United States,2024-09-29,Corporate
CUST-14967,Mary Fernandez,mary.fernandez287@hotmail.com,+1-811-521-7190,9374 Park Blvd,Bellevue,WA,58358,United States,2025-01-04,Small Business
CUST-14968,Joyce Moore,joyce.moore56@yahoo.com,+1-972-914-6371,2287 Maple Rd,Columbus,GA,12264,United States,2025-07-07,Consumer
CUST-14969,Michael Mendez,michael.mendez450@outlook.com,+1-807-935-5428,2896 Main St,Virginia Beach,VA,73271,United States,2025-11-29,Consumer
CUST-14970,Christina Wright,christina.wright237@hotmail.com,+1-378-391-1400,8583 Maple Rd,Syracuse,NY,49394,United States,2025-05-17,Consumer
CUST-14971,Nancy Guzman,nancy.guzman476@bizmail.io,+1-416-495-2808,4023 Park Blvd,Aurora,CO,,United States,2023-05-06,Consumer
CUST-14972,Theresa Patterson,theresa.patterson662@icloud.com,+1-599-953-2125,8310 Park Blvd,Elizabeth,NJ,23049,United States,2025-02-23,Consumer
CUST-14973,Andrea Webb,andrea.webb382@outlook.com,+1-528-746-6222,4144 Elm St,Dayton,OH,99487,United States,2024-05-25,Consumer
CUST-14974,Arthur Mendoza,arthur.mendoza308@icloud.com,+1-631-255-5733,4030 Sunset Way,Paterson,NJ,23811,United States,2025-09-28,Consumer
CUST-14975,Jacob Smith,jacob.smith784@corporate.com,+1-948-233-7982,4411 Broadway,Evansville,IN,83190,United States,2023-05-20,Consumer
CUST-14976,Scott Flores,scott.flores897@corporate.com,+1-792-396-5066,8240 Elm St,Huntsville,AL,84419,United States,2024-05-19,Consumer
CUST-14977,Richard Sanchez,richard.sanchez551@gmail.com,+1-638-406-6566,8629 Pine St,Reno,NV,12192,United States,2024-08-01,Consumer
CUST-14978,Billy Chavez,billy.chavez362@icloud.com,+1-694-247-5165,7867 Washington Ave,Orem,UT,60983,United States,2025-05-26,Corporate
CUST-14979,Alice Fernandez,alice.fernandez251@proton.me,+1-255-563-2601,8715 Cedar Blvd,North Las Vegas,NV,81877,United States,2024-06-05,Consumer
CUST-14980,George Alexander,george.alexander512@gmail.com,+1-327-482-3906,9758 Elm St,Chesapeake,VA,93160,United States,2024-05-19,Consumer
CUST-14981,Joyce Vargas,joyce.vargas316@gmail.com,+1-358-305-3018,572 Pine St,Bellevue,WA,39480,United States,2025-01-15,Consumer
CUST-14982,Hannah Hernandez,hannah.hernandez378@icloud.com,+1-513-849-4489,437 Highland Dr,Seattle,WA,61723,United States,2024-10-19,Consumer
CUST-14983,Ronald Richardson,ronald.richardson392@proton.me,+1-704-660-4115,9520 Main St,Chandler,AZ,17059,United States,2025-09-19,Consumer
CUST-14984,Pamela Roberts,pamela.roberts92@icloud.com,+1-275-914-3548,1319 Lakeview Ave,Pittsburgh,PA,35289,United States,2024-01-30,Consumer
CUST-14985,Juan Hernandez,juan.hernandez205@gmail.com,+1-234-656-9183,9259 Highland Dr,Columbia,MO,71772,United States,2025-03-13,Corporate
CUST-14986,Arthur Russell,arthur.russell720@corporate.com,+1-594-640-9345,8407 Pine St,Lafayette,LA,11423,United States,2023-04-27,Small Business
CUST-14987,Daniel Gonzales,daniel.gonzales228@icloud.com,+1-745-267-3947,8134 Maple Rd,Syracuse,NY,81162,United States,2024-08-13,Corporate
CUST-14988,Barbara Ramirez,barbara.ramirez214@icloud.com,+1-486-585-9465,9952 Sunset Way,Rochester,NY,49961,United States,2024-11-26,Consumer
CUST-14989,Andrea Reed,andrea.reed887@bizmail.io,+1-382-576-9474,307 Oak Ave,Rockville,MD,38137,United States,2025-01-08,Corporate
CUST-14990,Cynthia Patel,cynthia.patel166@gmail.com,+1-236-409-3989,3780 Main St,Ann Arbor,MI,64160,United States,2023-06-29,Consumer
CUST-14991,Eugene Crawford,eugene.crawford71@yahoo.com,+1-702-434-9314,5913 Elm St,Bellevue,WA,62251,United States,2025-08-27,Consumer
CUST-14992,Richard Ruiz,richard.ruiz855@bizmail.io,+1-892-585-2502,5029 Maple Rd,Lakewood,CO,22055,United States,2025-11-18,Consumer
CUST-14993,Pamela Ward,pamela.ward790@gmail.com,+1-463-844-2471,1522 Main St,CHANDLER,AZ,72583,United States,2025-02-21,Consumer
CUST-14994,Bruce Powell,bruce.powell959@proton.me,+1-872-803-8808,4337 Sunset Way,Milwaukee,WI,36594,United States,2024-11-13,Consumer
CUST-14995,Jonathan Scott,jonathan.scott772@icloud.com,+1-292-653-9000,9671 Oak Ave,Joliet,IL,54404,United States,2024-04-30,Consumer
CUST-14996,Olivia Hall,olivia.hall239@icloud.com,+1-708-402-5216,3237 Pine St,Mesa,AZ,60449,United States,2024-05-28,Consumer
CUST-14997,Jordan Thomas,jordan.thomas182@hotmail.com,+1-381-222-2183,2271 Park Blvd,New Orleans,LA,13210,United States,2026-04-10,Consumer
CUST-14998,Maria Jenkins,maria.jenkins787@bizmail.io,+1-757-683-5847,4987 Oak Ave,Newport News,VA,58556,United States,2025-09-01,Consumer
CUST-14999,Emma Herrera,emma.herrera762@outlook.com,+1-697-459-3433,1374 Lakeview Ave,PHILADELPHIA,PA,73447,United States,2024-10-21,Consumer
CUST-15000,Brenda Griffin,brenda.griffin98@icloud.com,+1-642-691-2813,7254 Oak Ave,Tuscaloosa,AL,98014,United States,2023-04-17,Consumer
CUST-15001,Pamela Freeman,pamela.freeman668@yahoo.com,+1-848-356-7288,3958 Lakeview Ave,Lakewood,CO,88546,United States,2023-08-04,Consumer
CUST-15002,Kelly Tucker,kelly.tucker670@proton.me,+1-203-804-8628,4019 Cedar Blvd,DALLAS,TX,55928,United States,2024-09-07,Consumer
CUST-15003,Ethan Lopez,ethan.lopez731@hotmail.com,+1-374-806-9956,6002 Lakeview Ave,EDMOND,OK,31170,United States,2025-03-03,Consumer
CUST-15004,Billy Reyes,billy.reyes910@icloud.com,+1-874-501-7274,4374 Park Blvd,Warren,MI,61102,United States,2024-11-09,Consumer
CUST-15005,Alexander Kennedy,alexander.kennedy24@yahoo.com,+1-996-581-3082,2810 Lakeview Ave,Atlanta,GA,20888,United States,2025-09-25,Consumer
CUST-15006,Martha White,martha.white970@yahoo.com,+1-367-400-7973,9289 Sunset Way,Waterbury,CT,,United States,2024-06-11,Consumer
CUST-15007,Gabriel Fernandez,gabriel.fernandez971@proton.me,+1-303-273-5037,9695 Elm St,Augusta,GA,41086,United States,2025-06-11,Corporate
CUST-15008,Eugene Ortiz,eugene.ortiz224@yahoo.com,+1-680-611-9943,1782 Main St,Richmond,VA,12525,United States,2024-10-22,Corporate
CUST-15009,Charlotte Munoz,charlotte.munoz491@gmail.com,+1-692-392-1928,8474 Oak Ave,Salem,OR,46463,United States,2025-03-18,Consumer
CUST-15010,Laura Vasquez,laura.vasquez706@hotmail.com,+1-976-583-3006,7335 Cedar Blvd,Springfield,MA,55000,United States,2024-05-28,Corporate
CUST-15011,  Sarah Sullivan  ,sarah.sullivan476@corporate.com,+1-577-659-9694,1580 Elm St,North Charleston,SC,76554,United States,2024-07-07,Corporate
CUST-15012,Tyler Price,tyler.price158@corporate.com,+1-456-357-2254,3650 Washington Ave,Denver,CO,67481,United States,2024-07-13,Consumer
CUST-15013,Lisa Cox,lisa.cox845@outlook.com,+1-821-907-5653,5517 Cedar Blvd,West Valley City,UT,32747,United States,2023-09-14,Small Business
CUST-15014,Ralph Brooks,ralph.brooks909@yahoo.com,+1-760-877-1255,5562 Pine St,Tacoma,WA,,United States,2025-12-16,Corporate
CUST-15015,Katherine Edwards,katherine.edwards689@hotmail.com,+1-987-363-1311,7738 Highland Dr,Huntsville,AL,97130,United States,2023-07-06,Consumer
CUST-15016,Madison Webb,madison.webb615@corporate.com,+1-537-956-2306,3805 Oak Ave,Edmond,OK,70691,United States,2026-03-16,Consumer
CUST-15017,Jennifer Aguilar,jennifer.aguilar468@hotmail.com,+1-910-798-2972,7018 Park Blvd,Indianapolis,IN,53711,United States,2023-11-03,Consumer
CUST-15018,Nathan Reynolds,nathan.reynolds930@corporate.com,+1-640-704-9959,8864 Elm St,Duluth,MN,78938,United States,2026-02-20,Consumer
CUST-15019,Amanda Garcia,amanda.garcia159@proton.me,+1-679-826-5897,1088 Oak Ave,Sparks,NV,58191,United States,2025-04-14,Corporate
CUST-15020,Brenda Perez,brenda.perez536@proton.me,+1-291-308-9900,9162 Broadway,Las Vegas,NV,62293,United States,2024-05-08,Consumer
CUST-15021,Johnny Cole,johnny.cole533@gmail.com,+1-772-993-6249,2012 Lakeview Ave,Memphis,TN,45630,United States,2023-06-01,Consumer
CUST-15022,Virginia Jordan,virginia.jordan595@proton.me,+1-497-224-3303,3245 Oak Ave,Boston,MA,59891,United States,2024-04-25,Small Business
CUST-15023,Bobby Kelly,bobby.kelly211@corporate.com,+1-801-833-6637,7667 Oak Ave,Bloomington,MN,83424,United States,2025-05-19,Small Business
CUST-15024,Albert Silva,albert.silva118@corporate.com,+1-760-499-6695,1176 Broadway,Boston,MA,15955,United States,2024-06-07,Consumer
CUST-15025,Abigail Thomas,abigail.thomas837@icloud.com,+1-245-407-9802,1988 Pine St,Savannah,GA,68343,United States,2025-06-09,Corporate
CUST-15026,Susan Peterson,susan.peterson765@corporate.com,+1-347-776-3629,2567 Elm St,Gaithersburg,MD,34113,United States,2026-05-26,Corporate
CUST-15027,Randy Alvarez,randy.alvarez131@gmail.com,+1-941-778-6892,3365 Maple Rd,Cambridge,MA,32039,United States,2025-04-11,Corporate
CUST-15028,Paul Hernandez,paul.hernandez290@gmail.com,+1-572-791-9155,3604 Main St,Vancouver,WA,58313,United States,2023-12-28,Consumer
CUST-15029,Kathleen Reynolds,kathleen.reynolds796@icloud.com,+1-204-935-7564,9286 Maple Rd,Virginia Beach,VA,76402,United States,2024-12-24,Consumer
CUST-15030,Olivia Wilson,olivia.wilson509@outlook.com,+1-797-505-3222,7406 Lakeview Ave,Sparks,NV,65016,United States,2024-11-08,Consumer
CUST-15031,Sara Moore,sara.moore720@gmail.com,+1-236-475-8330,2494 Main St,West Valley City,UT,69242,United States,2024-01-04,Consumer
CUST-15032,Jacqueline Mcdonald,jacqueline.mcdonald586@bizmail.io,+1-202-985-8214,7900 Main St,Akron,OH,68025,United States,2025-06-20,Corporate
CUST-15033,Carol Kim,carol.kim99@gmail.com,+1-329-835-4557,2437 Oak Ave,Greensboro,NC,42599,United States,2025-06-11,Consumer
CUST-15034,Diane Reynolds,diane.reynolds612@outlook.com,+1-947-548-5317,2508 Park Blvd,Portland,OR,14657,United States,2024-12-07,Consumer
CUST-15035,Sharon Ramirez,sharon.ramirez72@icloud.com,+1-995-485-4081,580 Park Blvd,Oklahoma City,OK,81454,United States,2023-07-14,Consumer
CUST-15036,Terry Snyder,terry.snyder774@hotmail.com,+1-553-225-3163,8194 Broadway,Bridgeport,CT,53323,United States,2025-03-13,Consumer
CUST-15037,Frances Jenkins,frances.jenkins619@bizmail.io,+1-486-718-5896,6920 Broadway,Newport News,VA,22689,United States,2023-07-05,Consumer
CUST-15038,Michelle Baker,michelle.baker270@outlook.com,+1-542-208-5960,6777 Pine St,Reading,PA,62244,United States,2025-05-07,Small Business
CUST-15039,Roy West,roy.west844@hotmail.com,+1-254-617-8134,1490 Maple Rd,Joliet,IL,,United States,2024-10-09,Consumer
CUST-15040,Sarah Gonzales,sarah.gonzales829@hotmail.com,+1-920-317-2721,1758 Lakeview Ave,Louisville,KY,30574,United States,2026-03-15,Consumer
CUST-15041,Amanda Sanchez,amanda.sanchez674@outlook.com,+1-618-951-3967,1613 Washington Ave,Gaithersburg,MD,90008,United States,2026-04-14,Consumer
CUST-15042,Brittany Jones,brittany.jones81@hotmail.com,+1-269-235-3142,4707 Pine St,Yonkers,NY,35548,United States,2025-07-15,Consumer
CUST-15043,Isabella Kim,isabella.kim889@corporate.com,+1-492-351-7452,2121 Lakeview Ave,Rochester,MN,67090,United States,2026-05-23,Small Business
CUST-15044,Stephen Alexander,stephen.alexander223@yahoo.com,+1-737-768-9041,707 Washington Ave,Owensboro,KY,98466,United States,2025-08-23,Small Business
CUST-15045,Maria Torres,maria.torres963@hotmail.com,+1-949-562-8791,1300 Highland Dr,Toledo,OH,46916,United States,2026-04-26,Consumer
CUST-15046,Juan Wallace,juan.wallace85@hotmail.com,+1-348-293-2626,4661 Main St,Grand Rapids,MI,92175,United States,2025-04-17,Consumer
CUST-15047,Karen Reyes,karen.reyes621@outlook.com,+1-807-210-9103,1038 Cedar Blvd,Bloomington,MN,50947,United States,2023-12-19,Consumer
CUST-15048,Austin Howard,austin.howard754@hotmail.com,+1-346-504-9019,1029 Washington Ave,Boston,MA,38862,United States,2025-06-11,Consumer
CUST-15049,Amber Kennedy,amber.kennedy721@bizmail.io,+1-977-299-7900,4864 Main St,Aurora,IL,51230,United States,2025-08-31,Corporate
CUST-15050,Keith Wells,keith.wells130@hotmail.com,+1-427-852-5601,6059 Washington Ave,Salem,OR,44551,United States,2024-05-24,Consumer
CUST-15051,Sharon Burns,sharon.burns870@yahoo.com,+1-342-949-1731,6418 Cedar Blvd,Fort Worth,TX,15508,United States,2023-09-19,Consumer
CUST-15052,Harold Alvarez,harold.alvarez488@proton.me,+1-614-671-6832,6957 Pine St,Green Bay,WI,88330,United States,2023-09-27,Consumer
CUST-15053,Dennis Jenkins,dennis.jenkins741@yahoo.com,+1-425-509-9362,1790 Washington Ave,Bowling Green,KY,85368,United States,2023-12-10,Small Business
CUST-15054,Diana Bailey,diana.bailey807@outlook.com,+1-365-313-7934,4291 Lakeview Ave,Cleveland,OH,49551,United States,2026-05-07,Consumer
CUST-15055,Marilyn Reed,marilyn.reed323@corporate.com,+1-297-213-1267,4753 Highland Dr,Columbia,SC,25727,United States,2024-10-21,Consumer
CUST-15056,Jordan Hernandez,jordan.hernandez792@icloud.com,+1-632-574-2237,4897 Washington Ave,Trenton,NJ,23138,United States,2026-02-12,Consumer
CUST-15057,Logan Perez,logan.perez432@proton.me,+1-409-834-8492,9547 Main St,West Valley City,UT,73081,United States,2023-05-28,Consumer
CUST-15058,Jacqueline Parker,jacqueline.parker60@bizmail.io,+1-566-236-6437,1065 Broadway,Houston,TX,81162,United States,2024-12-24,Small Business
CUST-15059,Samuel Cooper,samuel.cooper291@gmail.com,+1-328-942-5887,2971 Lakeview Ave,Orlando,FL,66335,United States,2024-04-29,Consumer
CUST-15060,Logan Woods,logan.woods975@icloud.com,+1-302-348-2585,5996 Elm St,Rockville,MD,10338,United States,2024-07-19,Small Business
CUST-15061,Madison Patel,madison.patel81@bizmail.io,+1-313-643-7413,5638 Elm St,Baton Rouge,LA,45126,United States,2023-03-20,Small Business
CUST-15062,Barbara Walker,barbara.walker491@gmail.com,+1-409-332-9977,824 Broadway,Houston,TX,94658,United States,2023-05-10,Consumer
CUST-15063,  Stephanie Castro  ,stephanie.castro283@yahoo.com,+1-681-793-3556,1256 Broadway,Seattle,WA,47610,United States,2025-04-17,Consumer
CUST-15064,Frances Walker,frances.walker576@bizmail.io,,2036 Park Blvd,Tampa,FL,63532,United States,2026-01-22,Consumer
CUST-15065,Ashley Myers,ashley.myers52@icloud.com,+1-571-533-7508,7659 Cedar Blvd,Springfield,MO,55887,United States,2025-03-30,Consumer
CUST-15066,Joshua Walker,joshua.walker327@icloud.com,+1-461-925-7245,6318 Lakeview Ave,Louisville,KY,34203,United States,2025-04-11,Consumer
CUST-15067,Mark Phillips,mark.phillips242@hotmail.com,+1-464-214-7291,136 Oak Ave,Philadelphia,PA,53858,United States,2024-04-19,Corporate
CUST-15068,Vincent Lewis,vincent.lewis291@hotmail.com,+1-463-662-7099,3702 Highland Dr,San Diego,CA,82510,United States,2025-09-05,Consumer
CUST-15069,Linda Wallace,linda.wallace880@icloud.com,+1-578-441-4458,4106 Washington Ave,Indianapolis,IN,36486,United States,2024-10-02,Small Business
CUST-15070,Olivia Hughes,olivia.hughes13@bizmail.io,+1-879-558-7332,6121 Sunset Way,Indianapolis,IN,98294,United States,2025-10-16,Consumer
CUST-15071,Eric Ellis,eric.ellis773@corporate.com,,5676 Sunset Way,South Bend,IN,83214,United States,2025-01-28,Consumer
CUST-15072,Alexander Johnson,alexander.johnson729@gmail.com,+1-692-330-5098,8764 Elm St,Lexington,KY,15493,United States,2023-09-23,Consumer
CUST-15073,Maria Barnes,maria.barnes944@icloud.com,+1-974-816-7625,3024 Lakeview Ave,Worcester,MA,22821,United States,2024-02-24,Consumer
CUST-15074,Frances Vargas,frances.vargas33@yahoo.com,+1-884-281-3975,1468 Pine St,Paterson,NJ,74144,United States,2023-11-04,Consumer
CUST-15075,Alice Carter,alice.carter930@bizmail.io,+1-374-724-3442,8826 Sunset Way,Rockville,MD,31126,United States,2025-02-20,Consumer
CUST-15076,Adam Patel,adam.patel189@bizmail.io,+1-488-512-8541,7715 Main St,San Diego,CA,17046,United States,2024-04-09,Consumer
CUST-15077,Timothy Morris,timothy.morris642@outlook.com,+1-474-963-5652,2241 Cedar Blvd,Clarksville,TN,30770,United States,2024-07-10,Corporate
CUST-15078,Diane Owens,diane.owens263@icloud.com,+1-882-836-7379,534 Washington Ave,Grand Rapids,MI,87586,United States,2023-07-08,Consumer
CUST-15079,Ronald Marshall,ronald.marshall623@outlook.com,+1-799-502-8704,8329 Broadway,Savannah,GA,24371,United States,2025-08-02,Consumer
CUST-15080,Shirley Castillo,shirley.castillo689@yahoo.com,+1-864-850-9888,6840 Sunset Way,Charleston,SC,35179,United States,2024-01-23,Corporate
CUST-15081,Sara Campbell,sara.campbell958@yahoo.com,+1-846-380-7754,4930 Elm St,Racine,WI,50707,United States,2023-10-02,Small Business
CUST-15082,Kimberly Alexander,kimberly.alexander628@yahoo.com,+1-849-324-5313,1912 Lakeview Ave,St. Petersburg,FL,55563,United States,2023-08-21,Consumer
CUST-15083,Marilyn Romero,marilyn.romero132@hotmail.com,,4290 Park Blvd,Reading,PA,22643,United States,2023-10-10,Corporate
CUST-15084,Amanda Gomez,amanda.gomez122@bizmail.io,+1-864-346-6781,8488 Sunset Way,Duluth,MN,59415,United States,2025-12-02,Consumer
CUST-15085,Eric Ortiz,eric.ortiz664@gmail.com,+1-470-569-6340,1599 Maple Rd,North Las Vegas,NV,25368,United States,2025-06-16,Small Business
CUST-15086,Alice Washington,alice.washington661@bizmail.io,+1-513-969-6051,7367 Elm St,Orlando,FL,24312,United States,2024-04-28,Small Business
CUST-15087,Louis Collins,louis.collins232@bizmail.io,+1-224-510-8515,791 Lakeview Ave,Newark,NJ,76021,United States,2024-03-21,Consumer
CUST-15088,Rose Young,rose.young814@outlook.com,+1-313-950-3249,221 Cedar Blvd,Virginia Beach,VA,59386,United States,2025-07-02,Small Business
CUST-15089,Andrea Walker,andrea.walker684@bizmail.io,+1-834-876-6423,1459 Highland Dr,Lake Charles,LA,92527,United States,2025-01-24,Corporate
CUST-15090,Juan Gonzales,juan.gonzales163@hotmail.com,+1-232-574-6933,8397 Highland Dr,North Charleston,SC,59063,United States,2025-05-24,Consumer
CUST-15091,Rose Castillo,rose.castillo649@proton.me,+1-994-566-3565,2877 Highland Dr,Covington,KY,97374,United States,2026-01-22,Consumer
CUST-15092,William Campbell,william.campbell300@proton.me,+1-773-527-6150,4767 Maple Rd,Lakewood,CO,,United States,2024-05-14,Consumer
CUST-15093,Pamela Herrera,pamela.herrera123@outlook.com,+1-814-716-7588,7438 Cedar Blvd,West Valley City,UT,85736,United States,2023-11-17,Consumer
CUST-15094,Beverly Stewart,beverly.stewart774@icloud.com,+1-349-411-1838,157 Broadway,Fresno,CA,66158,United States,2023-11-10,Consumer
CUST-15095,Russell Price,russell.price203@outlook.com,+1-809-583-2956,6538 Washington Ave,Hartford,CT,66383,United States,2024-06-01,Consumer
CUST-15096,Wayne Henderson,wayne.henderson220@bizmail.io,+1-489-703-1834,3979 Broadway,Winston-Salem,NC,59340,United States,2023-10-06,Consumer
CUST-15097,Gary Medina,gary.medina405@bizmail.io,+1-319-897-8477,5565 Sunset Way,Minneapolis,MN,26708,United States,2024-01-07,Consumer
CUST-15098,Christine Edwards,christine.edwards349@proton.me,+1-386-390-9304,8525 Broadway,Independence,MO,63288,United States,2026-01-15,Consumer
CUST-15099,Zachary Green,zachary.green20@icloud.com,+1-501-292-1000,6222 Sunset Way,Durham,NC,17595,United States,2023-10-28,Small Business
CUST-15100,Martha Jordan,martha.jordan100@bizmail.io,,9369 Park Blvd,Salem,OR,58892,United States,2026-04-04,Consumer
CUST-15101,Jennifer Burns,jennifer.burns981@hotmail.com,+1-251-908-8745,1276 Broadway,Yonkers,NY,45042,United States,2023-09-28,Consumer
CUST-15102,Brenda Butler,brenda.butler650@proton.me,+1-386-466-1493,2352 Park Blvd,Tampa,FL,53071,United States,2025-10-26,Consumer
CUST-15103,  Melissa Wilson  ,melissa.wilson127@icloud.com,+1-230-726-4741,9840 Elm St,Newport News,VA,18367,United States,2025-10-11,Consumer
CUST-15104,Victoria Shaw,victoria.shaw833@outlook.com,+1-350-973-4360,4407 Elm St,DENVER,CO,56185,United States,2024-08-07,Corporate
CUST-15105,Austin Henderson,austin.henderson935@icloud.com,+1-699-985-7281,6377 Park Blvd,Bloomington,MN,19825,United States,2026-04-02,Consumer
CUST-15106,Jessica Foster,jessica.foster744@gmail.com,+1-928-629-5747,558 Elm St,Phoenix,AZ,55020,United States,2026-05-11,Consumer
CUST-15107,Amanda Fernandez,amanda.fernandez685@hotmail.com,+1-942-487-1666,7543 Highland Dr,Fresno,CA,22747,United States,2024-11-13,Consumer
CUST-15108,Roger Washington,roger.washington475@icloud.com,+1-956-349-5764,7198 Oak Ave,Jersey City,NJ,23271,United States,2025-05-04,Consumer
CUST-15109,Kenneth Flores,kenneth.flores264@hotmail.com,+1-280-500-2703,2366 Washington Ave,Denver,CO,18745,United States,2024-10-14,Corporate
CUST-15110,Jerry Patel,jerry.patel978@outlook.com,+1-683-445-9794,3453 Lakeview Ave,Columbia,SC,52984,United States,2023-05-23,Consumer
CUST-15111,Keith Owens,keith.owens938@hotmail.com,+1-532-973-7646,8467 Broadway,Phoenix,AZ,63643,United States,2024-08-06,Corporate
CUST-15112,Alice Parker,alice.parker591@corporate.com,+1-538-778-2699,3056 Broadway,Green Bay,WI,74441,United States,2025-12-17,Consumer
CUST-15113,Shirley Mason,shirley.mason484@hotmail.com,+1-536-665-9228,4396 Pine St,Madison,WI,10648,United States,2024-12-25,Consumer
CUST-15114,Russell Baker,russell.baker127@hotmail.com,+1-871-595-6404,618 Broadway,Yonkers,NY,72166,United States,2025-02-07,Small Business
CUST-15115,Sean Henderson,sean.henderson529@icloud.com,+1-655-618-2103,617 Sunset Way,Portland,OR,19995,United States,2026-05-05,Consumer
CUST-15116,Frances Guzman,frances.guzman783@icloud.com,+1-684-740-1901,1943 Oak Ave,Tallahassee,FL,94931,United States,2023-05-22,Consumer
CUST-15117,Christian Munoz,christian.munoz333@icloud.com,+1-993-889-3197,5819 Washington Ave,Greensboro,NC,43458,United States,2024-11-29,Consumer
CUST-15118,Danielle Taylor,danielle.taylor991@yahoo.com,+1-207-781-5465,6035 Lakeview Ave,Rochester,MN,19943,United States,2023-04-05,Consumer
CUST-15119,Aaron Price,aaron.price426@proton.me,+1-565-290-5915,7204 Maple Rd,Colorado Springs,CO,19287,United States,2023-06-21,Consumer
CUST-15120,James Johnson,james.johnson678@bizmail.io,+1-857-631-5888,1849 Pine St,Carmel,IN,78298,United States,2023-06-05,Consumer
CUST-15121,Kevin Green,kevin.green974@corporate.com,+1-793-942-4111,1380 Pine St,Evansville,IN,52720,United States,2025-05-30,Consumer
CUST-15122,Jacqueline Mcdonald,jacqueline.mcdonald215@outlook.com,+1-674-626-2181,9780 Broadway,Huntsville,AL,74520,United States,2026-01-04,Small Business
CUST-15123,Jacob Romero,jacob.romero109@gmail.com,+1-374-526-4165,7548 Broadway,Worcester,MA,21587,United States,2023-10-09,Consumer
CUST-15124,Jeffrey Turner,jeffrey.turner127@proton.me,,9514 Pine St,Sparks,NV,51115,United States,2024-07-24,Consumer
CUST-15125,Angela Gonzales,angela.gonzales479@yahoo.com,+1-306-737-9271,2466 Oak Ave,Aurora,IL,87023,United States,2023-10-06,Corporate
CUST-15126,Richard Vasquez,richard.vasquez692@proton.me,+1-525-748-8588,838 Pine St,Oklahoma City,OK,52488,United States,2024-04-18,Consumer
CUST-15127,Douglas Graham,douglas.graham742@icloud.com,+1-334-582-5443,9726 Washington Ave,Gaithersburg,MD,72719,United States,2024-02-19,Consumer
CUST-15128,Jeremy Johnson,jeremy.johnson985@bizmail.io,+1-330-414-1466,6010 Park Blvd,Columbia,MO,38142,United States,2025-06-05,Consumer
CUST-15129,Diane Fisher,diane.fisher928@corporate.com,+1-734-845-3970,7924 Cedar Blvd,Kenosha,WI,98090,United States,2025-05-28,Consumer
CUST-15130,Jessica Munoz,jessica.munoz342@hotmail.com,+1-497-603-1048,6706 Sunset Way,Erie,PA,81062,United States,2024-12-04,Consumer
CUST-15131,Cheryl Burns,cheryl.burns88@icloud.com,+1-393-951-1517,4653 Pine St,Chicago,IL,91722,United States,2025-01-27,Consumer
CUST-15132,Katherine Turner,katherine.turner436@hotmail.com,+1-558-966-1231,4740 Pine St,Sparks,NV,55392,United States,2024-09-25,Consumer
CUST-15133,Bradley Richardson,bradley.richardson964@icloud.com,+1-293-634-7333,4815 Oak Ave,bridgeport,CT,63048,United States,2024-10-12,Consumer
CUST-15134,Douglas Freeman,douglas.freeman826@outlook.com,+1-319-335-1640,7074 Broadway,Durham,NC,44833,United States,2026-04-29,Consumer
CUST-15135,Alan Herrera,alan.herrera438@gmail.com,+1-970-334-2585,8257 Main St,Greenville,SC,52724,United States,2026-04-08,Consumer
CUST-15136,John Vasquez,john.vasquez498@proton.me,+1-440-218-8285,7668 Maple Rd,Raleigh,NC,18129,United States,2025-08-16,Consumer
CUST-15137,Henry Powell,henry.powell332@corporate.com,+1-263-291-6320,686 Main St,Columbus,GA,91170,United States,2023-12-02,Consumer
CUST-15138,Samuel Cooper,samuel.cooper368@yahoo.com,+1-647-708-3761,1910 Maple Rd,North Charleston,SC,60971,United States,2026-01-13,Consumer
CUST-15139,Samantha Torres,samantha.torres535@corporate.com,+1-681-261-8050,8376 Cedar Blvd,Austin,TX,26067,United States,2024-02-20,Corporate
CUST-15140,Joan Scott,joan.scott564@proton.me,+1-465-673-2281,4137 Cedar Blvd,Austin,TX,43459,United States,2026-04-06,Consumer
CUST-15141,Lisa Chen,lisa.chen912@yahoo.com,+1-433-218-1581,5075 Broadway,Cincinnati,OH,82663,United States,2024-02-16,Small Business
CUST-15142,Jerry Torres,jerry.torres127@proton.me,+1-451-965-4925,225 Elm St,Fort Collins,CO,84332,United States,2024-04-30,Consumer
CUST-15143,Jacqueline Bryant,jacqueline.bryant297@corporate.com,+1-587-294-1454,1141 Main St,Allentown,PA,10433,United States,2024-04-13,Consumer
CUST-15144,Theresa Taylor,theresa.taylor821@corporate.com,+1-293-741-4321,2533 Highland Dr,Tuscaloosa,AL,18920,United States,2024-06-19,Consumer
CUST-15145,Deborah Barnes,deborah.barnes375@gmail.com,+1-886-278-2175,9298 Park Blvd,New Orleans,LA,49182,United States,2024-04-03,Consumer
CUST-15146,Ryan Hamilton,ryan.hamilton671@yahoo.com,+1-381-547-2074,4767 Maple Rd,Baton Rouge,LA,60434,United States,2024-09-22,Corporate
CUST-15147,Marie Jimenez,marie.jimenez702@yahoo.com,+1-333-519-2038,5471 Lakeview Ave,Sparks,NV,89035,United States,2025-11-13,Consumer
CUST-15148,Grace Gordon,grace.gordon475@icloud.com,+1-217-246-7329,737 Cedar Blvd,Lexington,KY,81606,United States,2025-01-25,Consumer
CUST-15149,Cheryl Freeman,cheryl.freeman242@bizmail.io,+1-960-672-7021,7237 Lakeview Ave,Green Bay,WI,70433,United States,2023-12-04,Corporate
CUST-15150,Pamela Snyder,pamela.snyder887@hotmail.com,+1-578-341-1515,7944 Maple Rd,Sacramento,CA,87371,United States,2025-11-02,Small Business
CUST-15151,Helen Johnson,helen.johnson608@hotmail.com,+1-910-281-4167,3977 Main St,Chattanooga,TN,44365,United States,2025-05-01,Small Business
CUST-15152,Shirley Brooks,shirley.brooks852@proton.me,+1-531-497-5188,2152 Maple Rd,Springfield,IL,27712,United States,2024-05-22,Consumer
CUST-15153,Charles Gutierrez,charles.gutierrez764@icloud.com,+1-351-559-6165,8749 Washington Ave,New Haven,CT,61385,United States,2025-11-26,Corporate
CUST-15154,Russell Carter,russell.carter111@icloud.com,+1-310-279-3029,4099 Park Blvd,San Diego,CA,66041,United States,2025-03-20,Consumer
CUST-15155,Julie Reynolds,julie.reynolds977@icloud.com,+1-959-579-3882,2587 Oak Ave,Fort Wayne,IN,26345,United States,2026-02-10,Corporate
CUST-15156,Roger Chen,roger.chen231@gmail.com,+1-719-693-4494,3687 Cedar Blvd,Sparks,NV,81994,United States,2026-03-31,Consumer
CUST-15157,Thomas Carter,thomas.carter655@corporate.com,+1-221-365-1292,8458 Maple Rd,Covington,KY,20807,United States,2023-07-09,Consumer
CUST-15158,Denise Gibson,denise.gibson251@icloud.com,+1-982-525-9508,7008 Maple Rd,Kansas City,MO,44860,United States,2025-10-01,Small Business
CUST-15159,Jack Gibson,jack.gibson547@bizmail.io,+1-697-874-8137,8296 Main St,San Diego,CA,81139,United States,2023-04-08,Consumer
CUST-15160,Teresa Wilson,teresa.wilson277@hotmail.com,+1-362-404-6642,9518 Sunset Way,Greensboro,NC,64883,United States,2025-05-31,Corporate
CUST-15161,Ruth Cooper,ruth.cooper200@bizmail.io,+1-229-348-1662,8039 Elm St,Charlotte,NC,86515,United States,2023-07-13,Consumer
CUST-15162,Michelle Shaw,michelle.shaw47@yahoo.com,+1-508-674-7338,8961 Highland Dr,Independence,MO,82411,United States,2024-12-08,Consumer
CUST-15163,Rebecca Perry,rebecca.perry353@corporate.com,+1-565-982-9347,6247 Washington Ave,Lakewood,CO,24124,United States,2025-05-07,Consumer
CUST-15164,Betty Cooper,betty.cooper561@hotmail.com,+1-548-483-6314,4059 Washington Ave,Baton Rouge,LA,45543,United States,2026-02-10,Consumer
CUST-15165,  Edward Dixon  ,edward.dixon233@hotmail.com,+1-552-898-8289,1053 Sunset Way,West Jordan,UT,34911,United States,2025-06-13,Consumer
CUST-15166,Joan Alvarez,joan.alvarez323@corporate.com,+1-598-582-9510,4492 Highland Dr,Phoenix,AZ,48191,United States,2024-04-18,Consumer
CUST-15167,Randy Hughes,randy.hughes54@corporate.com,+1-319-298-5207,332 Maple Rd,Miami,FL,73359,United States,2023-10-11,Consumer
CUST-15168,Julia Gray,julia.gray543@proton.me,+1-560-377-3912,9721 Elm St,San Jose,CA,55974,United States,2024-01-27,Consumer
CUST-15169,Brenda Diaz,brenda.diaz556@hotmail.com,+1-746-873-7470,1186 Sunset Way,Fresno,CA,45563,United States,2023-12-23,Consumer
CUST-15170,Douglas Watson,douglas.watson452@icloud.com,+1-644-812-1194,694 Sunset Way,Bellevue,WA,27037,United States,2023-12-10,Consumer
CUST-15171,Cynthia Mason,cynthia.mason999@gmail.com,+1-676-679-5505,7043 Park Blvd,Macon,GA,56554,United States,2026-02-24,Corporate
CUST-15172,Deborah Kim,deborah.kim338@proton.me,+1-545-230-2805,3368 Cedar Blvd,Gaithersburg,MD,17036,United States,2026-05-18,Consumer
CUST-15173,Bradley Howard,bradley.howard752@outlook.com,+1-900-698-5730,7020 Lakeview Ave,Huntsville,AL,71594,United States,2025-02-20,Consumer
CUST-15174,Cheryl Alvarez,cheryl.alvarez791@outlook.com,+1-600-327-1796,2104 Elm St,Montgomery,AL,12653,United States,2025-02-05,Corporate
CUST-15175,Joshua Ross,joshua.ross951@yahoo.com,+1-247-655-9522,5612 Park Blvd,New Haven,CT,37267,United States,2025-04-01,Consumer
CUST-15176,Larry Butler,larry.butler869@hotmail.com,+1-337-218-2436,1579 Sunset Way,Las Vegas,NV,58729,United States,2025-08-16,Consumer
CUST-15177,Brian Reynolds,brian.reynolds57@yahoo.com,+1-999-721-9941,1605 Pine St,Spokane,WA,49768,United States,2025-06-28,Consumer
CUST-15178,Douglas Rogers,douglas.rogers715@outlook.com,+1-674-281-6829,1791 Cedar Blvd,Kansas City,MO,75940,United States,2025-10-22,Corporate
CUST-15179,Noah Baker,noah.baker434@icloud.com,+1-476-414-5311,7180 Cedar Blvd,St. Louis,MO,71195,United States,2023-05-25,Consumer
CUST-15180,Gerald Murray,gerald.murray334@hotmail.com,+1-683-436-8645,4778 Elm St,Lakewood,CO,35813,United States,2024-02-28,Consumer
CUST-15181,  Danielle Romero  ,danielle.romero771@bizmail.io,+1-809-406-3030,9931 Sunset Way,Springfield,MA,98372,United States,2025-05-18,Consumer
CUST-15182,Amy Carter,amy.carter710@outlook.com,+1-941-310-6432,5909 Pine St,Lowell,MA,23517,United States,2024-01-14,Small Business
CUST-15183,Jeffrey Vasquez,jeffrey.vasquez472@gmail.com,+1-477-894-2687,4203 Lakeview Ave,Bowie,MD,69215,United States,2025-01-14,Consumer
CUST-15184,Gerald Bell,gerald.bell209@outlook.com,+1-449-576-1535,6628 Cedar Blvd,Toledo,OH,45391,United States,2025-12-11,Consumer
CUST-15185,Kelly Chavez,kelly.chavez302@gmail.com,+1-215-489-3456,1211 Main St,Reno,NV,75666,United States,2024-07-06,Small Business
CUST-15186,Dylan Vargas,dylan.vargas351@bizmail.io,+1-617-927-1074,1231 Broadway,Bowie,MD,77903,United States,2023-09-09,Consumer
CUST-15187,Gabriel Jimenez,gabriel.jimenez589@outlook.com,+1-705-750-4189,6467 Broadway,Frederick,MD,86212,United States,2023-12-08,Corporate
CUST-15188,  Ralph Hayes  ,ralph.hayes508@outlook.com,+1-216-711-9381,3942 Lakeview Ave,Milwaukee,WI,84319,United States,2023-07-03,Consumer
CUST-15189,Patricia Ramirez,patricia.ramirez15@icloud.com,+1-283-824-6477,2555 Lakeview Ave,Spokane,WA,46762,United States,2025-05-09,Small Business
CUST-15190,Bradley Jenkins,bradley.jenkins431@icloud.com,+1-944-941-3917,2468 Broadway,Warren,MI,52129,United States,2023-09-18,Small Business
CUST-15191,Carolyn Ward,carolyn.ward859@hotmail.com,+1-712-769-1188,6233 Highland Dr,Lowell,MA,78238,United States,2024-04-09,Consumer
CUST-15192,George Johnson,george.johnson763@outlook.com,+1-429-511-4618,7518 Oak Ave,Rockford,IL,84746,United States,2026-04-03,Small Business
CUST-15193,Sophia Reed,sophia.reed536@gmail.com,+1-325-451-8557,3018 Broadway,Duluth,MN,96432,United States,2025-05-02,Consumer
CUST-15194,Gloria Ramos,gloria.ramos631@corporate.com,+1-524-703-4651,8765 Broadway,Covington,KY,62826,United States,2026-03-27,Corporate
CUST-15195,Lauren Watson,lauren.watson506@outlook.com,+1-287-525-9904,881 Elm St,Pittsburgh,PA,11561,United States,2025-10-20,Consumer
CUST-15196,Melissa Hill,melissa.hill182@yahoo.com,,7701 Sunset Way,Nashville,TN,40266,United States,2024-11-26,Corporate
CUST-15197,Maria Castro,maria.castro294@outlook.com,+1-786-436-6932,5451 Elm St,Sacramento,CA,63607,United States,2024-09-06,Consumer
CUST-15198,Edward Hall,edward.hall146@outlook.com,+1-506-473-2985,3703 Main St,Albany,NY,79498,United States,2026-05-16,Consumer
CUST-15199,James Tran,james.tran296@yahoo.com,+1-792-392-7677,4272 Main St,Elizabeth,NJ,17174,United States,2024-05-02,Corporate
CUST-15200,Stephen Sanchez,stephen.sanchez531@outlook.com,+1-386-374-5710,1946 Cedar Blvd,Portland,OR,26236,United States,2024-04-24,Consumer
CUST-15201,Louis Vargas,louis.vargas140@icloud.com,+1-383-399-3589,2083 Cedar Blvd,New York,NY,13343,United States,2024-04-28,Consumer
CUST-15202,Paul Marshall,paul.marshall299@outlook.com,+1-706-439-6192,693 Maple Rd,Orem,UT,25778,United States,2024-08-25,Consumer
CUST-15203,Jordan Perez,jordan.perez716@yahoo.com,+1-814-794-6561,3764 Broadway,Oklahoma City,OK,16869,United States,2024-03-19,Consumer
CUST-15204,Gregory Olson,gregory.olson819@outlook.com,+1-877-753-2454,4905 Broadway,Evansville,IN,96815,United States,2023-09-23,Corporate
CUST-15205,Donald Munoz,donald.munoz888@bizmail.io,+1-820-750-2420,8054 Washington Ave,Charleston,SC,91898,United States,2024-09-15,Consumer
CUST-15206,Dylan Munoz,dylan.munoz831@icloud.com,+1-949-316-8127,7405 Main St,Tampa,FL,46222,United States,2025-11-02,Consumer
CUST-15207,James Cox,james.cox426@hotmail.com,+1-880-556-7233,2486 Broadway,Fort Wayne,IN,13588,United States,2023-04-11,Consumer
CUST-15208,Madison Harrison,madison.harrison205@corporate.com,+1-985-576-3377,9326 Cedar Blvd,Colorado Springs,CO,74852,United States,2025-05-11,Consumer
CUST-15209,Julia Allen,julia.allen369@corporate.com,+1-904-948-8607,1649 Washington Ave,Montgomery,AL,59641,United States,2026-02-15,Consumer
CUST-15210,Andrew Hamilton,andrew.hamilton109@icloud.com,+1-222-556-8381,2239 Elm St,Bowling Green,KY,12481,United States,2024-09-02,Corporate
CUST-15211,Isabella Nelson,isabella.nelson835@gmail.com,+1-669-883-4238,367 Washington Ave,Lake Charles,LA,69586,United States,2024-09-05,Consumer
CUST-15212,Christian Reynolds,christian.reynolds598@outlook.com,+1-262-928-3235,2409 Sunset Way,Gresham,OR,25182,United States,2023-04-29,Corporate
CUST-15213,Jonathan Brown,jonathan.brown894@corporate.com,+1-732-872-5189,5337 Broadway,Seattle,WA,66173,United States,2025-08-15,Consumer
CUST-15214,Nathan Munoz,nathan.munoz278@yahoo.com,+1-837-974-1292,6776 Main St,Allentown,PA,80870,United States,2025-09-07,Consumer
CUST-15215,Isabella Olson,isabella.olson572@yahoo.com,+1-489-685-1583,5695 Broadway,Scranton,PA,67523,United States,2023-05-15,Corporate
CUST-15216,Bradley Hamilton,bradley.hamilton605@yahoo.com,+1-374-609-9408,1660 Elm St,Gresham,OR,29081,United States,2025-11-16,Corporate
CUST-15217,Catherine Edwards,catherine.edwards31@outlook.com,+1-627-815-8433,8375 Sunset Way,Springfield,MO,37313,United States,2025-05-03,Consumer
CUST-15218,Richard Rivera,richard.rivera54@proton.me,+1-609-464-6538,8678 Main St,Evansville,IN,30021,United States,2026-02-18,Small Business
CUST-15219,Susan Mendoza,susan.mendoza375@proton.me,+1-280-797-8713,4311 Lakeview Ave,Bowling Green,KY,67293,United States,2023-05-27,Consumer
CUST-15220,Frank Rodriguez,frank.rodriguez661@hotmail.com,+1-921-916-3295,386 Highland Dr,Stamford,CT,97619,United States,2025-01-02,Consumer
CUST-15221,Helen Burns,helen.burns84@yahoo.com,+1-663-913-5667,9662 Pine St,Reading,PA,37624,United States,2025-12-05,Small Business
CUST-15222,Melissa Tran,melissa.tran597@proton.me,+1-883-712-8521,4948 Maple Rd,Rockford,IL,93312,United States,2025-02-01,Consumer
CUST-15223,Jean Bell,jean.bell888@proton.me,+1-862-549-1380,9399 Pine St,San Diego,CA,90625,United States,2025-03-08,Small Business
CUST-15224,Alan Ross,alan.ross569@outlook.com,+1-718-886-2040,319 Lakeview Ave,Austin,TX,35852,United States,2024-10-25,Small Business
CUST-15225,Austin Adams,austin.adams133@hotmail.com,+1-590-363-5008,1825 Oak Ave,Orlando,FL,23723,United States,2024-06-18,Consumer
CUST-15226,Jack Patel,jack.patel898@icloud.com,+1-200-249-5839,3267 Cedar Blvd,Athens,GA,65834,United States,2024-03-23,Consumer
CUST-15227,David Lee,david.lee479@proton.me,+1-974-537-7608,9388 Pine St,Tacoma,WA,11664,United States,2024-06-17,Corporate
CUST-15228,Maria Simmons,maria.simmons716@icloud.com,+1-939-895-7276,2535 Elm St,Trenton,NJ,29076,United States,2025-03-26,Corporate
CUST-15229,Angela Sanchez,angela.sanchez436@corporate.com,+1-969-523-8586,6686 Pine St,Jacksonville,FL,57704,United States,2024-03-18,Consumer
CUST-15230,Jerry Alvarez,jerry.alvarez468@yahoo.com,+1-286-257-7921,9444 Washington Ave,South Bend,IN,25015,United States,2024-07-04,Consumer
CUST-15231,Laura Simpson,laura.simpson426@outlook.com,+1-432-518-5642,3390 Washington Ave,Winston-Salem,NC,94225,United States,2025-05-20,Consumer
CUST-15232,  Benjamin Perez  ,benjamin.perez221@bizmail.io,+1-812-988-5660,7374 Park Blvd,Tucson,AZ,79050,United States,2024-06-25,Consumer
CUST-15233,Russell Parker,russell.parker767@gmail.com,+1-318-254-8696,8910 Washington Ave,Columbia,SC,64356,United States,2025-02-28,Consumer
CUST-15234,Barbara Patel,barbara.patel219@proton.me,+1-760-907-2635,7115 Broadway,Warren,MI,14789,United States,2025-03-18,Corporate
CUST-15235,Raymond Richardson,raymond.richardson704@corporate.com,+1-311-723-6107,6359 Pine St,Denver,CO,92268,United States,2023-05-21,Consumer
CUST-15236,Dennis Johnson,dennis.johnson933@corporate.com,+1-513-639-1420,3437 Washington Ave,Rochester,MN,69219,United States,2023-06-25,Corporate
CUST-15237,Carol Reed,carol.reed192@outlook.com,+1-711-300-3322,1528 Park Blvd,Columbia,MO,63050,United States,2025-09-07,Consumer
CUST-15238,Alexander Fisher,alexander.fisher67@corporate.com,+1-896-994-1725,8104 Maple Rd,Worcester,MA,89612,United States,2024-01-25,Consumer
CUST-15239,Dorothy Roberts,dorothy.roberts86@hotmail.com,+1-670-915-8085,6837 Elm St,Richmond,VA,64019,United States,2024-02-05,Consumer
CUST-15240,Walter Gordon,walter.gordon929@outlook.com,+1-361-604-2802,2183 Cedar Blvd,Mesa,AZ,13672,United States,2025-10-01,Consumer
CUST-15241,Ralph Rogers,ralph.rogers283@hotmail.com,+1-808-289-8461,7153 Pine St,Mobile,AL,32845,United States,2024-07-06,Consumer
CUST-15242,Henry Harris,henry.harris84@gmail.com,+1-792-809-6573,7936 Sunset Way,Covington,KY,93404,United States,2024-09-22,Corporate
CUST-15243,Gary Evans,gary.evans22@icloud.com,+1-847-444-2898,5846 Washington Ave,Denver,CO,74370,United States,2023-07-03,Corporate
CUST-15244,John Mendoza,john.mendoza864@gmail.com,+1-745-999-6377,1519 Highland Dr,Salem,OR,94852,United States,2025-05-01,Consumer
CUST-15245,Jerry Anderson,jerry.anderson324@proton.me,,1140 Main St,Gaithersburg,MD,33954,United States,2024-03-09,Corporate
CUST-15246,Carl Freeman,carl.freeman404@icloud.com,+1-768-909-1463,4336 Main St,Norman,OK,79195,United States,2023-12-11,Corporate
CUST-15247,Margaret Jimenez,margaret.jimenez667@yahoo.com,+1-406-203-7510,3392 Elm St,Vancouver,WA,93352,United States,2025-12-30,Consumer
CUST-15248,Arthur Butler,arthur.butler813@gmail.com,+1-727-775-1099,5252 Broadway,Denver,CO,48108,United States,2025-12-02,Consumer
CUST-15249,Juan Chen,juan.chen552@hotmail.com,+1-938-254-3773,5016 Highland Dr,Mount Pleasant,SC,57214,United States,2023-06-26,Consumer
CUST-15250,Sharon Castro,sharon.castro356@hotmail.com,+1-974-469-5402,5615 Sunset Way,Lowell,MA,40138,United States,2025-08-13,Small Business
CUST-15251,Jordan Garcia,jordan.garcia677@gmail.com,+1-327-805-6281,2266 Washington Ave,Broken Arrow,OK,36508,United States,2024-06-30,Consumer
CUST-15252,Patrick Simmons,patrick.simmons760@corporate.com,+1-634-433-8119,3610 Main St,Allentown,PA,58203,United States,2023-07-06,Consumer
CUST-15253,Nancy Bell,nancy.bell609@corporate.com,+1-434-291-8547,4070 Cedar Blvd,Gresham,OR,90911,United States,2025-04-26,Corporate
CUST-15254,Ann Price,ann.price594@proton.me,+1-658-240-1982,1975 Elm St,St. Louis,MO,61704,United States,2024-03-12,Consumer
CUST-15255,Gary Cooper,gary.cooper634@outlook.com,+1-405-944-6271,6737 Maple Rd,Jacksonville,FL,30127,United States,2025-04-08,Consumer
CUST-15256,  Deborah Morris  ,deborah.morris802@outlook.com,+1-216-530-8985,5180 Highland Dr,North Las Vegas,NV,21591,United States,2024-05-04,Consumer
CUST-15257,Julia Ford,julia.ford201@bizmail.io,+1-984-336-9374,7457 Main St,San Jose,CA,76088,United States,2024-01-12,Consumer
CUST-15258,Aaron Richardson,aaron.richardson701@gmail.com,+1-681-607-1911,7925 Main St,New Haven,CT,25622,United States,2024-07-30,Consumer
CUST-15259,Kathryn Foster,kathryn.foster486@hotmail.com,+1-470-433-6290,9702 Cedar Blvd,Independence,MO,67168,United States,2026-03-09,Consumer
CUST-15260,Harold Jackson,harold.jackson909@corporate.com,+1-411-451-7378,409 Washington Ave,Charleston,SC,57537,United States,2024-02-19,Consumer
CUST-15261,Philip Lee,philip.lee81@outlook.com,+1-394-222-4735,6638 Park Blvd,Saint Paul,MN,37925,United States,2025-01-20,Consumer
CUST-15262,Douglas Collins,douglas.collins618@gmail.com,+1-402-550-1469,3495 Lakeview Ave,Kansas City,MO,63880,United States,2026-03-12,Corporate
CUST-15263,Barbara Perry,barbara.perry757@gmail.com,+1-481-339-5781,9184 Elm St,Carmel,IN,55012,United States,2025-08-06,Corporate
CUST-15264,Billy Martin,billy.martin608@outlook.com,+1-274-266-6119,4136 Broadway,Carmel,IN,39202,United States,2023-12-31,Consumer
CUST-15265,Martha Jordan,martha.jordan280@corporate.com,+1-587-694-8020,6640 Sunset Way,Dayton,OH,99308,United States,2025-02-07,Consumer
CUST-15266,Michael West,michael.west932@bizmail.io,+1-705-497-8086,4503 Cedar Blvd,Nashville,TN,41465,United States,2025-03-30,Consumer
CUST-15267,Noah Medina,noah.medina299@hotmail.com,+1-952-974-6522,5807 Pine St,Richmond,VA,14013,United States,2025-06-23,Consumer
CUST-15268,Albert Tran,albert.tran270@outlook.com,+1-299-248-5366,3924 Sunset Way,North Las Vegas,NV,92402,United States,2023-05-23,Consumer
CUST-15269,Beverly Patterson,beverly.patterson533@icloud.com,+1-206-322-9536,7072 Main St,Tuscaloosa,AL,,United States,2024-12-07,Small Business
CUST-15270,Marie Graham,marie.graham244@proton.me,+1-984-584-8396,7041 Main St,Lexington,KY,85168,United States,2024-05-09,Small Business
CUST-15271,Ralph Cook,ralph.cook537@icloud.com,+1-816-621-6497,4878 Lakeview Ave,Nashville,TN,87329,United States,2025-05-25,Corporate
CUST-15272,Billy Chen,billy.chen779@icloud.com,+1-982-726-1135,6115 Cedar Blvd,Colorado Springs,CO,99377,United States,2024-09-24,Small Business
CUST-15273,Nicholas Simmons,nicholas.simmons524@gmail.com,+1-463-999-8275,9178 Main St,West Jordan,UT,74934,United States,2025-12-20,Consumer
CUST-15274,Theresa Richardson,theresa.richardson185@proton.me,,9608 Oak Ave,Norfolk,VA,86774,United States,2025-01-04,Consumer
CUST-15275,Zachary Gutierrez,zachary.gutierrez676@icloud.com,+1-300-993-1650,5778 Sunset Way,Frederick,MD,22676,United States,2024-08-01,Corporate
CUST-15276,Hannah Perry,hannah.perry572@hotmail.com,+1-284-593-6280,8261 Oak Ave,Owensboro,KY,18587,United States,2024-12-21,Consumer
CUST-15277,Gloria Jordan,gloria.jordan344@corporate.com,+1-621-398-3125,6843 Maple Rd,Las Vegas,NV,13920,United States,2024-08-30,Corporate
CUST-15278,William Campbell,william.campbell764@corporate.com,+1-545-438-6492,7973 Sunset Way,West Jordan,UT,81150,United States,2024-07-04,Consumer
CUST-15279,Jason Barnes,jason.barnes123@outlook.com,+1-483-529-8036,1444 Elm St,Augusta,GA,22642,United States,2026-04-04,Corporate
CUST-15280,Kathryn Gibson,kathryn.gibson567@proton.me,+1-267-812-7735,8500 Cedar Blvd,Stamford,CT,23276,United States,2024-09-27,Consumer
CUST-15281,Julie Torres,julie.torres157@icloud.com,+1-696-312-1452,6222 Highland Dr,Baltimore,MD,76983,United States,2023-06-05,Consumer
CUST-15282,Ronald Edwards,ronald.edwards735@icloud.com,+1-355-702-4005,2211 Pine St,San Diego,CA,68419,United States,2023-07-23,Consumer
CUST-15283,  Judith Watson  ,judith.watson446@outlook.com,+1-552-787-7398,7410 Oak Ave,Huntsville,AL,23450,United States,2023-05-21,Consumer
CUST-15284,Jonathan Simmons,jonathan.simmons217@yahoo.com,+1-904-523-4249,8678 Main St,Boston,MA,60310,United States,2023-12-09,Consumer
CUST-15285,Willie Hamilton,willie.hamilton105@yahoo.com,+1-779-368-4776,4695 Lakeview Ave,Lafayette,LA,,United States,2023-07-19,Consumer
CUST-15286,Kimberly Fisher,kimberly.fisher350@bizmail.io,+1-488-849-4478,6239 Broadway,Duluth,MN,39451,United States,2026-02-27,Consumer
CUST-15287,Alexis Ellis,alexis.ellis172@gmail.com,+1-506-825-6937,4213 Highland Dr,Lake Charles,LA,48034,United States,2024-08-24,Consumer
CUST-15288,Lauren Gray,lauren.gray778@corporate.com,+1-618-773-9470,1348 Pine St,Springfield,MA,39819,United States,2023-12-26,Small Business
CUST-15289,Jason Webb,jason.webb892@icloud.com,+1-960-407-9002,3437 Cedar Blvd,Rochester,MN,21420,United States,2025-09-07,Corporate
CUST-15290,Gabriel Cox,gabriel.cox660@hotmail.com,+1-517-493-1985,2489 Main St,Indianapolis,IN,88735,United States,2026-02-14,Consumer
CUST-15291,Lauren Reyes,lauren.reyes595@outlook.com,+1-295-523-8807,8404 Washington Ave,Racine,WI,24306,United States,2024-05-31,Corporate
CUST-15292,Stephen Murray,stephen.murray835@outlook.com,+1-212-520-3428,8464 Park Blvd,Gaithersburg,MD,20392,United States,2025-07-01,Consumer
CUST-15293,Richard Long,richard.long165@yahoo.com,+1-843-880-3065,2580 Elm St,Sterling Heights,MI,58839,United States,2025-07-12,Consumer
CUST-15294,Jeffrey Hamilton,jeffrey.hamilton985@outlook.com,+1-940-238-7944,6959 Elm St,Lexington,KY,89895,United States,2024-02-02,Consumer
CUST-15295,Bruce Shaw,bruce.shaw954@icloud.com,+1-650-249-8206,870 Oak Ave,Owensboro,KY,17061,United States,2024-01-21,Corporate
CUST-15296,Janet Sanders,janet.sanders940@outlook.com,+1-550-993-8423,9203 Pine St,Shreveport,LA,40623,United States,2023-09-14,Consumer
CUST-15297,Anthony Griffin,anthony.griffin884@corporate.com,+1-832-309-2025,7840 Sunset Way,Hillsboro,OR,55933,United States,2026-01-05,Consumer
CUST-15298,Gregory Gibson,gregory.gibson817@yahoo.com,+1-741-845-8034,2377 Cedar Blvd,Newport News,VA,87278,United States,2025-12-01,Consumer
CUST-15299,Jonathan Anderson,jonathan.anderson598@proton.me,,6691 Maple Rd,Fort Collins,CO,18869,United States,2023-08-04,Corporate
CUST-15300,Richard Jones,richard.jones817@hotmail.com,+1-245-644-6382,7199 Sunset Way,Hartford,CT,19171,United States,2024-12-18,Consumer
CUST-15301,Joseph Roberts,joseph.roberts965@corporate.com,+1-264-509-7930,3462 Highland Dr,Salt Lake City,UT,81031,United States,2023-12-04,Consumer
CUST-15302,Christina Silva,christina.silva825@icloud.com,+1-656-864-7939,2358 Cedar Blvd,Pittsburgh,PA,71716,United States,2024-10-08,Consumer
CUST-15303,Stephen Reynolds,stephen.reynolds711@gmail.com,+1-965-579-7666,2670 Highland Dr,San Antonio,TX,61612,United States,2026-05-23,Consumer
CUST-15304,Dorothy Reyes,dorothy.reyes247@hotmail.com,+1-344-304-5120,8446 Park Blvd,Chicago,IL,,United States,2024-03-28,Consumer
CUST-15305,Ralph Webb,ralph.webb122@yahoo.com,+1-764-218-4311,2060 Highland Dr,Spokane,WA,75832,United States,2023-08-10,Consumer
CUST-15306,Gregory Roberts,gregory.roberts767@proton.me,+1-716-391-8016,4189 Park Blvd,Baltimore,MD,35147,United States,2024-05-15,Small Business
CUST-15307,Zachary Stevens,zachary.stevens314@proton.me,+1-901-834-3040,8631 Park Blvd,Edmond,OK,28547,United States,2023-06-25,Consumer
CUST-15308,Jason Kennedy,jason.kennedy212@outlook.com,+1-766-731-3584,3787 Highland Dr,Owensboro,KY,29474,United States,2025-09-27,Consumer
CUST-15309,Christina Brooks,christina.brooks493@gmail.com,+1-581-526-5679,4711 Main St,San Antonio,TX,79449,United States,2024-09-11,Corporate
CUST-15310,Scott West,scott.west312@yahoo.com,+1-406-631-1664,7912 Main St,Norfolk,VA,33972,United States,2024-08-08,Corporate
CUST-15311,Bruce Kim,bruce.kim716@bizmail.io,+1-300-683-8522,8524 Highland Dr,Charlotte,NC,11651,United States,2025-10-03,Consumer
CUST-15312,Natalie Evans,natalie.evans292@proton.me,+1-968-511-6600,8260 Highland Dr,Salt Lake City,UT,10071,United States,2024-04-08,Consumer
CUST-15313,Jack Collins,jack.collins180@corporate.com,+1-904-789-6657,3395 Park Blvd,Toledo,OH,37215,United States,2023-10-20,Consumer
CUST-15314,Teresa Griffin,teresa.griffin939@proton.me,+1-274-497-4967,6921 Highland Dr,Pittsburgh,PA,59501,United States,2025-09-27,Consumer
CUST-15315,Jessica Henry,jessica.henry745@proton.me,,2302 Highland Dr,Baton Rouge,LA,55340,United States,2025-11-15,Consumer
CUST-15316,Kathryn Price,kathryn.price32@corporate.com,+1-879-466-1575,1355 Cedar Blvd,Carmel,IN,71887,United States,2025-02-02,Small Business
CUST-15317,Gloria Vargas,gloria.vargas839@outlook.com,+1-638-427-9032,6329 Highland Dr,Gresham,OR,82971,United States,2024-03-20,Consumer
CUST-15318,Mary James,mary.james259@yahoo.com,+1-758-223-5825,5017 Park Blvd,Lakewood,CO,94729,United States,2023-03-18,Consumer
CUST-15319,Katherine Martinez,katherine.martinez609@hotmail.com,+1-819-213-7703,1094 Cedar Blvd,Louisville,KY,53705,United States,2024-07-29,Small Business
CUST-15320,Dorothy Hamilton,dorothy.hamilton28@proton.me,+1-240-259-2622,8053 Oak Ave,Hartford,CT,19886,United States,2026-05-10,Small Business
CUST-15321,Carolyn Morales,carolyn.morales482@bizmail.io,+1-964-468-1099,9242 Highland Dr,Rockford,IL,22593,United States,2023-12-11,Consumer
CUST-15322,Kathryn Simmons,kathryn.simmons812@yahoo.com,+1-571-955-5758,5381 Lakeview Ave,Saint Paul,MN,19818,United States,2024-05-17,Consumer
CUST-15323,Louis Morales,louis.morales250@corporate.com,+1-672-201-1664,9817 Park Blvd,Rockford,IL,80065,United States,2023-06-14,Consumer
CUST-15324,Gloria Harrison,gloria.harrison713@bizmail.io,+1-947-561-9020,1672 Highland Dr,St. Louis,MO,82378,United States,2024-02-01,Consumer
CUST-15325,Christina Mitchell,christina.mitchell359@proton.me,+1-684-762-7665,1642 Washington Ave,Albany,NY,67559,United States,2025-04-30,Consumer
CUST-15326,Margaret Gomez,margaret.gomez219@outlook.com,+1-368-222-7681,4889 Washington Ave,Albany,NY,91265,United States,2026-05-18,Consumer
CUST-15327,Joyce West,joyce.west436@yahoo.com,+1-806-842-6000,1449 Lakeview Ave,Racine,WI,41509,United States,2025-06-13,Corporate
CUST-15328,Keith Rivera,keith.rivera713@gmail.com,+1-380-646-6112,9869 Broadway,Dayton,OH,76968,United States,2024-02-26,Corporate
CUST-15329,Johnny Woods,johnny.woods119@outlook.com,+1-373-961-8058,5267 Broadway,Atlanta,GA,55414,United States,2026-02-09,Corporate
CUST-15330,Olivia Hamilton,olivia.hamilton489@icloud.com,,8803 Oak Ave,Frederick,MD,55213,United States,2025-06-08,Consumer
CUST-15331,Wayne Cruz,wayne.cruz445@gmail.com,+1-241-270-2452,8938 Broadway,Eugene,OR,28139,United States,2025-07-31,Consumer
CUST-15332,Gary Jones,gary.jones970@gmail.com,+1-278-844-3322,2827 Oak Ave,Akron,OH,78981,United States,2023-09-21,Consumer
CUST-15333,Isabella Coleman,isabella.coleman71@yahoo.com,+1-232-653-5468,5549 Maple Rd,henderson,NV,22469,United States,2024-06-13,Small Business
CUST-15334,Susan Rodriguez,susan.rodriguez751@bizmail.io,+1-319-529-9264,560 Sunset Way,Fort Worth,TX,92396,United States,2025-12-19,Corporate
CUST-15335,Nancy Taylor,nancy.taylor119@outlook.com,+1-365-942-6629,1076 Oak Ave,Fresno,CA,49686,United States,2024-08-08,Consumer
CUST-15336,Keith Patterson,keith.patterson414@bizmail.io,,9750 Park Blvd,Syracuse,NY,33816,United States,2024-07-22,Consumer
CUST-15337,Madison Freeman,madison.freeman514@yahoo.com,+1-814-295-1516,4619 Elm St,Ann Arbor,MI,41537,United States,2025-11-19,Consumer
CUST-15338,Ruth Castro,ruth.castro335@corporate.com,+1-265-243-6723,9201 Cedar Blvd,Louisville,KY,74856,United States,2023-08-08,Corporate
CUST-15339,Diana Morris,diana.morris846@outlook.com,+1-678-543-4732,6932 Lakeview Ave,Orem,UT,18575,United States,2024-07-06,Consumer
CUST-15340,Joan Simpson,joan.simpson709@icloud.com,+1-949-876-6044,7906 Elm St,Norfolk,VA,40088,United States,2026-02-06,Consumer
CUST-15341,Kathryn Moore,kathryn.moore758@corporate.com,+1-396-862-7179,4525 Main St,St. Louis,MO,56668,United States,2023-09-13,Small Business
CUST-15342,Amber Patel,amber.patel575@yahoo.com,+1-302-758-7080,5838 Park Blvd,Reno,NV,76321,United States,2023-06-16,Consumer
CUST-15343,Jennifer Simmons,jennifer.simmons928@corporate.com,+1-334-672-2168,1055 Lakeview Ave,Richmond,VA,65866,United States,2023-11-19,Consumer
CUST-15344,  Larry Hall  ,larry.hall221@proton.me,+1-439-775-7398,8766 Maple Rd,Atlanta,GA,71966,United States,2026-03-25,Corporate
CUST-15345,Doris Graham,doris.graham963@corporate.com,+1-319-639-1011,1117 Sunset Way,Los Angeles,CA,71202,United States,2023-05-29,Consumer
CUST-15346,Lauren Wood,lauren.wood314@yahoo.com,+1-464-506-6008,3982 Highland Dr,Albany,NY,67511,United States,2024-08-25,Consumer
CUST-15347,Bryan Baker,bryan.baker799@icloud.com,+1-811-552-2569,9686 Lakeview Ave,Spokane,WA,64272,United States,2024-03-04,Consumer
CUST-15348,Ryan Ford,ryan.ford670@hotmail.com,+1-281-526-6524,3053 Highland Dr,Cincinnati,OH,90701,United States,2025-02-08,Corporate
CUST-15349,Kenneth Hamilton,kenneth.hamilton204@proton.me,+1-746-832-7743,2023 Washington Ave,Chattanooga,TN,21667,United States,2023-10-30,Consumer
CUST-15350,Anthony Robinson,anthony.robinson465@yahoo.com,+1-753-682-8556,8693 Broadway,Gresham,OR,75740,United States,2025-01-20,Corporate
CUST-15351,Kathleen Anderson,kathleen.anderson154@proton.me,+1-767-505-1796,948 Highland Dr,West Jordan,UT,71860,United States,2026-02-03,Consumer
CUST-15352,Melissa Silva,melissa.silva428@corporate.com,+1-882-604-1061,5576 Main St,Sacramento,CA,45636,United States,2024-07-22,Consumer
CUST-15353,George Sanders,george.sanders543@bizmail.io,+1-402-671-5314,518 Park Blvd,Birmingham,AL,76262,United States,2024-05-04,Consumer
CUST-15354,Sandra Henry,sandra.henry430@yahoo.com,+1-707-658-3239,3226 Park Blvd,Allentown,PA,25814,United States,2026-04-07,Consumer
CUST-15355,Ryan Rodriguez,ryan.rodriguez932@icloud.com,+1-399-978-1918,1998 Broadway,Oklahoma City,OK,53076,United States,2023-03-25,Consumer
CUST-15356,Noah Barnes,noah.barnes550@proton.me,+1-958-995-6201,849 Maple Rd,Boston,MA,43865,United States,2024-10-31,Consumer
CUST-15357,Kelly Ramos,kelly.ramos885@proton.me,+1-587-566-1848,3675 Park Blvd,Gresham,OR,25762,United States,2024-11-23,Consumer
CUST-15358,Sophia Davis,sophia.davis537@icloud.com,+1-722-352-8146,8913 Maple Rd,Knoxville,TN,82710,United States,2026-05-10,Corporate
CUST-15359,William Torres,william.torres424@outlook.com,+1-249-695-7972,7830 Highland Dr,Provo,UT,28780,United States,2025-10-23,Consumer
CUST-15360,Benjamin Hamilton,benjamin.hamilton916@bizmail.io,+1-344-576-1257,544 Washington Ave,Tuscaloosa,AL,66789,United States,2025-10-31,Corporate
CUST-15361,Henry Mendoza,henry.mendoza613@outlook.com,+1-874-415-2956,5779 Oak Ave,Lowell,MA,44205,United States,2023-07-12,Consumer
CUST-15362,Albert Mcdonald,albert.mcdonald212@yahoo.com,+1-433-537-8512,1262 Highland Dr,Owensboro,KY,77182,United States,2025-12-22,Consumer
CUST-15363,Danielle Sullivan,danielle.sullivan429@proton.me,+1-719-719-2405,8715 Sunset Way,Huntsville,AL,73432,United States,2024-01-12,Corporate
CUST-15364,Lauren Long,lauren.long729@bizmail.io,+1-279-335-6822,5691 Lakeview Ave,Phoenix,AZ,95205,United States,2026-04-17,Consumer
CUST-15365,Carl Ortiz,carl.ortiz500@outlook.com,+1-629-472-1955,9060 Cedar Blvd,Milwaukee,WI,97828,United States,2025-04-26,Consumer
CUST-15366,Brandon Turner,brandon.turner544@proton.me,+1-904-520-2391,1025 Sunset Way,Buffalo,NY,77825,United States,2024-11-15,Consumer
CUST-15367,Benjamin Fisher,benjamin.fisher511@gmail.com,+1-399-958-9315,1222 Sunset Way,Birmingham,AL,51084,United States,2024-04-18,Consumer
CUST-15368,Dorothy Thomas,dorothy.thomas761@corporate.com,+1-536-496-4822,7389 Main St,Worcester,MA,82554,United States,2026-05-12,Consumer
CUST-15369,Tyler Tucker,tyler.tucker673@outlook.com,+1-336-468-8291,6776 Oak Ave,Carmel,IN,70165,United States,2025-05-30,Small Business
CUST-15370,Jeffrey Richardson,jeffrey.richardson707@corporate.com,+1-244-298-4634,1768 Main St,Chattanooga,TN,94358,United States,2023-06-01,Corporate
CUST-15371,Joyce King,joyce.king950@yahoo.com,+1-521-972-9068,1840 Sunset Way,Norfolk,VA,20398,United States,2024-12-13,Small Business
CUST-15372,Christine Wright,christine.wright718@gmail.com,+1-612-742-5258,6804 Washington Ave,Broken Arrow,OK,25327,United States,2025-05-27,Corporate
CUST-15373,Catherine Coleman,catherine.coleman300@outlook.com,+1-851-931-2374,1118 Cedar Blvd,Springfield,MO,14260,United States,2024-05-12,Corporate
CUST-15374,Kelly Roberts,kelly.roberts517@yahoo.com,+1-363-280-3650,5005 Highland Dr,Warren,MI,64396,United States,2024-01-14,Consumer
CUST-15375,Nathan Shaw,nathan.shaw495@outlook.com,+1-324-894-5063,1170 Lakeview Ave,Dallas,TX,56105,United States,2024-09-22,Small Business
CUST-15376,Sara Long,sara.long902@gmail.com,+1-372-713-3618,9549 Park Blvd,West Valley City,UT,87448,United States,2023-06-20,Consumer
CUST-15377,Amanda Jones,amanda.jones88@icloud.com,+1-574-228-4727,3195 Washington Ave,Louisville,KY,94294,United States,2023-08-21,Consumer
CUST-15378,Janice Kelly,janice.kelly583@icloud.com,+1-636-687-8885,4673 Pine St,Madison,WI,74825,United States,2024-10-19,Consumer
CUST-15379,Justin James,justin.james985@proton.me,+1-477-779-8129,8948 Pine St,St. Petersburg,FL,53280,United States,2023-11-19,Consumer
CUST-15380,Beverly Perry,beverly.perry931@yahoo.com,+1-689-711-2808,8063 Oak Ave,Charlotte,NC,32813,United States,2026-03-06,Consumer
CUST-15381,Brenda Cooper,brenda.cooper202@corporate.com,+1-418-377-5457,8177 Main St,Scranton,PA,83530,United States,2024-09-04,Small Business
CUST-15382,Sara Myers,sara.myers982@yahoo.com,+1-369-250-1596,7325 Cedar Blvd,Reno,NV,71526,United States,2024-08-10,Small Business
CUST-15383,Sean Hernandez,sean.hernandez195@hotmail.com,+1-344-451-8765,7273 Washington Ave,Yonkers,NY,83486,United States,2023-05-28,Consumer
CUST-15384,Ronald Allen,ronald.allen601@yahoo.com,+1-764-691-6579,9498 Main St,Bowie,MD,39101,United States,2023-03-26,Consumer
CUST-15385,Sandra Chen,sandra.chen437@hotmail.com,+1-899-989-2888,1193 Sunset Way,Fort Wayne,IN,46131,United States,2024-09-04,Consumer
CUST-15386,Diana Cooper,diana.cooper442@yahoo.com,+1-969-632-4518,8945 Pine St,Boston,MA,12357,United States,2024-03-01,Consumer
CUST-15387,Linda Jenkins,linda.jenkins459@outlook.com,+1-272-775-7096,699 Sunset Way,Nashville,TN,99748,United States,2025-01-14,Consumer
CUST-15388,Aaron Murphy,aaron.murphy409@hotmail.com,+1-826-719-6353,432 Oak Ave,Rochester,NY,46950,United States,2024-09-10,Consumer
CUST-15389,Emma Thomas,emma.thomas380@gmail.com,+1-499-806-4901,5434 Park Blvd,Austin,TX,57985,United States,2026-05-15,Consumer
CUST-15390,Joshua Reynolds,joshua.reynolds255@icloud.com,+1-733-706-3214,8928 Cedar Blvd,Los Angeles,CA,57282,United States,2023-09-10,Corporate
CUST-15391,Ashley Flores,ashley.flores681@bizmail.io,+1-484-868-1741,1006 Park Blvd,Indianapolis,IN,20529,United States,2025-01-23,Consumer
CUST-15392,Jerry Nelson,jerry.nelson181@icloud.com,+1-876-698-7298,779 Lakeview Ave,Stamford,CT,37783,United States,2023-05-29,Consumer
CUST-15393,Dennis Griffin,dennis.griffin936@outlook.com,+1-492-692-3821,2367 Maple Rd,Rockville,MD,45840,United States,2025-08-21,Small Business
CUST-15394,Ethan Hill,ethan.hill260@icloud.com,+1-512-964-4867,2698 Broadway,Tulsa,OK,94105,United States,2023-08-08,Consumer
CUST-15395,Beverly Parker,beverly.parker466@proton.me,+1-584-302-9173,5898 Sunset Way,Aurora,IL,96313,United States,2025-05-27,Consumer
CUST-15396,Amber Jackson,amber.jackson842@yahoo.com,+1-948-727-2366,9509 Lakeview Ave,Atlanta,GA,91679,United States,2023-11-09,Small Business
CUST-15397,Brittany Torres,brittany.torres457@icloud.com,+1-564-816-9065,6170 Maple Rd,Orlando,FL,88585,United States,2024-11-04,Consumer
CUST-15398,Ryan Hill,ryan.hill612@bizmail.io,+1-986-468-9965,691 Main St,Lake Charles,LA,38884,United States,2026-03-29,Corporate
CUST-15399,Joe Reyes,joe.reyes386@yahoo.com,+1-482-557-6629,4517 Lakeview Ave,Cambridge,MA,79940,United States,2024-02-17,Consumer
CUST-15400,Brittany Ward,brittany.ward484@icloud.com,+1-700-350-8018,9310 Cedar Blvd,Covington,KY,94670,United States,2025-08-16,Consumer
CUST-15401,Nicholas Ford,nicholas.ford371@proton.me,+1-906-658-4586,8170 Sunset Way,Toledo,OH,98266,United States,2025-03-21,Consumer
CUST-15402,Dylan Gomez,dylan.gomez230@yahoo.com,+1-348-630-5133,5774 Washington Ave,Jacksonville,FL,53240,United States,2025-12-26,Consumer
CUST-15403,Olivia Price,olivia.price119@bizmail.io,+1-295-570-2422,8945 Cedar Blvd,Rochester,NY,72611,United States,2023-12-06,Small Business
CUST-15404,Laura Reyes,laura.reyes679@proton.me,+1-544-217-3005,3472 Elm St,Spokane,WA,92876,United States,2024-05-12,Corporate
CUST-15405,Bobby Anderson,bobby.anderson89@icloud.com,+1-651-397-3275,487 Broadway,Montgomery,AL,20900,United States,2025-01-19,Consumer
CUST-15406,William Perez,william.perez880@outlook.com,+1-845-640-1644,6601 Sunset Way,Savannah,GA,32930,United States,2023-11-11,Consumer
CUST-15407,Sean Snyder,sean.snyder778@bizmail.io,+1-216-839-7769,4750 Sunset Way,Tucson,AZ,10096,United States,2024-02-04,Small Business
CUST-15408,Ryan Tucker,ryan.tucker987@corporate.com,+1-774-300-3769,9427 Elm St,Broken Arrow,OK,50992,United States,2023-07-23,Consumer
CUST-15409,Daniel Jones,daniel.jones605@icloud.com,+1-738-394-6240,332 Highland Dr,Racine,WI,50002,United States,2025-09-10,Consumer
CUST-15410,Jack Carter,jack.carter306@corporate.com,+1-395-903-3056,1004 Lakeview Ave,Kenosha,WI,89508,United States,2025-09-10,Small Business
CUST-15411,Diana Brown,diana.brown216@outlook.com,+1-442-814-7422,1259 Oak Ave,Eugene,OR,35845,United States,2024-03-11,Consumer
CUST-15412,Emma Lewis,emma.lewis310@hotmail.com,+1-622-541-3412,3243 Highland Dr,Newark,NJ,60508,United States,2025-12-31,Consumer
CUST-15413,Dylan Reynolds,dylan.reynolds29@gmail.com,+1-739-215-1058,4717 Park Blvd,Joliet,IL,86637,United States,2023-04-08,Consumer
CUST-15414,Adam Hernandez,adam.hernandez800@hotmail.com,+1-875-394-2324,3396 Lakeview Ave,Hillsboro,OR,76055,United States,2026-05-05,Small Business
CUST-15415,Gary Walker,gary.walker585@icloud.com,+1-303-980-3637,233 Pine St,Reno,NV,37874,United States,2026-04-18,Corporate
CUST-15416,Dorothy Herrera,dorothy.herrera137@corporate.com,+1-234-982-2399,441 Broadway,Athens,GA,65171,United States,2025-08-08,Small Business
CUST-15417,Donna Woods,donna.woods80@outlook.com,+1-964-855-2548,742 Oak Ave,Greenville,SC,32468,United States,2025-04-03,Small Business
CUST-15418,Mary Coleman,mary.coleman837@hotmail.com,+1-776-693-1428,4712 Broadway,Edmond,OK,74244,United States,2026-02-24,Consumer
CUST-15419,Lawrence Vasquez,lawrence.vasquez696@icloud.com,+1-305-233-1826,9986 Pine St,Gresham,OR,65932,United States,2023-11-06,Consumer
CUST-15420,Vincent Mendez,vincent.mendez402@proton.me,+1-961-444-3694,7847 Oak Ave,Aurora,IL,38142,United States,2024-11-07,Consumer
CUST-15421,Bradley Rivera,bradley.rivera840@outlook.com,+1-400-433-3087,7609 Elm St,San Jose,CA,59547,United States,2024-06-22,Consumer
CUST-15422,  Emma Gutierrez  ,emma.gutierrez966@hotmail.com,+1-964-795-4508,6902 Main St,Atlanta,GA,74955,United States,2023-07-13,Corporate
CUST-15423,Christopher Fisher,christopher.fisher763@gmail.com,+1-696-404-8620,2764 Maple Rd,Chattanooga,TN,39293,United States,2023-07-17,Corporate
CUST-15424,Evelyn Myers,evelyn.myers422@icloud.com,+1-814-321-8273,634 Oak Ave,Winston-Salem,NC,41587,United States,2023-05-11,Corporate
CUST-15425,Madison Mcdonald,madison.mcdonald592@proton.me,+1-652-768-9513,2172 Maple Rd,Miami,FL,28821,United States,2023-05-11,Small Business
CUST-15426,Cynthia Gray,cynthia.gray290@outlook.com,+1-872-334-4730,4879 Maple Rd,Tucson,AZ,38093,United States,2023-06-12,Consumer
CUST-15427,Robert Young,robert.young206@gmail.com,,5629 Park Blvd,Aurora,CO,28496,United States,2024-12-18,Consumer
CUST-15428,Rose Russell,rose.russell137@bizmail.io,+1-464-443-5944,2925 Oak Ave,Colorado Springs,CO,56814,United States,2025-10-22,Consumer
CUST-15429,Madison Castro,madison.castro724@gmail.com,+1-454-921-2642,7231 Highland Dr,Orem,UT,36204,United States,2023-07-18,Consumer
CUST-15430,Roger Williams,roger.williams895@bizmail.io,+1-498-960-6661,1917 Broadway,Gresham,OR,97149,United States,2025-07-28,Consumer
CUST-15431,Henry Barnes,henry.barnes989@corporate.com,+1-857-764-6341,9696 Park Blvd,Naperville,IL,74438,United States,2025-10-09,Consumer
CUST-15432,Joyce Washington,joyce.washington622@gmail.com,+1-387-763-3622,7851 Park Blvd,West Jordan,UT,58182,United States,2025-07-13,Consumer
CUST-15433,Philip Bailey,philip.bailey832@proton.me,+1-679-588-4984,4924 Pine St,Allentown,PA,48135,United States,2023-05-12,Corporate
CUST-15434,Carol Hernandez,carol.hernandez688@corporate.com,+1-723-453-6931,2708 Lakeview Ave,Orlando,FL,74273,United States,2026-02-23,Corporate
CUST-15435,Jacob West,jacob.west908@gmail.com,+1-494-629-7007,3824 Elm St,Rochester,MN,32657,United States,2025-09-09,Consumer
CUST-15436,Albert Thomas,albert.thomas397@bizmail.io,+1-665-786-4160,815 Main St,Owensboro,KY,27629,United States,2024-07-09,Consumer
CUST-15437,Deborah Martinez,deborah.martinez952@bizmail.io,+1-674-778-1290,557 Broadway,Cleveland,OH,16390,United States,2024-11-28,Consumer
CUST-15438,Raymond Roberts,raymond.roberts326@gmail.com,+1-783-826-6551,6170 Elm St,Savannah,GA,81207,United States,2025-05-27,Consumer
CUST-15439,Dorothy West,dorothy.west403@icloud.com,+1-272-810-9757,6100 Pine St,Kansas City,MO,16657,United States,2025-09-22,Consumer
CUST-15440,Nathan Jimenez,nathan.jimenez732@corporate.com,+1-343-851-1539,7011 Elm St,Hartford,CT,45510,United States,2023-11-22,Consumer
CUST-15441,Kimberly Perry,kimberly.perry871@icloud.com,+1-694-238-5465,2791 Broadway,Norman,OK,72448,United States,2024-08-16,Consumer
CUST-15442,Carolyn Torres,carolyn.torres974@bizmail.io,+1-260-985-1440,202 Highland Dr,Columbia,MO,67475,United States,2025-02-03,Consumer
CUST-15443,Frank Anderson,frank.anderson835@proton.me,+1-840-686-7528,4035 Broadway,Lakewood,CO,36888,United States,2024-02-18,Consumer
CUST-15444,Sandra Mitchell,sandra.mitchell978@icloud.com,+1-868-419-8047,864 Washington Ave,Stamford,CT,48941,United States,2025-04-29,Consumer
CUST-15445,Virginia Anderson,virginia.anderson520@gmail.com,+1-656-452-8697,3988 Washington Ave,Denver,CO,92569,United States,2025-09-08,Consumer
CUST-15446,Kathleen White,kathleen.white462@corporate.com,,4500 Washington Ave,Hillsboro,OR,94243,United States,2023-12-24,Consumer
CUST-15447,  Alexander Bennett  ,alexander.bennett603@hotmail.com,+1-787-392-5484,4495 Highland Dr,Huntsville,AL,86535,United States,2025-02-01,Corporate
CUST-15448,Willie Jimenez,willie.jimenez201@bizmail.io,+1-824-915-3492,6924 Broadway,Newport News,VA,15720,United States,2025-12-08,Consumer
CUST-15449,Alexander Bennett,alexander.bennett644@hotmail.com,+1-936-553-1712,8641 Broadway,Stamford,CT,,United States,2023-12-01,Small Business
CUST-15450,Jerry Miller,jerry.miller23@yahoo.com,+1-926-974-7237,1380 Washington Ave,Tucson,AZ,44818,United States,2025-02-10,Consumer
CUST-15451,Ronald Murphy,ronald.murphy822@outlook.com,+1-746-231-5403,3697 Cedar Blvd,Cincinnati,OH,52317,United States,2024-04-18,Consumer
CUST-15452,Shirley Bailey,shirley.bailey107@corporate.com,+1-509-799-5478,6912 Oak Ave,Eugene,OR,76938,United States,2024-12-01,Corporate
CUST-15453,Albert Gibson,albert.gibson966@yahoo.com,+1-570-622-8640,5042 Broadway,Kansas City,MO,52972,United States,2024-02-12,Corporate
CUST-15454,Wayne Freeman,wayne.freeman679@gmail.com,+1-633-216-9891,1724 Maple Rd,Baltimore,MD,67523,United States,2024-12-31,Consumer
CUST-15455,Tyler Davis,tyler.davis749@outlook.com,+1-351-471-8174,1196 Pine St,Greenville,SC,79596,United States,2025-07-17,Consumer
CUST-15456,Jeremy Hughes,jeremy.hughes811@gmail.com,+1-993-890-1309,3091 Oak Ave,Eugene,OR,14314,United States,2024-03-19,Consumer
CUST-15457,Jordan Romero,jordan.romero677@hotmail.com,+1-906-770-7711,570 Oak Ave,Sterling Heights,MI,10917,United States,2024-01-19,Consumer
CUST-15458,Andrew Richardson,andrew.richardson432@proton.me,+1-265-344-7089,1188 Washington Ave,Tucson,AZ,53547,United States,2023-12-20,Corporate
CUST-15459,Keith Mendez,keith.mendez815@hotmail.com,+1-383-355-9615,4890 Park Blvd,Erie,PA,24316,United States,2026-04-01,Consumer
CUST-15460,Hannah Ruiz,hannah.ruiz85@hotmail.com,+1-994-752-1358,4605 Pine St,Toledo,OH,79148,United States,2025-09-23,Corporate
CUST-15461,Alexander Harrison,alexander.harrison674@outlook.com,+1-660-340-2532,7417 Oak Ave,Portland,OR,93608,United States,2026-03-13,Consumer
CUST-15462,Betty Campbell,betty.campbell968@hotmail.com,+1-269-797-4211,6502 Broadway,Newport News,VA,75817,United States,2026-03-09,Consumer
CUST-15463,Dennis Mendez,dennis.mendez609@hotmail.com,+1-634-228-8637,8490 Oak Ave,San Antonio,TX,49507,United States,2025-03-27,Corporate
CUST-15464,Alexander Allen,alexander.allen251@proton.me,+1-367-337-3721,3675 Oak Ave,Sparks,NV,96793,United States,2025-10-21,Small Business
CUST-15465,Melissa Edwards,melissa.edwards504@bizmail.io,+1-845-946-1139,4320 Highland Dr,Dallas,TX,50737,United States,2025-12-20,Corporate
CUST-15466,Johnny Ford,johnny.ford819@outlook.com,+1-217-587-1583,5246 Cedar Blvd,Henderson,NV,20244,United States,2023-07-22,Consumer
CUST-15467,Emma Morales,emma.morales365@yahoo.com,+1-333-811-4424,8877 Park Blvd,Waterbury,CT,46290,United States,2025-06-24,Consumer
CUST-15468,Helen Phillips,helen.phillips595@yahoo.com,+1-469-740-8391,6892 Pine St,San Jose,CA,48352,United States,2025-12-25,Consumer
CUST-15469,Mary Chen,mary.chen584@bizmail.io,+1-262-996-7852,9905 Lakeview Ave,New York,NY,79881,United States,2025-06-24,Consumer
CUST-15470,Philip Wells,philip.wells91@yahoo.com,+1-586-376-9352,434 Oak Ave,Eugene,OR,17327,United States,2025-08-02,Corporate
CUST-15471,William Hamilton,william.hamilton117@bizmail.io,+1-575-840-1524,7548 Park Blvd,Henderson,NV,77968,United States,2025-01-21,Consumer
CUST-15472,Sean Porter,sean.porter668@gmail.com,+1-879-542-7974,6025 Elm St,Chandler,AZ,55902,United States,2026-04-24,Consumer
CUST-15473,Jennifer Gonzalez,jennifer.gonzalez94@corporate.com,+1-270-665-3208,7593 Park Blvd,Glendale,AZ,74631,United States,2025-07-28,Consumer
CUST-15474,Austin James,austin.james105@corporate.com,+1-296-275-9845,6770 Highland Dr,New Haven,CT,99011,United States,2024-12-17,Consumer
CUST-15475,Bradley Hall,bradley.hall194@icloud.com,+1-252-225-5834,4597 Highland Dr,Evansville,IN,85567,United States,2025-10-07,Consumer
CUST-15476,Jonathan Bell,jonathan.bell654@yahoo.com,+1-617-620-3042,2008 Sunset Way,Kenosha,WI,,United States,2023-04-28,Consumer
CUST-15477,Richard White,richard.white71@bizmail.io,+1-436-653-8154,6680 Elm St,Edmond,OK,30561,United States,2026-04-20,Consumer
CUST-15478,Joan Robinson,joan.robinson179@gmail.com,+1-395-471-2133,3862 Sunset Way,Reno,NV,73246,United States,2024-07-12,Consumer
CUST-15479,Kyle Foster,kyle.foster498@outlook.com,+1-696-374-6644,9756 Lakeview Ave,Saint Paul,MN,95022,United States,2023-08-19,Consumer
CUST-15480,Frank Olson,frank.olson724@proton.me,+1-276-878-1762,596 Highland Dr,Orlando,FL,25368,United States,2025-03-09,Consumer
CUST-15481,Brian Hunter,brian.hunter545@corporate.com,+1-296-423-2365,1688 Main St,Scranton,PA,45830,United States,2023-06-17,Consumer
CUST-15482,Hannah Miller,hannah.miller925@yahoo.com,+1-370-259-5157,5694 Broadway,Boston,MA,17427,United States,2023-11-12,Consumer
CUST-15483,Alice Castillo,alice.castillo319@proton.me,+1-455-533-5515,6505 Sunset Way,Savannah,GA,96166,United States,2024-04-20,Small Business
CUST-15484,Jerry Hall,jerry.hall205@bizmail.io,+1-438-600-4221,7727 Broadway,Bridgeport,CT,11186,United States,2025-05-03,Small Business
CUST-15485,Philip Martinez,philip.martinez721@gmail.com,+1-948-666-9110,8961 Cedar Blvd,Dallas,TX,18354,United States,2023-07-05,Consumer
CUST-15486,Melissa Bell,melissa.bell280@proton.me,+1-573-658-6743,3739 Oak Ave,warren,MI,61973,United States,2026-01-21,Consumer
CUST-15487,Virginia Barnes,virginia.barnes878@outlook.com,+1-685-526-8282,1260 Pine St,Kenosha,WI,50608,United States,2023-04-13,Consumer
CUST-15488,Amanda Myers,amanda.myers705@corporate.com,+1-553-407-9119,9397 Pine St,Rockford,IL,22806,United States,2024-06-14,Consumer
CUST-15489,Thomas Bennett,thomas.bennett548@hotmail.com,+1-791-375-8284,2716 Elm St,Fort Collins,CO,64667,United States,2023-04-28,Consumer
CUST-15490,Carol Murray,carol.murray39@outlook.com,+1-392-233-9543,9664 Lakeview Ave,Salem,OR,45963,United States,2025-05-09,Consumer
CUST-15491,Louis Henry,louis.henry117@proton.me,+1-237-309-1781,2533 Broadway,Akron,OH,67673,United States,2024-10-31,Consumer
CUST-15492,Emma King,emma.king51@yahoo.com,+1-652-694-5263,1699 Highland Dr,Syracuse,NY,49668,United States,2026-02-06,Consumer
CUST-15493,Emily Ramos,emily.ramos16@corporate.com,+1-916-927-8396,605 Broadway,Virginia Beach,VA,24656,United States,2023-03-29,Corporate
CUST-15494,Doris Taylor,doris.taylor893@icloud.com,+1-505-938-8491,9230 Park Blvd,Lafayette,LA,85727,United States,2026-01-01,Consumer
CUST-15495,Walter Cooper,walter.cooper945@gmail.com,+1-911-672-3406,2032 Lakeview Ave,Lowell,MA,37390,United States,2024-03-25,Corporate
CUST-15496,Brian Jackson,brian.jackson741@gmail.com,+1-614-958-9404,4244 Washington Ave,Clarksville,TN,13661,United States,2025-08-25,Consumer
CUST-15497,Amy Cox,amy.cox205@proton.me,+1-725-946-8520,3260 Oak Ave,Bloomington,MN,60729,United States,2024-05-12,Consumer
CUST-15498,Carolyn Kelly,carolyn.kelly491@hotmail.com,+1-527-617-5764,5216 Cedar Blvd,Trenton,NJ,60151,United States,2025-05-27,Consumer
CUST-15499,Jacqueline Lewis,jacqueline.lewis217@corporate.com,+1-712-390-4592,3959 Broadway,West Jordan,UT,20193,United States,2024-04-26,Corporate
CUST-15500,William Howard,william.howard405@bizmail.io,+1-504-234-8703,2283 Pine St,Sacramento,CA,48389,United States,2024-01-01,Corporate
CUST-10376,Anthony Ortiz,anthony.ortiz326@icloud.com,+1-453-955-5655,7360 Broadway,El Paso,TX,61097,United States,2025-07-17,Consumer
CUST-10891,Pamela Gray,pamela.gray290@proton.me,+1-475-875-5104,302 Oak Ave,Seattle,WA,90681,United States,2023-03-19,Consumer
CUST-14209,Victoria Gray,victoria.gray108@hotmail.com,+1-960-748-6064,4681 Oak Ave,Cleveland,OH,26668,United States,2025-05-22,Consumer
CUST-13914,Rebecca Miller,rebecca.miller116@hotmail.com,+1-306-354-8712,2919 Elm St,Austin,TX,35669,United States,2026-04-21,Consumer
CUST-15113,Shirley Mason,shirley.mason484@hotmail.com,+1-536-665-9228,4396 Pine St,Madison,WI,10648,United States,2024-12-25,Consumer
CUST-15091,Rose Castillo,rose.castillo649@proton.me,+1-994-566-3565,2877 Highland Dr,Covington,KY,97374,United States,2026-01-22,Consumer
CUST-14956,Betty Walker,betty.walker81@icloud.com,+1-228-917-6284,1315 Main St,Reading,PA,85225,United States,2023-04-14,Consumer
CUST-13959,Amanda Webb,amanda.webb344@gmail.com,,3952 Maple Rd,St. Louis,MO,83337,United States,2024-05-13,Consumer
CUST-10839,Dylan Peterson,dylan.peterson453@yahoo.com,+1-897-251-5078,1919 Cedar Blvd,Kenosha,WI,77976,United States,2023-06-12,Consumer
CUST-13999,Pamela Marshall,pamela.marshall600@corporate.com,+1-600-733-3806,3957 Sunset Way,Tulsa,OK,49314,United States,2026-02-13,Consumer
CUST-10182,Timothy Patel,timothy.patel894@icloud.com,+1-959-349-1265,4372 Sunset Way,Phoenix,AZ,83731,United States,2024-08-29,Small Business
CUST-14430,Richard Bryant,richard.bryant971@yahoo.com,+1-595-878-8763,1509 Park Blvd,Rockford,IL,20354,United States,2025-05-12,Consumer
CUST-12082,Ethan Graham,ethan.graham866@bizmail.io,+1-589-503-1408,9095 Cedar Blvd,Mesa,AZ,89070,United States,2025-07-24,Small Business
CUST-14563,Brandon Clark,brandon.clark16@bizmail.io,+1-699-790-6722,1370 Elm St,Nashville,TN,44115,United States,2024-09-09,Consumer
CUST-10667,Jerry Reed,jerry.reed546@yahoo.com,+1-665-258-7039,8595 Main St,Columbus,GA,96451,United States,2025-04-05,Consumer
CUST-12611,Marilyn Simpson,marilyn.simpson342@proton.me,+1-797-963-9322,8215 Highland Dr,Columbus,OH,33869,United States,2025-03-04,Corporate
CUST-11309,Martha Romero,martha.romero498@outlook.com,+1-617-247-4472,3929 Broadway,Paterson,NJ,41119,United States,2025-04-29,Consumer
CUST-14016,Eugene Reed,eugene.reed929@bizmail.io,+1-587-449-6311,1671 Pine St,Mount Pleasant,SC,27618,United States,2024-12-04,Consumer
CUST-13701,Gabriel Roberts,gabriel.roberts761@outlook.com,+1-370-779-1732,6692 Pine St,Covington,KY,88001,United States,2026-04-03,Corporate
CUST-10869,Cynthia Harris,cynthia.harris788@icloud.com,+1-990-950-4876,1827 Maple Rd,Chattanooga,TN,52422,United States,2025-10-26,Corporate
CUST-10593,Randy Gonzales,randy.gonzales620@hotmail.com,+1-237-699-7548,8064 Sunset Way,Broken Arrow,OK,85846,United States,2024-01-31,Consumer
CUST-12941,Sharon Jackson,sharon.jackson788@icloud.com,+1-895-268-5769,179 Highland Dr,Macon,GA,93513,United States,2025-04-27,Consumer
CUST-11329,Lauren Hayes,lauren.hayes134@icloud.com,+1-423-658-2217,9032 Pine St,Rockville,MD,59280,United States,2023-05-09,Consumer
CUST-14042,Jonathan Williams,jonathan.williams301@proton.me,+1-883-418-7371,2596 Highland Dr,Gresham,OR,66715,United States,2023-11-07,Consumer
CUST-12635,Walter Green,walter.green494@corporate.com,+1-588-587-1725,8820 Maple Rd,Durham,NC,61997,United States,2026-05-17,Consumer
CUST-10116,Alexander Porter,alexander.porter176@outlook.com,+1-909-989-3712,7270 Main St,Kenosha,WI,30218,United States,2025-09-05,Consumer
CUST-13816,Aaron Cook,aaron.cook609@bizmail.io,+1-481-560-4116,1138 Sunset Way,Tulsa,OK,97644,United States,2025-03-13,Consumer
